Year,Mineral,HS_Code,Flow,Country,Value_USD,Volume,Market_Share_Pct,Unit_Price,Country_Risk_Raw,Strategic_Vulnerability_Score,Anomaly_Flag,HHI_Risk_Score
2018-2019,Cobalt-MattesIntermediates,75011000,Import,U ARAB EMTS,0.0,100.0,,0.0,4.2,0.0,1,0.0
2018-2019,Cobalt-MattesIntermediates,75011000,Import,U S A,0.0,23.0,,0.0,3.8,0.0,1,0.0
2019-2020,Cobalt-MattesIntermediates,75011000,Import,U ARAB EMTS,0.0,1.0,,0.0,4.2,0.0,1,0.0
2019-2020,Cobalt-MattesIntermediates,75011000,Import,U S A,0.0,3.0,,0.0,3.8,0.0,1,0.0
2020-2021,Cobalt-MattesIntermediates,75011000,Import,U K,0.01,100.0,100.0,0.0001,2.9,29.0,-1,0.0
2020-2021,Cobalt-MattesIntermediates,75011000,Import,U S A,0.0,1.0,0.0,0.0,3.8,0.0,1,0.0
2021-2022,Cobalt-MattesIntermediates,75011000,Import,U K,0.0,50.0,,0.0,2.9,0.0,1,0.0
2021-2022,Cobalt-MattesIntermediates,75011000,Import,U S A,0.0,3.0,,0.0,3.8,0.0,1,0.0
2022-2023,Cobalt-MattesIntermediates,75011000,Import,CHINA P RP,0.0,75.0,,0.0,5.3,0.0,1,0.0
2022-2023,Cobalt-MattesIntermediates,75011000,Import,U K,0.0,25.0,,0.0,2.9,0.0,1,0.0
2022-2023,Cobalt-MattesIntermediates,75011000,Import,U S A,0.0,1.0,,0.0,3.8,0.0,1,0.0
2023-2024,Cobalt-MattesIntermediates,75011000,Import,CHINA P RP,0.0,1.0,,0.0,5.3,0.0,1,0.0
2023-2024,Cobalt-MattesIntermediates,75011000,Import,SINGAPORE,0.0,1.0,,0.0,2.3,0.0,1,0.0
2023-2024,Cobalt-MattesIntermediates,75011000,Import,U K,0.0,1.0,,0.0,2.9,0.0,1,0.0
2024-2025,Cobalt-MattesIntermediates,75011000,Import,SINGAPORE,0.0,1.0,,0.0,2.3,0.0,1,0.0
2018-2019,Copper,26030000,Import,AUSTRALIA,294.09,123723980.0,16.77083452137912,2.3769846395177393e-06,1.6,2.683333523420659,1,2128.5687245437975
2018-2019,Copper,26030000,Import,BRAZIL,33.85,16569000.0,1.9303367967244152,2.042971814834933e-06,5.7,1.1002919741329167,1,2128.5687245437975
2018-2019,Copper,26030000,Import,CANADA,0.0,1.0,,0.0,1.5,0.0,1,2128.5687245437975
2018-2019,Copper,26030000,Import,CHILE,775.19,428117500.0,44.20613829993499,1.8106944939181417e-06,3.1,13.703902872979848,1,2128.5687245437975
2018-2019,Copper,26030000,Import,CHINA P RP,0.0,1.0,,0.0,5.3,0.0,1,2128.5687245437975
2018-2019,Copper,26030000,Import,CONGO D. REP.,0.0,1.0,,0.0,8.9,0.0,1,2128.5687245437975
2018-2019,Copper,26030000,Import,CONGO P REP,0.0,1.0,,0.0,5.5,0.0,1,2128.5687245437975
2018-2019,Copper,26030000,Import,GEORGIA,0.0,1.0,,0.0,5.5,0.0,1,2128.5687245437975
2018-2019,Copper,26030000,Import,GERMANY,0.0,1.0,,0.0,2.1,0.0,1,2128.5687245437975
2018-2019,Copper,26030000,Import,INDONESIA,393.82,125780000.0,22.458057231492145,3.1310224200985847e-06,5.4,12.127350905005759,1,2128.5687245437975
2018-2019,Copper,26030000,Import,LAO PD RP,0.0,1.0,,0.0,5.5,0.0,1,2128.5687245437975
2018-2019,Copper,26030000,Import,MADAGASCAR,0.03,27000.0,0.0017107859350585,1.111111111111111e-06,6.6,0.00112911871713861,1,2128.5687245437975
2018-2019,Copper,26030000,Import,MEXICO,0.0,1.0,,0.0,5.8,0.0,1,2128.5687245437975
2018-2019,Copper,26030000,Import,PAPUA N GNA,0.0,1.0,,0.0,5.5,0.0,1,2128.5687245437975
2018-2019,Copper,26030000,Import,PERU,154.4,68374192.0,8.804844945768085,2.258161968480739e-06,5.7,5.018761619087809,1,2128.5687245437975
2018-2019,Copper,26030000,Import,PHILIPPINES,27.61,10731050.0,1.5744933222322333,2.5729075905899235e-06,6.5,1.0234206594509516,1,2128.5687245437975
2018-2019,Copper,26030000,Import,SAUDI ARAB,60.49,41280000.0,3.4495147070564216,1.465358527131783e-06,5.5,1.8972330888810318,1,2128.5687245437975
2018-2019,Copper,26030000,Import,THAILAND,14.1,9335000.0,0.8040693894775259,1.5104445634708088e-06,5.8,0.466360245896965,1,2128.5687245437975
2018-2019,Copper,26030000,Import,TURKEY,0.0,1.0,,0.0,6.2,0.0,1,2128.5687245437975
2018-2019,Copper,26030000,Import,U S A,0.0,45.0,0.0,0.0,3.8,0.0,1,2128.5687245437975
2019-2020,Copper,26030000,Import,AUSTRALIA,87.16,71973000.0,7.113069735177705,1.2110096841871258e-06,1.6,1.1380911576284327,1,2128.5687245437975
2019-2020,Copper,26030000,Import,BRAZIL,0.0,1.0,,0.0,5.7,0.0,1,2128.5687245437975
2019-2020,Copper,26030000,Import,CANADA,37.12,20398000.0,3.0293385563308446,1.81978625355427e-06,1.5,0.45440078344962664,1,2128.5687245437975
2019-2020,Copper,26030000,Import,CHILE,794.02,520728000.0,64.79944505651447,1.524826780968183e-06,3.1,20.087827967519488,1,2128.5687245437975
2019-2020,Copper,26030000,Import,ETHIOPIA,0.01,25000.0,0.0008160933610805,4e-07,5.5,0.000448851348594275,1,2128.5687245437975
2019-2020,Copper,26030000,Import,INDONESIA,69.85,30150000.0,5.700412127147345,2.3167495854063018e-06,5.4,3.078222548659567,1,2128.5687245437975
2019-2020,Copper,26030000,Import,MADAGASCAR,0.0,1.0,,0.0,6.6,0.0,1,2128.5687245437975
2019-2020,Copper,26030000,Import,NIGERIA,0.01,10000.0,0.0008160933610805,1e-06,5.5,0.000448851348594275,1,2128.5687245437975
2019-2020,Copper,26030000,Import,PANAMA REPUBLIC,32.87,29119000.0,2.682498877871629,1.1288162368213193e-06,5.5,1.475374382829396,1,2128.5687245437975
2019-2020,Copper,26030000,Import,PERU,122.96,97175000.0,10.034683967845922,1.2653460252122459e-06,5.7,5.719769861672176,1,2128.5687245437975
2019-2020,Copper,26030000,Import,PHILIPPINES,21.87,10659250.0,1.78479618068307,2.0517390998428594e-06,6.5,1.1601175174439955,1,2128.5687245437975
2019-2020,Copper,26030000,Import,SAUDI ARAB,43.94,31389000.0,3.5859142285877508,1.399853451846188e-06,5.5,1.9722528257232628,1,2128.5687245437975
2019-2020,Copper,26030000,Import,TANZANIA REP,0.0,26.0,0.0,0.0,6.5,0.0,1,2128.5687245437975
2019-2020,Copper,26030000,Import,THAILAND,15.54,9929000.0,1.2682090831191088,1.5651122973109073e-06,5.8,0.7355612682090831,1,2128.5687245437975
2019-2020,Copper,26030000,Import,U S A,0.0,1.0,0.0,0.0,3.8,0.0,1,2128.5687245437975
2020-2021,Copper,26030000,Import,AUSTRALIA,0.0,1.0,,0.0,1.6,0.0,1,2128.5687245437975
2020-2021,Copper,26030000,Import,BOSNIA-HRZGOVIN,0.01,2000.0,0.0012552879002799,5e-06,5.5,0.000690408345153945,1,2128.5687245437975
2020-2021,Copper,26030000,Import,CANADA,39.25,20386000.0,4.927005008598722,1.9253409202393798e-06,1.5,0.7390507512898082,1,2128.5687245437975
2020-2021,Copper,26030000,Import,CHILE,391.62,245238000.0,49.15958475076258,1.5968977075330903e-06,3.1,15.2394712727364,1,2128.5687245437975
2020-2021,Copper,26030000,Import,ETHIOPIA,0.0,1.0,,0.0,5.5,0.0,1,2128.5687245437975
2020-2021,Copper,26030000,Import,INDONESIA,289.29,119609000.0,36.31422366719808,2.418630705047279e-06,5.4,19.609680780286965,1,2128.5687245437975
2020-2021,Copper,26030000,Import,MALAYSIA,53.52,19821000.0,6.718300842298182,2.700166490086272e-06,4.5,3.023235379034182,1,2128.5687245437975
2020-2021,Copper,26030000,Import,NIGERIA,0.0,1.0,,0.0,5.5,0.0,1,2128.5687245437975
2020-2021,Copper,26030000,Import,PANAMA REPUBLIC,0.0,1.0,,0.0,5.5,0.0,1,2128.5687245437975
2020-2021,Copper,26030000,Import,PERU,0.0,1.0,,0.0,5.7,0.0,1,2128.5687245437975
2020-2021,Copper,26030000,Import,PHILIPPINES,0.0,1.0,,0.0,6.5,0.0,1,2128.5687245437975
2020-2021,Copper,26030000,Import,SAUDI ARAB,22.9,10046000.0,2.874609291641037,2.2795142345212024e-06,5.5,1.5810351104025704,1,2128.5687245437975
2020-2021,Copper,26030000,Import,TANZANIA REP,0.0,1.0,,0.0,6.5,0.0,1,2128.5687245437975
2020-2021,Copper,26030000,Import,THAILAND,0.0,1.0,,0.0,5.8,0.0,1,2128.5687245437975
2020-2021,Copper,26030000,Import,U K,0.03,23790.0,0.0037658637008397,1.2610340479192938e-06,2.9,0.0010921004732435129,1,2128.5687245437975
2020-2021,Copper,26030000,Import,U S A,0.01,10295.0,0.0012552879002799,9.713453132588635e-07,3.8,0.00047700940210636196,1,2128.5687245437975
2021-2022,Copper,26030000,Import,AUSTRALIA,563.97,111473890.0,18.74482744867333,5.059211623457296e-06,1.6,2.999172391787733,-1,2128.5687245437975
2021-2022,Copper,26030000,Import,BOSNIA-HRZGOVIN,0.0,1.0,,0.0,5.5,0.0,1,2128.5687245437975
2021-2022,Copper,26030000,Import,BRAZIL,89.55,30532208.0,2.976398209175483,2.9329683591831944e-06,5.7,1.6965469792300252,1,2128.5687245437975
2021-2022,Copper,26030000,Import,CANADA,120.43,30902340.0,4.002765341496409,3.897115881839369e-06,1.5,0.6004148012244613,1,2128.5687245437975
2021-2022,Copper,26030000,Import,CHILE,912.81,375188510.0,30.339319367029283,2.4329369788003366e-06,3.1,9.405189003779078,-1,2128.5687245437975
2021-2022,Copper,26030000,Import,CHINA P RP,0.01,60.0,0.0003323727760106,0.00016666666666666666,5.3,0.000176157571285618,1,2128.5687245437975
2021-2022,Copper,26030000,Import,CONGO P REP,0.04,25000.0,0.0013294911040426,1.6e-06,5.5,0.00073122010722343,1,2128.5687245437975
2021-2022,Copper,26030000,Import,INDONESIA,615.58,205139870.0,20.46020334566436,3.0007818567887367e-06,5.4,11.048509806658755,-1,2128.5687245437975
2021-2022,Copper,26030000,Import,IRAN,0.0,250.0,0.0,0.0,5.5,0.0,1,2128.5687245437975
2021-2022,Copper,26030000,Import,MALAYSIA,0.0,1.0,,0.0,4.5,0.0,1,2128.5687245437975
2021-2022,Copper,26030000,Import,PANAMA REPUBLIC,239.59,91635952.0,7.963319340439463,2.614585157580946e-06,5.5,4.379825637241704,1,2128.5687245437975
2021-2022,Copper,26030000,Import,PERU,346.15,120062090.0,11.50508364160908,2.883091573701574e-06,5.7,6.557897675717176,1,2128.5687245437975
2021-2022,Copper,26030000,Import,SAUDI ARAB,99.44,44550792.0,3.305114884650028,2.23205908438171e-06,5.5,1.8178131865575153,1,2128.5687245437975
2021-2022,Copper,26030000,Import,THAILAND,21.08,9424080.0,0.7006418118304765,2.2368231169514686e-06,5.8,0.40637225086167633,1,2128.5687245437975
2021-2022,Copper,26030000,Import,U K,0.0,1.0,0.0,0.0,2.9,0.0,1,2128.5687245437975
2021-2022,Copper,26030000,Import,U S A,0.02,3.0,0.0006647455520213,0.006666666666666667,3.8,0.000252603309768094,1,2128.5687245437975
2022-2023,Copper,26030000,Import,AUSTRALIA,449.76,102379340.0,13.187895847994367,4.393073836967498e-06,1.6,2.110063335679099,-1,2128.5687245437975
2022-2023,Copper,26030000,Import,BRAZIL,46.62,20417844.0,1.3669950738916254,2.28329690441361e-06,5.7,0.7791871921182265,1,2128.5687245437975
2022-2023,Copper,26030000,Import,CANADA,99.35,29877710.0,2.9131480178278206,3.3252213774081076e-06,1.5,0.4369722026741731,1,2128.5687245437975
2022-2023,Copper,26030000,Import,CHILE,904.91,400155550.0,26.53383767300023,2.2613955997861333e-06,3.1,8.225489678630073,1,2128.5687245437975
2022-2023,Copper,26030000,Import,CHINA P RP,0.0,1.0,,0.0,5.3,0.0,1,2128.5687245437975
2022-2023,Copper,26030000,Import,COLOMBIA,9.79,511528.0,0.2870631011025099,1.9138737273423938e-05,5.5,0.15788470560638043,1,2128.5687245437975
2022-2023,Copper,26030000,Import,CONGO P REP,0.0,1.0,,0.0,5.5,0.0,1,2128.5687245437975
2022-2023,Copper,26030000,Import,INDONESIA,909.69,262834780.0,26.67399718508093,3.4610716283438596e-06,5.4,14.403958479943702,1,2128.5687245437975
2022-2023,Copper,26030000,Import,IRAN,0.0,1.0,,0.0,5.5,0.0,1,2128.5687245437975
2022-2023,Copper,26030000,Import,MALAYSIA,142.5,31439672.0,4.178395496129486,4.532490033611038e-06,4.5,1.8802779732582686,1,2128.5687245437975
2022-2023,Copper,26030000,Import,MEXICO,0.0,10.0,0.0,0.0,5.8,0.0,1,2128.5687245437975
2022-2023,Copper,26030000,Import,PANAMA REPUBLIC,203.73,90886792.0,5.9737860661505975,2.241579832633987e-06,5.5,3.2855823363828285,1,2128.5687245437975
2022-2023,Copper,26030000,Import,PAPUA N GNA,167.42,49105440.0,4.909101571663148,3.4093982255326496e-06,5.5,2.7000058644147313,1,2128.5687245437975
2022-2023,Copper,26030000,Import,PERU,390.56,162446130.0,11.452029087497069,2.4042431789541554e-06,5.7,6.527656579873328,1,2128.5687245437975
2022-2023,Copper,26030000,Import,SAUDI ARAB,0.0,1.0,,0.0,5.5,0.0,1,2128.5687245437975
2022-2023,Copper,26030000,Import,TAIWAN,65.56,19374000.0,1.922355148956134,3.383916589243316e-06,5.5,1.0572953319258738,1,2128.5687245437975
2022-2023,Copper,26030000,Import,THAILAND,0.0,1.0,,0.0,5.8,0.0,1,2128.5687245437975
2022-2023,Copper,26030000,Import,TURKEY,0.0,1780.0,0.0,0.0,6.2,0.0,1,2128.5687245437975
2022-2023,Copper,26030000,Import,U K,0.0,1.0,,0.0,2.9,0.0,1,2128.5687245437975
2022-2023,Copper,26030000,Import,U S A,0.0,1.0,,0.0,3.8,0.0,1,2128.5687245437975
2022-2023,Copper,26030000,Import,VIETNAM SOC REP,20.51,9489320.0,0.6013957307060755,2.1613772114334854e-06,5.2,0.31272577996715933,1,2128.5687245437975
2023-2024,Copper,26030000,Import,AUSTRALIA,302.04,74457216.0,9.639953913079555,4.056557795553355e-06,1.6,1.5423926260927288,1,2128.5687245437975
2023-2024,Copper,26030000,Import,BRAZIL,52.26,18672976.0,1.6679379933039915,2.7986968975914713e-06,5.7,0.9507246561832752,1,2128.5687245437975
2023-2024,Copper,26030000,Import,CANADA,135.68,38513580.0,4.330383217211741,3.5229132165849036e-06,1.5,0.6495574825817612,1,2128.5687245437975
2023-2024,Copper,26030000,Import,CHILE,673.47,281283940.0,21.49456946709605,2.3942710700084762e-06,3.1,6.663316534799776,1,2128.5687245437975
2023-2024,Copper,26030000,Import,COLOMBIA,20.09,968824.0,0.6411954513103175,2.0736480516585055e-05,5.5,0.3526574982206746,1,2128.5687245437975
2023-2024,Copper,26030000,Import,INDONESIA,1109.42,324177250.0,35.40841501208026,3.422263591908439e-06,5.4,19.120544106523344,-1,2128.5687245437975
2023-2024,Copper,26030000,Import,MALAYSIA,51.69,10228560.0,1.649745787866118,5.053497266477393e-06,4.5,0.7423856045397531,1,2128.5687245437975
2023-2024,Copper,26030000,Import,MEXICO,0.0,1.0,,0.0,5.8,0.0,1,2128.5687245437975
2023-2024,Copper,26030000,Import,MOROCCO,0.04,229180.0,0.0012766459956402,1.7453529976437735e-07,5.7,0.0007276882175149141,1,2128.5687245437975
2023-2024,Copper,26030000,Import,NAMIBIA,24.44,9460876.0,0.7800307033361952,2.583270301819832e-06,5.2,0.4056159657348215,1,2128.5687245437975
2023-2024,Copper,26030000,Import,PANAMA REPUBLIC,134.6,60459772.0,4.295913775329454,2.226273694846219e-06,5.5,2.362752576431199,1,2128.5687245437975
2023-2024,Copper,26030000,Import,PAPUA N GNA,203.49,58935600.0,6.4946173413208825,3.452751817237799e-06,5.5,3.572039537726485,1,2128.5687245437975
2023-2024,Copper,26030000,Import,PERU,211.73,99396672.0,6.757606416422774,2.1301518022655726e-06,5.7,3.8518356573609807,1,2128.5687245437975
2023-2024,Copper,26030000,Import,PHILIPPINES,140.41,30590856.0,4.481346606196201,4.589933671682806e-06,6.5,2.9128752940275304,1,2128.5687245437975
2023-2024,Copper,26030000,Import,SOUTH AFRICA,0.86,225000.0,0.0274478889062654,3.8222222222222224e-06,6.0,0.01646873334375924,1,2128.5687245437975
2023-2024,Copper,26030000,Import,TAIWAN,0.0,1.0,,0.0,5.5,0.0,1,2128.5687245437975
2023-2024,Copper,26030000,Import,TANZANIA REP,72.99,8700619.0,2.329559780544553,8.389058295737348e-06,6.5,1.5142138573539596,1,2128.5687245437975
2023-2024,Copper,26030000,Import,TURKEY,0.0,1.0,,0.0,6.2,0.0,1,2128.5687245437975
2023-2024,Copper,26030000,Import,VIETNAM SOC REP,0.0,1.0,,0.0,5.2,0.0,1,2128.5687245437975
2023-2024,Copper,26030000,Import,ZAMBIA,0.0,37.0,0.0,0.0,6.8,0.0,1,2128.5687245437975
2024-2025,Copper,26030000,Import,AUSTRALIA,669.63,156092506.0,17.400218272528843,4.289956111025599e-06,1.6,2.784034923604615,1,2128.5687245437975
2024-2025,Copper,26030000,Import,BRAZIL,22.16,9132930.0,0.5758237189481343,2.426384522820168e-06,5.7,0.3282195198004366,1,2128.5687245437975
2024-2025,Copper,26030000,Import,CANADA,207.8,59128494.0,5.399646606381873,3.514380055071249e-06,1.5,0.8099469909572811,1,2128.5687245437975
2024-2025,Copper,26030000,Import,CHILE,1366.14,554056770.0,35.49890863735578,2.465704010800193e-06,3.1,11.004661677580293,-1,2128.5687245437975
2024-2025,Copper,26030000,Import,COLOMBIA,0.0,1.0,,0.0,5.5,0.0,1,2128.5687245437975
2024-2025,Copper,26030000,Import,FRANCE,0.0,43.0,0.0,0.0,2.3,0.0,1,2128.5687245437975
2024-2025,Copper,26030000,Import,INDONESIA,727.89,166114598.0,18.9140941690053,4.3818545074527406e-06,5.4,10.213610851262862,-1,2128.5687245437975
2024-2025,Copper,26030000,Import,MALAYSIA,0.0,1.0,,0.0,4.5,0.0,1,2128.5687245437975
2024-2025,Copper,26030000,Import,MOROCCO,0.0,1.0,,0.0,5.7,0.0,1,2128.5687245437975
2024-2025,Copper,26030000,Import,MOZAMBIQUE,0.07,26400.0,0.0018189377403596,2.651515151515152e-06,7.8,0.0014187714374804881,1,2128.5687245437975
2024-2025,Copper,26030000,Import,NAMIBIA,37.79,13719650.0,0.9819665315455772,2.75444344425696e-06,5.2,0.5106225964037001,1,2128.5687245437975
2024-2025,Copper,26030000,Import,PANAMA REPUBLIC,0.0,1.0,,0.0,5.5,0.0,1,2128.5687245437975
2024-2025,Copper,26030000,Import,PAPUA N GNA,74.94,19740240.0,1.947302775179295,3.7963064278853753e-06,5.5,1.0710165263486124,1,2128.5687245437975
2024-2025,Copper,26030000,Import,PERU,424.2,159608912.0,11.022762706579355,2.657746329352837e-06,5.7,6.282974742750232,1,2128.5687245437975
2024-2025,Copper,26030000,Import,PHILIPPINES,0.03,59370.0,0.0007795447458684,5.053057099545225e-07,6.5,0.00050670408481446,1,2128.5687245437975
2024-2025,Copper,26030000,Import,SOUTH AFRICA,0.0,1.0,,0.0,6.0,0.0,1,2128.5687245437975
2024-2025,Copper,26030000,Import,TANZANIA REP,274.5,32818151.0,7.132834424695977,8.364273782517485e-06,6.5,4.636342376052385,1,2128.5687245437975
2024-2025,Copper,26030000,Import,U S A,43.25,5093651.0,1.1238436752936285,8.490962572818594e-06,3.8,0.4270605966115788,1,2128.5687245437975
2024-2025,Copper,26030000,Import,ZAMBIA,0.0,90.0,0.0,0.0,6.8,0.0,1,2128.5687245437975
2018-2019,Graphite-ArtificialGraphite,38011000,Import,AUSTRALIA,0.01,13407.0,0.0328947368421052,7.458790184232118e-07,1.6,0.0052631578947368324,1,5703.2022386890185
2018-2019,Graphite-ArtificialGraphite,38011000,Import,AUSTRIA,0.02,16000.0,0.0657894736842105,1.25e-06,5.5,0.03618421052631578,1,5703.2022386890185
2018-2019,Graphite-ArtificialGraphite,38011000,Import,BAHARAIN IS,0.0,18000.0,0.0,0.0,5.5,0.0,1,5703.2022386890185
2018-2019,Graphite-ArtificialGraphite,38011000,Import,BELGIUM,0.03,2340.0,0.0986842105263157,1.282051282051282e-05,5.5,0.05427631578947363,1,5703.2022386890185
2018-2019,Graphite-ArtificialGraphite,38011000,Import,BHUTAN,0.0,20000.0,0.0,0.0,5.5,0.0,1,5703.2022386890185
2018-2019,Graphite-ArtificialGraphite,38011000,Import,BRAZIL,0.0,1.0,,0.0,5.7,0.0,1,5703.2022386890185
2018-2019,Graphite-ArtificialGraphite,38011000,Import,CANADA,0.0,10.0,0.0,0.0,1.5,0.0,1,5703.2022386890185
2018-2019,Graphite-ArtificialGraphite,38011000,Import,CHINA P RP,18.83,13389116.0,61.94078947368421,1.4063661857885164e-06,5.3,32.82861842105263,-1,5703.2022386890185
2018-2019,Graphite-ArtificialGraphite,38011000,Import,DENMARK,0.0,1.0,,0.0,5.5,0.0,1,5703.2022386890185
2018-2019,Graphite-ArtificialGraphite,38011000,Import,EGYPT A RP,0.0,15.0,0.0,0.0,5.5,0.0,1,5703.2022386890185
2018-2019,Graphite-ArtificialGraphite,38011000,Import,FRANCE,0.56,70604.0,1.842105263157895,7.93156195116424e-06,2.3,0.42368421052631583,1,5703.2022386890185
2018-2019,Graphite-ArtificialGraphite,38011000,Import,GERMANY,1.35,365881.0,4.440789473684212,3.6897242546073727e-06,2.1,0.9325657894736846,1,5703.2022386890185
2018-2019,Graphite-ArtificialGraphite,38011000,Import,HONG KONG,0.1,142023.0,0.3289473684210526,7.041113059152391e-07,3.5,0.1151315789473684,1,5703.2022386890185
2018-2019,Graphite-ArtificialGraphite,38011000,Import,INDONESIA,0.01,25000.0,0.0328947368421052,4e-07,5.4,0.017763157894736807,1,5703.2022386890185
2018-2019,Graphite-ArtificialGraphite,38011000,Import,ITALY,0.09,20346.0,0.2960526315789474,4.4234739015039805e-06,3.6,0.10657894736842106,1,5703.2022386890185
2018-2019,Graphite-ArtificialGraphite,38011000,Import,JAPAN,2.91,406795.0,9.572368421052632,7.153480254182082e-06,2.0,1.9144736842105263,-1,5703.2022386890185
2018-2019,Graphite-ArtificialGraphite,38011000,Import,KOREA RP,0.08,6997.0,0.2631578947368421,1.1433471487780478e-05,2.8,0.07368421052631578,1,5703.2022386890185
2018-2019,Graphite-ArtificialGraphite,38011000,Import,MALAYSIA,0.94,1634022.0,3.0921052631578947,5.752676524551076e-07,4.5,1.3914473684210527,1,5703.2022386890185
2018-2019,Graphite-ArtificialGraphite,38011000,Import,MEXICO,0.0,249.0,0.0,0.0,5.8,0.0,1,5703.2022386890185
2018-2019,Graphite-ArtificialGraphite,38011000,Import,NETHERLAND,0.07,12930.0,0.2302631578947368,5.413766434648105e-06,5.5,0.12664473684210525,1,5703.2022386890185
2018-2019,Graphite-ArtificialGraphite,38011000,Import,NORWAY,2.39,2846000.0,7.861842105263158,8.397751229796206e-07,1.1,0.8648026315789474,1,5703.2022386890185
2018-2019,Graphite-ArtificialGraphite,38011000,Import,OMAN,0.07,251966.0,0.2302631578947368,2.778152607891541e-07,5.5,0.12664473684210525,1,5703.2022386890185
2018-2019,Graphite-ArtificialGraphite,38011000,Import,POLAND,0.42,571000.0,1.381578947368421,7.355516637478109e-07,5.5,0.7598684210526316,1,5703.2022386890185
2018-2019,Graphite-ArtificialGraphite,38011000,Import,SINGAPORE,0.08,140000.0,0.2631578947368421,5.714285714285714e-07,2.3,0.06052631578947367,1,5703.2022386890185
2018-2019,Graphite-ArtificialGraphite,38011000,Import,SPAIN,0.0,1.0,,0.0,5.5,0.0,1,5703.2022386890185
2018-2019,Graphite-ArtificialGraphite,38011000,Import,SWEDEN,0.05,16001.0,0.1644736842105263,3.1248046997062687e-06,1.8,0.029605263157894735,1,5703.2022386890185
2018-2019,Graphite-ArtificialGraphite,38011000,Import,SWITZERLAND,0.46,82985.0,1.5131578947368425,5.543170452491414e-06,5.5,0.8322368421052634,1,5703.2022386890185
2018-2019,Graphite-ArtificialGraphite,38011000,Import,THAILAND,0.03,22900.0,0.0986842105263157,1.3100436681222706e-06,5.8,0.0572368421052631,1,5703.2022386890185
2018-2019,Graphite-ArtificialGraphite,38011000,Import,U ARAB EMTS,0.02,7250.0,0.0657894736842105,2.7586206896551725e-06,4.2,0.027631578947368406,1,5703.2022386890185
2018-2019,Graphite-ArtificialGraphite,38011000,Import,U K,0.03,18410.0,0.0986842105263157,1.6295491580662683e-06,2.9,0.02861842105263155,1,5703.2022386890185
2018-2019,Graphite-ArtificialGraphite,38011000,Import,U S A,1.85,833639.0,6.085526315789474,2.219186002574256e-06,3.8,2.3125,1,5703.2022386890185
2019-2020,Graphite-ArtificialGraphite,38011000,Import,AUSTRALIA,0.02,31213.0,0.0785237534354142,6.407586582513697e-07,1.6,0.012563800549666274,1,5703.2022386890185
2019-2020,Graphite-ArtificialGraphite,38011000,Import,AUSTRIA,0.0,2000.0,0.0,0.0,5.5,0.0,1,5703.2022386890185
2019-2020,Graphite-ArtificialGraphite,38011000,Import,BAHARAIN IS,0.0,15000.0,0.0,0.0,5.5,0.0,1,5703.2022386890185
2019-2020,Graphite-ArtificialGraphite,38011000,Import,BELGIUM,0.02,5457.0,0.0785237534354142,3.665017408832692e-06,5.5,0.043188064389477816,1,5703.2022386890185
2019-2020,Graphite-ArtificialGraphite,38011000,Import,BHUTAN,0.01,25000.0,0.0392618767177071,4e-07,5.5,0.021594032194738908,1,5703.2022386890185
2019-2020,Graphite-ArtificialGraphite,38011000,Import,BRAZIL,0.0,1.0,0.0,0.0,5.7,0.0,1,5703.2022386890185
2019-2020,Graphite-ArtificialGraphite,38011000,Import,CANADA,0.01,36.0,0.0392618767177071,0.0002777777777777778,1.5,0.005889281507656065,1,5703.2022386890185
2019-2020,Graphite-ArtificialGraphite,38011000,Import,CHINA P RP,14.68,18414804.0,57.63643502159403,7.971846998751656e-07,5.3,30.547310561444835,-1,5703.2022386890185
2019-2020,Graphite-ArtificialGraphite,38011000,Import,DENMARK,0.0,3000.0,0.0,0.0,5.5,0.0,1,5703.2022386890185
2019-2020,Graphite-ArtificialGraphite,38011000,Import,EGYPT A RP,0.0,1.0,,0.0,5.5,0.0,1,5703.2022386890185
2019-2020,Graphite-ArtificialGraphite,38011000,Import,FRANCE,2.28,373328.0,8.95170789163722,6.107230103287189e-06,2.3,2.05889281507656,1,5703.2022386890185
2019-2020,Graphite-ArtificialGraphite,38011000,Import,GERMANY,0.52,183976.0,2.041617589320769,2.826455624646693e-06,2.1,0.42873969375736154,1,5703.2022386890185
2019-2020,Graphite-ArtificialGraphite,38011000,Import,HONG KONG,0.17,201405.0,0.6674519042010209,8.440704054020506e-07,3.5,0.23360816647035731,1,5703.2022386890185
2019-2020,Graphite-ArtificialGraphite,38011000,Import,INDONESIA,0.01,20000.0,0.0392618767177071,5e-07,5.4,0.02120141342756184,1,5703.2022386890185
2019-2020,Graphite-ArtificialGraphite,38011000,Import,ITALY,0.12,37800.0,0.4711425206124852,3.1746031746031746e-06,3.6,0.16961130742049466,1,5703.2022386890185
2019-2020,Graphite-ArtificialGraphite,38011000,Import,JAPAN,2.67,340644.0,10.482921083627796,7.83809490259626e-06,2.0,2.0965842167255593,1,5703.2022386890185
2019-2020,Graphite-ArtificialGraphite,38011000,Import,KOREA RP,0.31,27995.0,1.2171181782489204,1.1073405965350955e-05,2.8,0.3407930899096977,1,5703.2022386890185
2019-2020,Graphite-ArtificialGraphite,38011000,Import,MALAYSIA,0.27,868040.0,1.060070671378092,3.11045573936685e-07,4.5,0.47703180212014146,1,5703.2022386890185
2019-2020,Graphite-ArtificialGraphite,38011000,Import,MEXICO,0.0,227.0,0.0,0.0,5.8,0.0,1,5703.2022386890185
2019-2020,Graphite-ArtificialGraphite,38011000,Import,NETHERLAND,0.1,27027.0,0.3926187671770711,3.7000037000037003e-06,5.5,0.21594032194738913,1,5703.2022386890185
2019-2020,Graphite-ArtificialGraphite,38011000,Import,NORWAY,2.52,3090500.0,9.893992932862192,8.154020385050963e-07,1.1,1.0883392226148412,1,5703.2022386890185
2019-2020,Graphite-ArtificialGraphite,38011000,Import,OMAN,0.0,1.0,,0.0,5.5,0.0,1,5703.2022386890185
2019-2020,Graphite-ArtificialGraphite,38011000,Import,POLAND,0.07,13107.0,0.2748331370239498,5.340657663843748e-06,5.5,0.1511582253631724,1,5703.2022386890185
2019-2020,Graphite-ArtificialGraphite,38011000,Import,SINGAPORE,0.0,1.0,,0.0,2.3,0.0,1,5703.2022386890185
2019-2020,Graphite-ArtificialGraphite,38011000,Import,SPAIN,0.01,248.0,0.0392618767177071,4.032258064516129e-05,5.5,0.021594032194738908,1,5703.2022386890185
2019-2020,Graphite-ArtificialGraphite,38011000,Import,SWEDEN,0.1,35000.0,0.3926187671770711,2.8571428571428573e-06,1.8,0.07067137809187281,1,5703.2022386890185
2019-2020,Graphite-ArtificialGraphite,38011000,Import,SWITZERLAND,0.15,27745.0,0.5889281507656066,5.406379527842854e-06,5.5,0.3239104829210836,1,5703.2022386890185
2019-2020,Graphite-ArtificialGraphite,38011000,Import,TAIWAN,0.0,200.0,0.0,0.0,5.5,0.0,1,5703.2022386890185
2019-2020,Graphite-ArtificialGraphite,38011000,Import,THAILAND,0.0,1.0,,0.0,5.8,0.0,1,5703.2022386890185
2019-2020,Graphite-ArtificialGraphite,38011000,Import,U ARAB EMTS,0.0,1.0,,0.0,4.2,0.0,1,5703.2022386890185
2019-2020,Graphite-ArtificialGraphite,38011000,Import,U K,0.04,10857.0,0.1570475068708284,3.6842590034079396e-06,2.9,0.04554377699254024,1,5703.2022386890185
2019-2020,Graphite-ArtificialGraphite,38011000,Import,U S A,1.39,514171.0,5.457400863761288,2.703380781879958e-06,3.8,2.0738123282292893,1,5703.2022386890185
2020-2021,Graphite-ArtificialGraphite,38011000,Import,AUSTRALIA,0.01,14000.0,0.0402252614641995,7.142857142857143e-07,1.6,0.006436041834271921,1,5703.2022386890185
2020-2021,Graphite-ArtificialGraphite,38011000,Import,AUSTRIA,0.0,1.0,,0.0,5.5,0.0,1,5703.2022386890185
2020-2021,Graphite-ArtificialGraphite,38011000,Import,BAHARAIN IS,0.0,13000.0,0.0,0.0,5.5,0.0,1,5703.2022386890185
2020-2021,Graphite-ArtificialGraphite,38011000,Import,BELGIUM,0.28,53478.0,1.126307320997587,5.23579789820113e-06,5.5,0.6194690265486729,1,5703.2022386890185
2020-2021,Graphite-ArtificialGraphite,38011000,Import,BHUTAN,0.0,1.0,,0.0,5.5,0.0,1,5703.2022386890185
2020-2021,Graphite-ArtificialGraphite,38011000,Import,BRAZIL,0.0,1.0,,0.0,5.7,0.0,1,5703.2022386890185
2020-2021,Graphite-ArtificialGraphite,38011000,Import,CANADA,0.0,1.0,,0.0,1.5,0.0,1,5703.2022386890185
2020-2021,Graphite-ArtificialGraphite,38011000,Import,CHINA P RP,15.36,20891592.0,61.786001609010455,7.352240078209453e-07,5.3,32.746580852775544,-1,5703.2022386890185
2020-2021,Graphite-ArtificialGraphite,38011000,Import,DENMARK,0.02,10300.0,0.080450522928399,1.941747572815534e-06,5.5,0.04424778761061945,1,5703.2022386890185
2020-2021,Graphite-ArtificialGraphite,38011000,Import,FRANCE,0.63,100029.0,2.534191472244569,6.298173529676394e-06,2.3,0.5828640386162508,1,5703.2022386890185
2020-2021,Graphite-ArtificialGraphite,38011000,Import,GERMANY,0.82,287979.0,3.29847144006436,2.8474298473152555e-06,2.1,0.6926790024135157,1,5703.2022386890185
2020-2021,Graphite-ArtificialGraphite,38011000,Import,HONG KONG,0.23,310080.0,0.925181013676589,7.417440660474716e-07,3.5,0.3238133547868062,1,5703.2022386890185
2020-2021,Graphite-ArtificialGraphite,38011000,Import,INDONESIA,0.0,1.0,,0.0,5.4,0.0,1,5703.2022386890185
2020-2021,Graphite-ArtificialGraphite,38011000,Import,ITALY,0.18,54015.0,0.7240547063555913,3.3324076645376282e-06,3.6,0.2606596942880129,1,5703.2022386890185
2020-2021,Graphite-ArtificialGraphite,38011000,Import,JAPAN,1.81,249451.0,7.280772325020113,7.255934031132367e-06,2.0,1.4561544650040226,1,5703.2022386890185
2020-2021,Graphite-ArtificialGraphite,38011000,Import,KOREA RP,0.22,18246.0,0.8849557522123894,1.2057437246519785e-05,2.8,0.24778761061946902,1,5703.2022386890185
2020-2021,Graphite-ArtificialGraphite,38011000,Import,MALAYSIA,0.25,696000.0,1.005631536604988,3.5919540229885057e-07,4.5,0.45253419147224455,1,5703.2022386890185
2020-2021,Graphite-ArtificialGraphite,38011000,Import,MEXICO,0.0,227.0,0.0,0.0,5.8,0.0,1,5703.2022386890185
2020-2021,Graphite-ArtificialGraphite,38011000,Import,NETHERLAND,0.01,602.0,0.0402252614641995,1.6611295681063124e-05,5.5,0.022123893805309724,1,5703.2022386890185
2020-2021,Graphite-ArtificialGraphite,38011000,Import,NORWAY,2.51,3368000.0,10.096540627514075,7.452494061757719e-07,1.1,1.1106194690265485,1,5703.2022386890185
2020-2021,Graphite-ArtificialGraphite,38011000,Import,POLAND,0.0,5.0,0.0,0.0,5.5,0.0,1,5703.2022386890185
2020-2021,Graphite-ArtificialGraphite,38011000,Import,SINGAPORE,0.0,2.0,0.0,0.0,2.3,0.0,1,5703.2022386890185
2020-2021,Graphite-ArtificialGraphite,38011000,Import,SPAIN,0.0,120.0,0.0,0.0,5.5,0.0,1,5703.2022386890185
2020-2021,Graphite-ArtificialGraphite,38011000,Import,SWEDEN,0.26,77522.0,1.0458567980691875,3.3538866386316145e-06,1.8,0.18825422365245376,1,5703.2022386890185
2020-2021,Graphite-ArtificialGraphite,38011000,Import,SWITZERLAND,0.46,78923.0,1.850362027353178,5.828465719752164e-06,5.5,1.0176991150442478,1,5703.2022386890185
2020-2021,Graphite-ArtificialGraphite,38011000,Import,TAIWAN,0.03,5130.0,0.1206757843925985,5.8479532163742686e-06,5.5,0.06637168141592917,1,5703.2022386890185
2020-2021,Graphite-ArtificialGraphite,38011000,Import,THAILAND,0.0,1.0,0.0,0.0,5.8,0.0,1,5703.2022386890185
2020-2021,Graphite-ArtificialGraphite,38011000,Import,U ARAB EMTS,0.0,145.0,0.0,0.0,4.2,0.0,1,5703.2022386890185
2020-2021,Graphite-ArtificialGraphite,38011000,Import,U K,0.12,115379.0,0.4827031375703942,1.0400506157966354e-06,2.9,0.13998390989541432,1,5703.2022386890185
2020-2021,Graphite-ArtificialGraphite,38011000,Import,U S A,1.66,497985.0,6.677393403057119,3.3334337379639947e-06,3.8,2.537409493161705,1,5703.2022386890185
2021-2022,Graphite-ArtificialGraphite,38011000,Import,AUSTRALIA,0.01,13905.0,0.0230414746543778,7.191657677094571e-07,1.6,0.0036866359447004482,1,5703.2022386890185
2021-2022,Graphite-ArtificialGraphite,38011000,Import,AUSTRIA,0.0,68.0,0.0,0.0,5.5,0.0,1,5703.2022386890185
2021-2022,Graphite-ArtificialGraphite,38011000,Import,BAHARAIN IS,0.0,12000.0,0.0,0.0,5.5,0.0,1,5703.2022386890185
2021-2022,Graphite-ArtificialGraphite,38011000,Import,BELGIUM,1.03,799341.0,2.3732718894009217,1.288561452496494e-06,5.5,1.305299539170507,1,5703.2022386890185
2021-2022,Graphite-ArtificialGraphite,38011000,Import,BRAZIL,0.08,78720.0,0.184331797235023,1.0162601626016261e-06,5.7,0.1050691244239631,1,5703.2022386890185
2021-2022,Graphite-ArtificialGraphite,38011000,Import,CANADA,0.03,1546.0,0.0691244239631336,1.9404915912031046e-05,1.5,0.01036866359447004,1,5703.2022386890185
2021-2022,Graphite-ArtificialGraphite,38011000,Import,CHINA P RP,29.58,24648478.0,68.15668202764978,1.2000740978814188e-06,5.3,36.123041474654386,-1,5703.2022386890185
2021-2022,Graphite-ArtificialGraphite,38011000,Import,DENMARK,0.05,28000.0,0.1152073732718894,1.7857142857142859e-06,5.5,0.06336405529953917,1,5703.2022386890185
2021-2022,Graphite-ArtificialGraphite,38011000,Import,FRANCE,1.27,261399.0,2.926267281105991,4.85847306225349e-06,2.3,0.6730414746543779,1,5703.2022386890185
2021-2022,Graphite-ArtificialGraphite,38011000,Import,GERMANY,1.72,730335.0,3.963133640552995,2.355083626007243e-06,2.1,0.832258064516129,1,5703.2022386890185
2021-2022,Graphite-ArtificialGraphite,38011000,Import,HONG KONG,0.19,190996.0,0.4377880184331797,9.947852311043164e-07,3.5,0.1532258064516129,1,5703.2022386890185
2021-2022,Graphite-ArtificialGraphite,38011000,Import,ITALY,0.33,82185.0,0.7603686635944701,4.015331264829349e-06,3.6,0.27373271889400924,1,5703.2022386890185
2021-2022,Graphite-ArtificialGraphite,38011000,Import,JAPAN,2.22,531919.0,5.11520737327189,4.173567780056738e-06,2.0,1.023041474654378,-1,5703.2022386890185
2021-2022,Graphite-ArtificialGraphite,38011000,Import,KOREA RP,0.46,37810.0,1.0599078341013826,1.2166093626024861e-05,2.8,0.2967741935483871,1,5703.2022386890185
2021-2022,Graphite-ArtificialGraphite,38011000,Import,MALAYSIA,0.75,1596839.0,1.7281105990783412,4.696779074158384e-07,4.5,0.7776497695852536,1,5703.2022386890185
2021-2022,Graphite-ArtificialGraphite,38011000,Import,MEXICO,0.0,1.0,,0.0,5.8,0.0,1,5703.2022386890185
2021-2022,Graphite-ArtificialGraphite,38011000,Import,NETHERLAND,0.1,14724.0,0.2304147465437788,6.791632708503125e-06,5.5,0.12672811059907835,1,5703.2022386890185
2021-2022,Graphite-ArtificialGraphite,38011000,Import,NORWAY,0.82,1479742.0,1.889400921658986,5.541506559927338e-07,1.1,0.20783410138248848,1,5703.2022386890185
2021-2022,Graphite-ArtificialGraphite,38011000,Import,OMAN,0.02,97890.0,0.0460829493087557,2.0431096128307285e-07,5.5,0.025345622119815635,1,5703.2022386890185
2021-2022,Graphite-ArtificialGraphite,38011000,Import,POLAND,0.2,96992.0,0.4608294930875576,2.0620257340811613e-06,5.5,0.2534562211981567,1,5703.2022386890185
2021-2022,Graphite-ArtificialGraphite,38011000,Import,RUSSIA,0.03,24250.0,0.0691244239631336,1.2371134020618555e-06,6.7,0.04631336405529952,1,5703.2022386890185
2021-2022,Graphite-ArtificialGraphite,38011000,Import,SAUDI ARAB,0.01,19330.0,0.0230414746543778,5.173305742369374e-07,5.5,0.01267281105990779,1,5703.2022386890185
2021-2022,Graphite-ArtificialGraphite,38011000,Import,SINGAPORE,0.05,40265.0,0.1152073732718894,1.2417732522041475e-06,2.3,0.02649769585253456,1,5703.2022386890185
2021-2022,Graphite-ArtificialGraphite,38011000,Import,SOUTH AFRICA,0.54,638800.0,1.2442396313364057,8.453350031308704e-07,6.0,0.7465437788018434,1,5703.2022386890185
2021-2022,Graphite-ArtificialGraphite,38011000,Import,SPAIN,0.0,15.0,0.0,0.0,5.5,0.0,1,5703.2022386890185
2021-2022,Graphite-ArtificialGraphite,38011000,Import,SWEDEN,0.58,164019.0,1.3364055299539168,3.5361756869630953e-06,1.8,0.24055299539170502,1,5703.2022386890185
2021-2022,Graphite-ArtificialGraphite,38011000,Import,SWITZERLAND,0.48,85691.0,1.1059907834101383,5.601521746741197e-06,5.5,0.6082949308755761,1,5703.2022386890185
2021-2022,Graphite-ArtificialGraphite,38011000,Import,TAIWAN,0.0,1.0,,0.0,5.5,0.0,1,5703.2022386890185
2021-2022,Graphite-ArtificialGraphite,38011000,Import,THAILAND,0.0,1.0,,0.0,5.8,0.0,1,5703.2022386890185
2021-2022,Graphite-ArtificialGraphite,38011000,Import,U ARAB EMTS,0.0,1.0,0.0,0.0,4.2,0.0,1,5703.2022386890185
2021-2022,Graphite-ArtificialGraphite,38011000,Import,U K,0.13,75627.0,0.2995391705069125,1.7189628042894734e-06,2.9,0.08686635944700462,1,5703.2022386890185
2021-2022,Graphite-ArtificialGraphite,38011000,Import,U S A,2.72,503075.0,6.267281105990784,5.406748496745019e-06,3.8,2.3815668202764977,1,5703.2022386890185
2022-2023,Graphite-ArtificialGraphite,38011000,Import,AUSTRALIA,0.02,13649.0,0.0294898260100265,1.4653088138325153e-06,1.6,0.004718372161604241,1,5703.2022386890185
2022-2023,Graphite-ArtificialGraphite,38011000,Import,AUSTRIA,0.08,58400.0,0.1179593040401061,1.3698630136986302e-06,5.5,0.06487761722205836,1,5703.2022386890185
2022-2023,Graphite-ArtificialGraphite,38011000,Import,BAHARAIN IS,0.0,13000.0,0.0,0.0,5.5,0.0,1,5703.2022386890185
2022-2023,Graphite-ArtificialGraphite,38011000,Import,BELGIUM,0.71,414816.0,1.046888823355942,1.7116022525649925e-06,5.5,0.5757888528457681,1,5703.2022386890185
2022-2023,Graphite-ArtificialGraphite,38011000,Import,BRAZIL,0.02,14027.0,0.0294898260100265,1.4258216297141229e-06,5.7,0.016809200825715107,1,5703.2022386890185
2022-2023,Graphite-ArtificialGraphite,38011000,Import,CANADA,0.0,68.0,0.0,0.0,1.5,0.0,1,5703.2022386890185
2022-2023,Graphite-ArtificialGraphite,38011000,Import,CHINA P RP,53.7,41661268.0,79.18018283692125,1.2889670088774063e-06,5.3,41.96549690356826,-1,5703.2022386890185
2022-2023,Graphite-ArtificialGraphite,38011000,Import,DENMARK,0.09,68065.0,0.1327042170451194,1.322265481525013e-06,5.5,0.07298731937481566,1,5703.2022386890185
2022-2023,Graphite-ArtificialGraphite,38011000,Import,FRANCE,1.7,359833.0,2.5066352108522554,4.724413825302293e-06,2.3,0.5765260984960187,1,5703.2022386890185
2022-2023,Graphite-ArtificialGraphite,38011000,Import,GERMANY,2.71,1225919.0,3.995871424358596,2.210586506938876e-06,2.1,0.8391329991153051,1,5703.2022386890185
2022-2023,Graphite-ArtificialGraphite,38011000,Import,HONG KONG,0.04,11817.0,0.058979652020053,3.384953880003385e-06,3.5,0.02064287820701855,1,5703.2022386890185
2022-2023,Graphite-ArtificialGraphite,38011000,Import,ITALY,0.22,43432.0,0.3243880861102919,5.065389574507276e-06,3.6,0.1167797109997051,1,5703.2022386890185
2022-2023,Graphite-ArtificialGraphite,38011000,Import,JAPAN,2.82,451165.0,4.158065467413741,6.250484855873128e-06,2.0,0.8316130934827483,1,5703.2022386890185
2022-2023,Graphite-ArtificialGraphite,38011000,Import,KOREA RP,0.34,30581.0,0.5013270421704512,1.111801445341879e-05,2.8,0.14037157180772633,1,5703.2022386890185
2022-2023,Graphite-ArtificialGraphite,38011000,Import,MALAYSIA,0.4,812183.0,0.5897965202005309,4.924998430156751e-07,4.5,0.2654084340902389,1,5703.2022386890185
2022-2023,Graphite-ArtificialGraphite,38011000,Import,NETHERLAND,0.28,171696.0,0.4128575641403715,1.630789302022179e-06,5.5,0.22707166027720432,1,5703.2022386890185
2022-2023,Graphite-ArtificialGraphite,38011000,Import,NORWAY,0.0,1.0,,0.0,1.1,0.0,1,5703.2022386890185
2022-2023,Graphite-ArtificialGraphite,38011000,Import,OMAN,0.0,14790.0,0.0,0.0,5.5,0.0,1,5703.2022386890185
2022-2023,Graphite-ArtificialGraphite,38011000,Import,POLAND,0.02,4560.0,0.0294898260100265,4.3859649122807014e-06,5.5,0.016219404305514575,1,5703.2022386890185
2022-2023,Graphite-ArtificialGraphite,38011000,Import,RUSSIA,0.0,1.0,,0.0,6.7,0.0,1,5703.2022386890185
2022-2023,Graphite-ArtificialGraphite,38011000,Import,SAUDI ARAB,0.0,1.0,,0.0,5.5,0.0,1,5703.2022386890185
2022-2023,Graphite-ArtificialGraphite,38011000,Import,SINGAPORE,0.0,1.0,0.0,0.0,2.3,0.0,1,5703.2022386890185
2022-2023,Graphite-ArtificialGraphite,38011000,Import,SLOVENIA,0.06,21200.0,0.0884694780300796,2.830188679245283e-06,5.5,0.04865821291654378,1,5703.2022386890185
2022-2023,Graphite-ArtificialGraphite,38011000,Import,SOUTH AFRICA,0.84,660001.0,1.2385726924211145,1.2727253443555388e-06,6.0,0.7431436154526686,1,5703.2022386890185
2022-2023,Graphite-ArtificialGraphite,38011000,Import,SPAIN,0.0,66.0,0.0,0.0,5.5,0.0,1,5703.2022386890185
2022-2023,Graphite-ArtificialGraphite,38011000,Import,SRI LANKA DSR,0.0,500.0,0.0,0.0,5.5,0.0,1,5703.2022386890185
2022-2023,Graphite-ArtificialGraphite,38011000,Import,SWEDEN,0.3,84134.0,0.4423473901503981,3.5657403665581097e-06,1.8,0.07962253022707165,1,5703.2022386890185
2022-2023,Graphite-ArtificialGraphite,38011000,Import,SWITZERLAND,0.36,57015.0,0.5308168681804777,6.314127861089187e-06,5.5,0.29194927749926275,1,5703.2022386890185
2022-2023,Graphite-ArtificialGraphite,38011000,Import,TAIWAN,0.0,4.0,0.0,0.0,5.5,0.0,1,5703.2022386890185
2022-2023,Graphite-ArtificialGraphite,38011000,Import,U ARAB EMTS,0.11,277340.0,0.1621940430551459,3.9662508112785753e-07,4.2,0.06812149808316129,1,5703.2022386890185
2022-2023,Graphite-ArtificialGraphite,38011000,Import,U K,0.42,235862.0,0.6192863462105572,1.7807022750591448e-06,2.9,0.17959304040106158,1,5703.2022386890185
2022-2023,Graphite-ArtificialGraphite,38011000,Import,U S A,2.58,255881.0,3.804187555293424,1.0082811932109066e-05,3.8,1.445591271011501,1,5703.2022386890185
2023-2024,Graphite-ArtificialGraphite,38011000,Import,AUSTRALIA,0.01,14015.0,0.0149454491107457,7.135212272565109e-07,1.6,0.002391271857719312,1,5703.2022386890185
2023-2024,Graphite-ArtificialGraphite,38011000,Import,AUSTRIA,0.19,109000.0,0.2839635331041698,1.7431192660550458e-06,5.5,0.1561799432072934,1,5703.2022386890185
2023-2024,Graphite-ArtificialGraphite,38011000,Import,BAHARAIN IS,0.0,1.0,,0.0,5.5,0.0,1,5703.2022386890185
2023-2024,Graphite-ArtificialGraphite,38011000,Import,BELGIUM,0.14,43527.0,0.2092362875504409,3.216394421853103e-06,5.5,0.1150799581527425,1,5703.2022386890185
2023-2024,Graphite-ArtificialGraphite,38011000,Import,BHUTAN,0.0,17700.0,0.0,0.0,5.5,0.0,1,5703.2022386890185
2023-2024,Graphite-ArtificialGraphite,38011000,Import,BRAZIL,0.02,26000.0,0.0298908982214915,7.692307692307693e-07,5.7,0.017037811986250158,1,5703.2022386890185
2023-2024,Graphite-ArtificialGraphite,38011000,Import,CANADA,0.03,1512.0,0.0448363473322373,1.984126984126984e-05,1.5,0.006725452099835595,1,5703.2022386890185
2023-2024,Graphite-ArtificialGraphite,38011000,Import,CHINA P RP,53.69,58407512.0,80.24211627559407,9.192310742494904e-07,5.3,42.52832162606485,-1,5703.2022386890185
2023-2024,Graphite-ArtificialGraphite,38011000,Import,DENMARK,0.03,14000.0,0.0448363473322373,2.1428571428571427e-06,5.5,0.024659991032730512,1,5703.2022386890185
2023-2024,Graphite-ArtificialGraphite,38011000,Import,FRANCE,1.27,252825.0,1.8980720370647135,5.0232374171858e-06,2.3,0.4365565685248841,1,5703.2022386890185
2023-2024,Graphite-ArtificialGraphite,38011000,Import,GERMANY,1.27,669557.0,1.8980720370647135,1.89677652537424e-06,2.1,0.39859512778358985,1,5703.2022386890185
2023-2024,Graphite-ArtificialGraphite,38011000,Import,HONG KONG,0.51,737547.0,0.7622179046480347,6.914813564423691e-07,3.5,0.2667762666268122,1,5703.2022386890185
2023-2024,Graphite-ArtificialGraphite,38011000,Import,ITALY,0.06,8550.0,0.0896726946644746,7.017543859649123e-06,3.6,0.03228217007921085,1,5703.2022386890185
2023-2024,Graphite-ArtificialGraphite,38011000,Import,JAPAN,2.59,391955.0,3.870871319683157,6.607901417254531e-06,2.0,0.7741742639366314,1,5703.2022386890185
2023-2024,Graphite-ArtificialGraphite,38011000,Import,KOREA RP,0.41,39518.0,0.6127634135405768,1.0375018978693254e-05,2.8,0.17157375579136153,1,5703.2022386890185
2023-2024,Graphite-ArtificialGraphite,38011000,Import,MALAYSIA,0.38,807735.0,0.5679270662083397,4.70451323763363e-07,4.5,0.2555671797937528,1,5703.2022386890185
2023-2024,Graphite-ArtificialGraphite,38011000,Import,NETHERLAND,0.4,360776.0,0.5978179644298312,1.108721200966805e-06,5.5,0.3287998804364071,1,5703.2022386890185
2023-2024,Graphite-ArtificialGraphite,38011000,Import,NORWAY,0.15,144000.0,0.2241817366611866,1.0416666666666667e-06,1.1,0.024659991032730526,1,5703.2022386890185
2023-2024,Graphite-ArtificialGraphite,38011000,Import,OMAN,0.0,1.0,,0.0,5.5,0.0,1,5703.2022386890185
2023-2024,Graphite-ArtificialGraphite,38011000,Import,POLAND,0.0,1.0,,0.0,5.5,0.0,1,5703.2022386890185
2023-2024,Graphite-ArtificialGraphite,38011000,Import,SINGAPORE,0.01,102462.0,0.0149454491107457,9.75971579707599e-08,2.3,0.0034374532954715106,1,5703.2022386890185
2023-2024,Graphite-ArtificialGraphite,38011000,Import,SLOVENIA,0.0,1.0,,0.0,5.5,0.0,1,5703.2022386890185
2023-2024,Graphite-ArtificialGraphite,38011000,Import,SOUTH AFRICA,1.22,1180000.0,1.8233447915109848,1.0338983050847457e-06,6.0,1.0940068749065908,1,5703.2022386890185
2023-2024,Graphite-ArtificialGraphite,38011000,Import,SPAIN,0.07,440.0,0.1046181437752204,0.0001590909090909091,5.5,0.05753997907637122,1,5703.2022386890185
2023-2024,Graphite-ArtificialGraphite,38011000,Import,SRI LANKA DSR,0.0,1.0,,0.0,5.5,0.0,1,5703.2022386890185
2023-2024,Graphite-ArtificialGraphite,38011000,Import,SWEDEN,0.24,56864.0,0.3586907786578986,4.220596510973551e-06,1.8,0.06456434015842175,1,5703.2022386890185
2023-2024,Graphite-ArtificialGraphite,38011000,Import,SWITZERLAND,0.56,77332.0,0.8369451502017637,7.241504163864895e-06,5.5,0.4603198326109701,1,5703.2022386890185
2023-2024,Graphite-ArtificialGraphite,38011000,Import,TAIWAN,0.11,124408.0,0.1643999402182035,8.841875120571025e-07,5.5,0.09041996712001192,1,5703.2022386890185
2023-2024,Graphite-ArtificialGraphite,38011000,Import,U ARAB EMTS,0.29,797020.0,0.4334180242116275,3.638553612205465e-07,4.2,0.18203557016888355,1,5703.2022386890185
2023-2024,Graphite-ArtificialGraphite,38011000,Import,U K,0.31,359936.0,0.4633089224331191,8.612642247510668e-07,2.9,0.13435958750560453,1,5703.2022386890185
2023-2024,Graphite-ArtificialGraphite,38011000,Import,U S A,2.95,142601.0,4.408907487670005,2.0687091955876887e-05,3.8,1.6753848453146016,-1,5703.2022386890185
2024-2025,Graphite-ArtificialGraphite,38011000,Import,AUSTRALIA,0.01,27991.0,0.0171057133082449,3.5725768997177665e-07,1.6,0.0027369141293191843,1,5703.2022386890185
2024-2025,Graphite-ArtificialGraphite,38011000,Import,AUSTRIA,0.26,155700.0,0.4447485460143688,1.6698779704560053e-06,5.5,0.24461170030790283,1,5703.2022386890185
2024-2025,Graphite-ArtificialGraphite,38011000,Import,BAHARAIN IS,0.03,53000.0,0.0513171399247348,5.660377358490566e-07,5.5,0.028224426958604144,1,5703.2022386890185
2024-2025,Graphite-ArtificialGraphite,38011000,Import,BELGIUM,0.09,15381.0,0.1539514197742045,5.851375073142188e-06,5.5,0.08467328087581248,1,5703.2022386890185
2024-2025,Graphite-ArtificialGraphite,38011000,Import,BHUTAN,0.05,250720.0,0.0855285665412247,1.9942565411614552e-07,5.5,0.04704071159767359,1,5703.2022386890185
2024-2025,Graphite-ArtificialGraphite,38011000,Import,BRAZIL,0.0,1.0,,0.0,5.7,0.0,1,5703.2022386890185
2024-2025,Graphite-ArtificialGraphite,38011000,Import,CANADA,0.01,1802.0,0.0171057133082449,5.549389567147614e-06,1.5,0.002565856996236735,1,5703.2022386890185
2024-2025,Graphite-ArtificialGraphite,38011000,Import,CHINA P RP,43.82,61004759.0,74.95723571672939,7.183046162021556e-07,5.3,39.72733492986657,-1,5703.2022386890185
2024-2025,Graphite-ArtificialGraphite,38011000,Import,DENMARK,0.0,1.0,,0.0,5.5,0.0,1,5703.2022386890185
2024-2025,Graphite-ArtificialGraphite,38011000,Import,FRANCE,1.01,197962.0,1.7276770441327405,5.101989270668108e-06,2.3,0.3973657201505303,1,5703.2022386890185
2024-2025,Graphite-ArtificialGraphite,38011000,Import,GERMANY,2.48,862276.0,4.242216900444749,2.876109273596853e-06,2.1,0.8908655490933974,1,5703.2022386890185
2024-2025,Graphite-ArtificialGraphite,38011000,Import,HONG KONG,0.22,304346.0,0.376325692781389,7.22861480026023e-07,3.5,0.13171399247348614,1,5703.2022386890185
2024-2025,Graphite-ArtificialGraphite,38011000,Import,ITALY,0.5,118432.0,0.8552856654122476,4.221831937314239e-06,3.6,0.30790283954840914,1,5703.2022386890185
2024-2025,Graphite-ArtificialGraphite,38011000,Import,JAPAN,4.18,563916.0,7.15018816284639,7.412451499868775e-06,2.0,1.4300376325692779,-1,5703.2022386890185
2024-2025,Graphite-ArtificialGraphite,38011000,Import,KOREA RP,0.49,52839.0,0.8381799521040028,9.273453320464052e-06,2.8,0.23469038658912073,1,5703.2022386890185
2024-2025,Graphite-ArtificialGraphite,38011000,Import,MALAYSIA,0.56,1195917.0,0.9579199452617174,4.6825992104803266e-07,4.5,0.43106397536777286,1,5703.2022386890185
2024-2025,Graphite-ArtificialGraphite,38011000,Import,NETHERLAND,0.5,139228.0,0.8552856654122476,3.5912316488062746e-06,5.5,0.4704071159767362,1,5703.2022386890185
2024-2025,Graphite-ArtificialGraphite,38011000,Import,NORWAY,0.16,143809.0,0.2736914129319192,1.112586833925554e-06,1.1,0.030106055422511113,1,5703.2022386890185
2024-2025,Graphite-ArtificialGraphite,38011000,Import,OMAN,0.04,81920.0,0.0684228532329798,4.8828125e-07,5.5,0.03763256927813889,1,5703.2022386890185
2024-2025,Graphite-ArtificialGraphite,38011000,Import,SINGAPORE,0.59,184588.0,1.009237085186452,3.196307452272087e-06,2.3,0.23212452959288393,1,5703.2022386890185
2024-2025,Graphite-ArtificialGraphite,38011000,Import,SOUTH AFRICA,0.91,1200000.0,1.5566199110502907,7.583333333333333e-07,6.0,0.9339719466301745,1,5703.2022386890185
2024-2025,Graphite-ArtificialGraphite,38011000,Import,SPAIN,0.0,63.0,0.0,0.0,5.5,0.0,1,5703.2022386890185
2024-2025,Graphite-ArtificialGraphite,38011000,Import,SWEDEN,0.43,107163.0,0.7355456722545329,4.012578968487258e-06,1.8,0.13239822100581594,1,5703.2022386890185
2024-2025,Graphite-ArtificialGraphite,38011000,Import,SWITZERLAND,0.01,3218.0,0.0171057133082449,3.107520198881293e-06,5.5,0.009408142319534695,1,5703.2022386890185
2024-2025,Graphite-ArtificialGraphite,38011000,Import,TAIWAN,0.12,20140061.0,0.2052685596989394,5.958273909895308e-09,5.5,0.11289770783441666,1,5703.2022386890185
2024-2025,Graphite-ArtificialGraphite,38011000,Import,THAILAND,0.23,32105.0,0.3934314060896339,7.1639931474848156e-06,5.8,0.22819021553198765,1,5703.2022386890185
2024-2025,Graphite-ArtificialGraphite,38011000,Import,TURKEY,0.02,3154.0,0.0342114266164899,6.341154090044388e-06,6.2,0.021211084502223736,1,5703.2022386890185
2024-2025,Graphite-ArtificialGraphite,38011000,Import,U ARAB EMTS,0.05,217200.0,0.0855285665412247,2.3020257826887662e-07,4.2,0.03592199794731438,1,5703.2022386890185
2024-2025,Graphite-ArtificialGraphite,38011000,Import,U K,0.14,159043.0,0.2394799863154293,8.802650855429036e-07,2.9,0.0694491960314745,1,5703.2022386890185
2024-2025,Graphite-ArtificialGraphite,38011000,Import,U S A,1.23,92767.0,2.104002736914129,1.3259025299945024e-05,3.8,0.7995210400273691,1,5703.2022386890185
2024-2025,Graphite-ArtificialGraphite,38011000,Import,VIETNAM SOC REP,0.32,44521.0,0.5473828258638385,7.187619325711462e-06,5.2,0.284639069449196,1,5703.2022386890185
2018-2019,Graphite-NaturalGraphite,25041010,Import,AUSTRIA,0.0,1.0,,0.0,5.5,0.0,1,1733.6976293535479
2018-2019,Graphite-NaturalGraphite,25041010,Import,BELGIUM,0.03,39701.0,0.4120879120879121,7.556484723306717e-07,5.5,0.22664835164835168,1,1733.6976293535479
2018-2019,Graphite-NaturalGraphite,25041010,Import,BRAZIL,0.8,775000.0,10.98901098901099,1.0322580645161291e-06,5.7,6.263736263736265,1,1733.6976293535479
2018-2019,Graphite-NaturalGraphite,25041010,Import,CANADA,0.02,5850.0,0.2747252747252747,3.418803418803419e-06,1.5,0.04120879120879121,1,1733.6976293535479
2018-2019,Graphite-NaturalGraphite,25041010,Import,CHINA P RP,4.54,5736310.0,62.362637362637365,7.914495555505195e-07,5.3,33.0521978021978,-1,1733.6976293535479
2018-2019,Graphite-NaturalGraphite,25041010,Import,CZECH REPUBLIC,0.0,1.0,,0.0,5.5,0.0,1,1733.6976293535479
2018-2019,Graphite-NaturalGraphite,25041010,Import,DENMARK,0.0,1.0,,0.0,5.5,0.0,1,1733.6976293535479
2018-2019,Graphite-NaturalGraphite,25041010,Import,FRANCE,0.02,2287.0,0.2747252747252747,8.745080891998251e-06,2.3,0.06318681318681317,1,1733.6976293535479
2018-2019,Graphite-NaturalGraphite,25041010,Import,GERMANY,0.4,53580.0,5.494505494505495,7.465472191116089e-06,2.1,1.153846153846154,1,1733.6976293535479
2018-2019,Graphite-NaturalGraphite,25041010,Import,JAPAN,0.05,9310.0,0.6868131868131869,5.370569280343717e-06,2.0,0.13736263736263737,1,1733.6976293535479
2018-2019,Graphite-NaturalGraphite,25041010,Import,MADAGASCAR,1.28,1316000.0,17.582417582417584,9.72644376899696e-07,6.6,11.604395604395604,1,1733.6976293535479
2018-2019,Graphite-NaturalGraphite,25041010,Import,MOZAMBIQUE,0.02,20000.0,0.2747252747252747,1e-06,7.8,0.21428571428571425,1,1733.6976293535479
2018-2019,Graphite-NaturalGraphite,25041010,Import,NETHERLAND,0.0,1.0,,0.0,5.5,0.0,1,1733.6976293535479
2018-2019,Graphite-NaturalGraphite,25041010,Import,SRI LANKA DSR,0.0,1.0,,0.0,5.5,0.0,1,1733.6976293535479
2018-2019,Graphite-NaturalGraphite,25041010,Import,U K,0.09,91600.0,1.2362637362637363,9.82532751091703e-07,2.9,0.3585164835164835,1,1733.6976293535479
2018-2019,Graphite-NaturalGraphite,25041010,Import,U S A,0.03,9156.0,0.4120879120879121,3.27653997378768e-06,3.8,0.1565934065934066,1,1733.6976293535479
2019-2020,Graphite-NaturalGraphite,25041010,Import,AUSTRALIA,0.05,112000.0,0.8305647840531563,4.4642857142857147e-07,1.6,0.13289036544850502,1,1733.6976293535479
2019-2020,Graphite-NaturalGraphite,25041010,Import,BELGIUM,0.01,1250.0,0.1661129568106312,8e-06,5.5,0.09136212624584716,1,1733.6976293535479
2019-2020,Graphite-NaturalGraphite,25041010,Import,BRAZIL,0.67,640000.0,11.129568106312291,1.046875e-06,5.7,6.343853820598006,1,1733.6976293535479
2019-2020,Graphite-NaturalGraphite,25041010,Import,CANADA,0.06,17550.0,0.9966777408637874,3.4188034188034185e-06,1.5,0.14950166112956811,1,1733.6976293535479
2019-2020,Graphite-NaturalGraphite,25041010,Import,CHINA P RP,2.55,3849950.0,42.35880398671096,6.623462642371978e-07,5.3,22.450166112956808,1,1733.6976293535479
2019-2020,Graphite-NaturalGraphite,25041010,Import,FRANCE,0.03,2472.0,0.4983388704318937,1.2135922330097087e-05,2.3,0.11461794019933554,1,1733.6976293535479
2019-2020,Graphite-NaturalGraphite,25041010,Import,GERMANY,0.37,71047.0,6.146179401993355,5.207820175376863e-06,2.1,1.2906976744186047,1,1733.6976293535479
2019-2020,Graphite-NaturalGraphite,25041010,Import,ITALY,0.0,1814.0,0.0,0.0,3.6,0.0,1,1733.6976293535479
2019-2020,Graphite-NaturalGraphite,25041010,Import,JAPAN,0.03,5910.0,0.4983388704318937,5.076142131979695e-06,2.0,0.09966777408637874,1,1733.6976293535479
2019-2020,Graphite-NaturalGraphite,25041010,Import,MADAGASCAR,2.1,2812130.0,34.88372093023256,7.467649077389737e-07,6.6,23.02325581395349,1,1733.6976293535479
2019-2020,Graphite-NaturalGraphite,25041010,Import,MOZAMBIQUE,0.04,60000.0,0.6644518272425248,6.666666666666667e-07,7.8,0.5182724252491694,1,1733.6976293535479
2019-2020,Graphite-NaturalGraphite,25041010,Import,U K,0.02,12000.0,0.3322259136212624,1.6666666666666667e-06,2.9,0.0963455149501661,1,1733.6976293535479
2019-2020,Graphite-NaturalGraphite,25041010,Import,U S A,0.09,37263.0,1.4950166112956809,2.4152644714596246e-06,3.8,0.5681063122923586,1,1733.6976293535479
2020-2021,Graphite-NaturalGraphite,25041010,Import,AUSTRALIA,0.0,1.0,,0.0,1.6,0.0,1,1733.6976293535479
2020-2021,Graphite-NaturalGraphite,25041010,Import,AUSTRIA,0.02,12820.0,0.2522068095838587,1.5600624024960999e-06,5.5,0.1387137452711223,1,1733.6976293535479
2020-2021,Graphite-NaturalGraphite,25041010,Import,BELGIUM,0.01,1260.0,0.1261034047919293,7.936507936507936e-06,5.5,0.06935687263556112,1,1733.6976293535479
2020-2021,Graphite-NaturalGraphite,25041010,Import,BRAZIL,0.08,80000.0,1.008827238335435,1e-06,5.7,0.575031525851198,1,1733.6976293535479
2020-2021,Graphite-NaturalGraphite,25041010,Import,CANADA,0.07,17550.0,0.8827238335435058,3.988603988603989e-06,1.5,0.13240857503152587,1,1733.6976293535479
2020-2021,Graphite-NaturalGraphite,25041010,Import,CHINA P RP,2.4,3592110.0,30.26481715006305,6.681309870800171e-07,5.3,16.040353089533415,1,1733.6976293535479
2020-2021,Graphite-NaturalGraphite,25041010,Import,FRANCE,0.0,1.0,,0.0,2.3,0.0,1,1733.6976293535479
2020-2021,Graphite-NaturalGraphite,25041010,Import,GERMANY,0.42,84879.0,5.296343001261034,4.948220407874739e-06,2.1,1.1122320302648172,1,1733.6976293535479
2020-2021,Graphite-NaturalGraphite,25041010,Import,ITALY,0.01,4536.0,0.1261034047919293,2.2045855379188715e-06,3.6,0.045397225725094546,1,1733.6976293535479
2020-2021,Graphite-NaturalGraphite,25041010,Import,JAPAN,0.04,12000.0,0.5044136191677175,3.3333333333333333e-06,2.0,0.1008827238335435,1,1733.6976293535479
2020-2021,Graphite-NaturalGraphite,25041010,Import,MADAGASCAR,3.44,4555750.0,43.37957124842371,7.550897217801679e-07,6.6,28.630517023959648,-1,1733.6976293535479
2020-2021,Graphite-NaturalGraphite,25041010,Import,MOZAMBIQUE,0.15,254397.0,1.8915510718789408,5.896295946886166e-07,7.8,1.4754098360655736,1,1733.6976293535479
2020-2021,Graphite-NaturalGraphite,25041010,Import,SWITZERLAND,0.0,1.0,0.0,0.0,5.5,0.0,1,1733.6976293535479
2020-2021,Graphite-NaturalGraphite,25041010,Import,U K,0.04,32000.0,0.5044136191677175,1.25e-06,2.9,0.14627994955863807,1,1733.6976293535479
2020-2021,Graphite-NaturalGraphite,25041010,Import,U S A,0.05,17668.0,0.630517023959647,2.8299750962191536e-06,3.8,0.23959646910466587,1,1733.6976293535479
2020-2021,Graphite-NaturalGraphite,25041010,Import,UKRAINE,0.01,7000.0,0.1261034047919293,1.4285714285714286e-06,5.5,0.06935687263556112,1,1733.6976293535479
2020-2021,Graphite-NaturalGraphite,25041010,Import,VIETNAM SOC REP,1.19,2838000.0,15.006305170239594,4.1930937279774485e-07,5.2,7.80327868852459,1,1733.6976293535479
2021-2022,Graphite-NaturalGraphite,25041010,Import,AUSTRIA,0.06,59200.0,0.7168458781362007,1.0135135135135134e-06,5.5,0.3942652329749104,1,1733.6976293535479
2021-2022,Graphite-NaturalGraphite,25041010,Import,BELGIUM,0.03,9800.0,0.3584229390681003,3.061224489795918e-06,5.5,0.19713261648745517,1,1733.6976293535479
2021-2022,Graphite-NaturalGraphite,25041010,Import,BRAZIL,0.23,252000.0,2.747909199522103,9.126984126984128e-07,5.7,1.5663082437275988,1,1733.6976293535479
2021-2022,Graphite-NaturalGraphite,25041010,Import,CANADA,0.08,21060.0,0.9557945041816012,3.798670465337132e-06,1.5,0.14336917562724016,1,1733.6976293535479
2021-2022,Graphite-NaturalGraphite,25041010,Import,CHINA P RP,2.83,2532105.0,33.81123058542414,1.1176471749789208e-06,5.3,17.919952210274793,1,1733.6976293535479
2021-2022,Graphite-NaturalGraphite,25041010,Import,GERMANY,0.47,113755.0,5.615292712066906,4.131686519273878e-06,2.1,1.1792114695340503,1,1733.6976293535479
2021-2022,Graphite-NaturalGraphite,25041010,Import,ITALY,0.04,16329.0,0.4778972520908005,2.449629493539102e-06,3.6,0.17204301075268819,1,1733.6976293535479
2021-2022,Graphite-NaturalGraphite,25041010,Import,JAPAN,0.19,36940.0,2.2700119474313025,5.1434759068760155e-06,2.0,0.4540023894862605,1,1733.6976293535479
2021-2022,Graphite-NaturalGraphite,25041010,Import,KOREA RP,0.0,50.0,0.0,0.0,2.8,0.0,1,1733.6976293535479
2021-2022,Graphite-NaturalGraphite,25041010,Import,MADAGASCAR,4.31,6011000.0,51.49342891278376,7.170187988687406e-07,6.6,33.985663082437284,-1,1733.6976293535479
2021-2022,Graphite-NaturalGraphite,25041010,Import,MOZAMBIQUE,0.0,1.0,,0.0,7.8,0.0,1,1733.6976293535479
2021-2022,Graphite-NaturalGraphite,25041010,Import,NETHERLAND,0.03,8400.0,0.3584229390681003,3.5714285714285714e-06,5.5,0.19713261648745517,1,1733.6976293535479
2021-2022,Graphite-NaturalGraphite,25041010,Import,NORWAY,0.0,200.0,0.0,0.0,1.1,0.0,1,1733.6976293535479
2021-2022,Graphite-NaturalGraphite,25041010,Import,SWEDEN,0.01,2160.0,0.1194743130227001,4.6296296296296296e-06,1.8,0.02150537634408602,1,1733.6976293535479
2021-2022,Graphite-NaturalGraphite,25041010,Import,SWITZERLAND,0.0,1.0,,0.0,5.5,0.0,1,1733.6976293535479
2021-2022,Graphite-NaturalGraphite,25041010,Import,U K,0.01,4576.0,0.1194743130227001,2.1853146853146853e-06,2.9,0.03464755077658303,1,1733.6976293535479
2021-2022,Graphite-NaturalGraphite,25041010,Import,U S A,0.08,25919.0,0.9557945041816012,3.0865388325166866e-06,3.8,0.36320191158900844,1,1733.6976293535479
2021-2022,Graphite-NaturalGraphite,25041010,Import,UKRAINE,0.0,1.0,,0.0,5.5,0.0,1,1733.6976293535479
2021-2022,Graphite-NaturalGraphite,25041010,Import,VIETNAM SOC REP,0.0,1.0,,0.0,5.2,0.0,1,1733.6976293535479
2022-2023,Graphite-NaturalGraphite,25041010,Import,AUSTRIA,0.03,20000.0,0.4048582995951417,1.5e-06,5.5,0.22267206477732793,1,1733.6976293535479
2022-2023,Graphite-NaturalGraphite,25041010,Import,BELGIUM,0.0,1.0,,0.0,5.5,0.0,1,1733.6976293535479
2022-2023,Graphite-NaturalGraphite,25041010,Import,BRAZIL,0.0,1.0,,0.0,5.7,0.0,1,1733.6976293535479
2022-2023,Graphite-NaturalGraphite,25041010,Import,CANADA,0.05,11940.0,0.6747638326585697,4.187604690117253e-06,1.5,0.10121457489878545,1,1733.6976293535479
2022-2023,Graphite-NaturalGraphite,25041010,Import,CHINA P RP,3.4,3672740.0,45.88394062078273,9.257393662497209e-07,5.3,24.318488529014846,-1,1733.6976293535479
2022-2023,Graphite-NaturalGraphite,25041010,Import,GERMANY,0.57,122740.0,7.6923076923076925,4.6439628482972135e-06,2.1,1.6153846153846154,1,1733.6976293535479
2022-2023,Graphite-NaturalGraphite,25041010,Import,HONG KONG,0.0,25.0,0.0,0.0,3.5,0.0,1,1733.6976293535479
2022-2023,Graphite-NaturalGraphite,25041010,Import,ITALY,0.0,1.0,,0.0,3.6,0.0,1,1733.6976293535479
2022-2023,Graphite-NaturalGraphite,25041010,Import,JAPAN,0.15,39565.0,2.0242914979757085,3.791229622140781e-06,2.0,0.4048582995951417,1,1733.6976293535479
2022-2023,Graphite-NaturalGraphite,25041010,Import,KOREA RP,0.0,540.0,0.0,0.0,2.8,0.0,1,1733.6976293535479
2022-2023,Graphite-NaturalGraphite,25041010,Import,MADAGASCAR,2.61,3477000.0,35.22267206477733,7.506471095772217e-07,6.6,23.246963562753034,1,1733.6976293535479
2022-2023,Graphite-NaturalGraphite,25041010,Import,MEXICO,0.02,9072.0,0.2699055330634278,2.2045855379188715e-06,5.8,0.1565452091767881,1,1733.6976293535479
2022-2023,Graphite-NaturalGraphite,25041010,Import,MOZAMBIQUE,0.24,203056.0,3.238866396761133,1.1819399574501614e-06,7.8,2.526315789473684,1,1733.6976293535479
2022-2023,Graphite-NaturalGraphite,25041010,Import,NETHERLAND,0.0,1.0,,0.0,5.5,0.0,1,1733.6976293535479
2022-2023,Graphite-NaturalGraphite,25041010,Import,NORWAY,0.0,1.0,,0.0,1.1,0.0,1,1733.6976293535479
2022-2023,Graphite-NaturalGraphite,25041010,Import,SOUTH AFRICA,0.0,6.0,0.0,0.0,6.0,0.0,1,1733.6976293535479
2022-2023,Graphite-NaturalGraphite,25041010,Import,SWEDEN,0.01,2700.0,0.1349527665317139,3.7037037037037037e-06,1.8,0.024291497975708502,1,1733.6976293535479
2022-2023,Graphite-NaturalGraphite,25041010,Import,TANZANIA REP,0.2,250000.0,2.6990553306342786,8.000000000000001e-07,6.5,1.7543859649122813,1,1733.6976293535479
2022-2023,Graphite-NaturalGraphite,25041010,Import,U K,0.03,16500.0,0.4048582995951417,1.818181818181818e-06,2.9,0.11740890688259109,1,1733.6976293535479
2022-2023,Graphite-NaturalGraphite,25041010,Import,U S A,0.1,33118.0,1.3495276653171393,3.0195060088169576e-06,3.8,0.512820512820513,1,1733.6976293535479
2023-2024,Graphite-NaturalGraphite,25041010,Import,AUSTRIA,0.01,7000.0,0.136986301369863,1.4285714285714286e-06,5.5,0.07534246575342465,1,1733.6976293535479
2023-2024,Graphite-NaturalGraphite,25041010,Import,CANADA,0.04,9945.0,0.547945205479452,4.022121669180493e-06,1.5,0.0821917808219178,1,1733.6976293535479
2023-2024,Graphite-NaturalGraphite,25041010,Import,CHINA P RP,3.71,4133300.0,50.821917808219176,8.975878837732562e-07,5.3,26.935616438356163,-1,1733.6976293535479
2023-2024,Graphite-NaturalGraphite,25041010,Import,GERMANY,0.11,17595.0,1.5068493150684932,6.25177607274794e-06,2.1,0.3164383561643836,1,1733.6976293535479
2023-2024,Graphite-NaturalGraphite,25041010,Import,HONG KONG,0.0,1.0,,0.0,3.5,0.0,1,1733.6976293535479
2023-2024,Graphite-NaturalGraphite,25041010,Import,ITALY,0.0,495.0,0.0,0.0,3.6,0.0,1,1733.6976293535479
2023-2024,Graphite-NaturalGraphite,25041010,Import,JAPAN,0.39,24140.0,5.342465753424658,1.615575807787904e-05,2.0,1.0684931506849316,1,1733.6976293535479
2023-2024,Graphite-NaturalGraphite,25041010,Import,KOREA RP,0.0,1.0,,0.0,2.8,0.0,1,1733.6976293535479
2023-2024,Graphite-NaturalGraphite,25041010,Import,MADAGASCAR,2.3,2948650.0,31.506849315068493,7.800179743272345e-07,6.6,20.794520547945204,1,1733.6976293535479
2023-2024,Graphite-NaturalGraphite,25041010,Import,MEXICO,0.0,1.0,,0.0,5.8,0.0,1,1733.6976293535479
2023-2024,Graphite-NaturalGraphite,25041010,Import,MOZAMBIQUE,0.08,120544.0,1.095890410958904,6.636580833554552e-07,7.8,0.854794520547945,1,1733.6976293535479
2023-2024,Graphite-NaturalGraphite,25041010,Import,SINGAPORE,0.04,80000.0,0.547945205479452,5e-07,2.3,0.12602739726027395,1,1733.6976293535479
2023-2024,Graphite-NaturalGraphite,25041010,Import,SOUTH AFRICA,0.0,1.0,,0.0,6.0,0.0,1,1733.6976293535479
2023-2024,Graphite-NaturalGraphite,25041010,Import,SWEDEN,0.01,1080.0,0.136986301369863,9.259259259259259e-06,1.8,0.024657534246575342,1,1733.6976293535479
2023-2024,Graphite-NaturalGraphite,25041010,Import,TANZANIA REP,0.02,48000.0,0.273972602739726,4.1666666666666667e-07,6.5,0.1780821917808219,1,1733.6976293535479
2023-2024,Graphite-NaturalGraphite,25041010,Import,U ARAB EMTS,0.07,75500.0,0.9589041095890412,9.271523178807948e-07,4.2,0.40273972602739727,1,1733.6976293535479
2023-2024,Graphite-NaturalGraphite,25041010,Import,U K,0.03,16000.0,0.410958904109589,1.8749999999999998e-06,2.9,0.1191780821917808,1,1733.6976293535479
2023-2024,Graphite-NaturalGraphite,25041010,Import,U S A,0.15,42535.0,2.054794520547945,3.526507581991301e-06,3.8,0.780821917808219,1,1733.6976293535479
2023-2024,Graphite-NaturalGraphite,25041010,Import,UKRAINE,0.0,150.0,0.0,0.0,5.5,0.0,1,1733.6976293535479
2023-2024,Graphite-NaturalGraphite,25041010,Import,VIETNAM SOC REP,0.34,674000.0,4.657534246575342,5.044510385756677e-07,5.2,2.4219178082191783,1,1733.6976293535479
2024-2025,Graphite-NaturalGraphite,25041010,Import,AUSTRIA,0.07,37000.0,0.6357856494096277,1.891891891891892e-06,5.5,0.34968210717529524,1,1733.6976293535479
2024-2025,Graphite-NaturalGraphite,25041010,Import,CANADA,0.86,623475.0,7.811080835603996,1.3793656521913469e-06,1.5,1.1716621253405994,1,1733.6976293535479
2024-2025,Graphite-NaturalGraphite,25041010,Import,CHINA P RP,0.03,22207.0,0.2724795640326975,1.3509253838879632e-06,5.3,0.14441416893732967,1,1733.6976293535479
2024-2025,Graphite-NaturalGraphite,25041010,Import,GERMANY,1.46,456183.0,13.260672116257949,3.2004699868254627e-06,2.1,2.784741144414169,-1,1733.6976293535479
2024-2025,Graphite-NaturalGraphite,25041010,Import,ITALY,0.0,907.0,0.0,0.0,3.6,0.0,1,1733.6976293535479
2024-2025,Graphite-NaturalGraphite,25041010,Import,JAPAN,0.38,25340.0,3.451407811080836,1.499605367008682e-05,2.0,0.6902815622161672,1,1733.6976293535479
2024-2025,Graphite-NaturalGraphite,25041010,Import,KOREA RP,0.05,56500.0,0.4541326067211626,8.849557522123894e-07,2.8,0.12715712988192554,1,1733.6976293535479
2024-2025,Graphite-NaturalGraphite,25041010,Import,MADAGASCAR,2.54,3275000.0,23.06993642143506,7.755725190839694e-07,6.6,15.226158038147139,1,1733.6976293535479
2024-2025,Graphite-NaturalGraphite,25041010,Import,MALAYSIA,0.7,888000.0,6.357856494096276,7.882882882882882e-07,4.5,2.861035422343324,1,1733.6976293535479
2024-2025,Graphite-NaturalGraphite,25041010,Import,MOZAMBIQUE,2.82,10170945.0,25.61307901907357,2.7726037256125166e-07,7.8,19.978201634877387,1,1733.6976293535479
2024-2025,Graphite-NaturalGraphite,25041010,Import,SINGAPORE,0.0,1.0,,0.0,2.3,0.0,1,1733.6976293535479
2024-2025,Graphite-NaturalGraphite,25041010,Import,SRI LANKA DSR,0.02,6000.0,0.181653042688465,3.3333333333333333e-06,5.5,0.09990917347865574,1,1733.6976293535479
2024-2025,Graphite-NaturalGraphite,25041010,Import,SWEDEN,0.0,1.0,,0.0,1.8,0.0,1,1733.6976293535479
2024-2025,Graphite-NaturalGraphite,25041010,Import,SWITZERLAND,0.0,51.0,0.0,0.0,5.5,0.0,1,1733.6976293535479
2024-2025,Graphite-NaturalGraphite,25041010,Import,TANZANIA REP,1.75,3422456.0,15.894641235240693,5.113287066364038e-07,6.5,10.331516802906451,-1,1733.6976293535479
2024-2025,Graphite-NaturalGraphite,25041010,Import,U ARAB EMTS,0.03,264520.0,0.2724795640326975,1.1341297444427643e-07,4.2,0.11444141689373297,1,1733.6976293535479
2024-2025,Graphite-NaturalGraphite,25041010,Import,U K,0.06,39000.0,0.544959128065395,1.5384615384615385e-06,2.9,0.15803814713896455,1,1733.6976293535479
2024-2025,Graphite-NaturalGraphite,25041010,Import,U S A,0.15,48000.0,1.3623978201634876,3.1249999999999997e-06,3.8,0.5177111716621253,1,1733.6976293535479
2024-2025,Graphite-NaturalGraphite,25041010,Import,UKRAINE,0.0,1.0,,0.0,5.5,0.0,1,1733.6976293535479
2024-2025,Graphite-NaturalGraphite,25041010,Import,VIETNAM SOC REP,0.09,168000.0,0.8174386920980926,5.357142857142857e-07,5.2,0.4250681198910081,1,1733.6976293535479
2018-2019,Graphite,25041010,Import,AUSTRIA,0.0,1.0,,0.0,5.5,0.0,1,3635.27866391443
2018-2019,Graphite,25041010,Import,BELGIUM,0.03,39701.0,0.4120879120879121,7.556484723306717e-07,5.5,0.22664835164835168,1,3635.27866391443
2018-2019,Graphite,25041010,Import,BRAZIL,0.8,775000.0,10.98901098901099,1.0322580645161291e-06,5.7,6.263736263736265,1,3635.27866391443
2018-2019,Graphite,25041010,Import,CANADA,0.02,5850.0,0.2747252747252747,3.418803418803419e-06,1.5,0.04120879120879121,1,3635.27866391443
2018-2019,Graphite,25041010,Import,CHINA P RP,4.54,5736310.0,62.362637362637365,7.914495555505195e-07,5.3,33.0521978021978,-1,3635.27866391443
2018-2019,Graphite,25041010,Import,CZECH REPUBLIC,0.0,1.0,,0.0,5.5,0.0,1,3635.27866391443
2018-2019,Graphite,25041010,Import,DENMARK,0.0,1.0,,0.0,5.5,0.0,1,3635.27866391443
2018-2019,Graphite,25041010,Import,FRANCE,0.02,2287.0,0.2747252747252747,8.745080891998251e-06,2.3,0.06318681318681317,1,3635.27866391443
2018-2019,Graphite,25041010,Import,GERMANY,0.4,53580.0,5.494505494505495,7.465472191116089e-06,2.1,1.153846153846154,1,3635.27866391443
2018-2019,Graphite,25041010,Import,JAPAN,0.05,9310.0,0.6868131868131869,5.370569280343717e-06,2.0,0.13736263736263737,1,3635.27866391443
2018-2019,Graphite,25041010,Import,MADAGASCAR,1.28,1316000.0,17.582417582417584,9.72644376899696e-07,6.6,11.604395604395604,-1,3635.27866391443
2018-2019,Graphite,25041010,Import,MOZAMBIQUE,0.02,20000.0,0.2747252747252747,1e-06,7.8,0.21428571428571425,1,3635.27866391443
2018-2019,Graphite,25041010,Import,NETHERLAND,0.0,1.0,,0.0,5.5,0.0,1,3635.27866391443
2018-2019,Graphite,25041010,Import,SRI LANKA DSR,0.0,1.0,,0.0,5.5,0.0,1,3635.27866391443
2018-2019,Graphite,25041010,Import,U K,0.09,91600.0,1.2362637362637363,9.82532751091703e-07,2.9,0.3585164835164835,1,3635.27866391443
2018-2019,Graphite,25041010,Import,U S A,0.03,9156.0,0.4120879120879121,3.27653997378768e-06,3.8,0.1565934065934066,1,3635.27866391443
2019-2020,Graphite,25041010,Import,AUSTRALIA,0.05,112000.0,0.8305647840531563,4.4642857142857147e-07,1.6,0.13289036544850502,1,3635.27866391443
2019-2020,Graphite,25041010,Import,BELGIUM,0.01,1250.0,0.1661129568106312,8e-06,5.5,0.09136212624584716,1,3635.27866391443
2019-2020,Graphite,25041010,Import,BRAZIL,0.67,640000.0,11.129568106312291,1.046875e-06,5.7,6.343853820598006,1,3635.27866391443
2019-2020,Graphite,25041010,Import,CANADA,0.06,17550.0,0.9966777408637874,3.4188034188034185e-06,1.5,0.14950166112956811,1,3635.27866391443
2019-2020,Graphite,25041010,Import,CHINA P RP,2.55,3849950.0,42.35880398671096,6.623462642371978e-07,5.3,22.450166112956808,1,3635.27866391443
2019-2020,Graphite,25041010,Import,FRANCE,0.03,2472.0,0.4983388704318937,1.2135922330097087e-05,2.3,0.11461794019933554,1,3635.27866391443
2019-2020,Graphite,25041010,Import,GERMANY,0.37,71047.0,6.146179401993355,5.207820175376863e-06,2.1,1.2906976744186047,1,3635.27866391443
2019-2020,Graphite,25041010,Import,ITALY,0.0,1814.0,0.0,0.0,3.6,0.0,1,3635.27866391443
2019-2020,Graphite,25041010,Import,JAPAN,0.03,5910.0,0.4983388704318937,5.076142131979695e-06,2.0,0.09966777408637874,1,3635.27866391443
2019-2020,Graphite,25041010,Import,MADAGASCAR,2.1,2812130.0,34.88372093023256,7.467649077389737e-07,6.6,23.02325581395349,-1,3635.27866391443
2019-2020,Graphite,25041010,Import,MOZAMBIQUE,0.04,60000.0,0.6644518272425248,6.666666666666667e-07,7.8,0.5182724252491694,1,3635.27866391443
2019-2020,Graphite,25041010,Import,U K,0.02,12000.0,0.3322259136212624,1.6666666666666667e-06,2.9,0.0963455149501661,1,3635.27866391443
2019-2020,Graphite,25041010,Import,U S A,0.09,37263.0,1.4950166112956809,2.4152644714596246e-06,3.8,0.5681063122923586,1,3635.27866391443
2020-2021,Graphite,25041010,Import,AUSTRALIA,0.0,1.0,,0.0,1.6,0.0,1,3635.27866391443
2020-2021,Graphite,25041010,Import,AUSTRIA,0.02,12820.0,0.2522068095838587,1.5600624024960999e-06,5.5,0.1387137452711223,1,3635.27866391443
2020-2021,Graphite,25041010,Import,BELGIUM,0.01,1260.0,0.1261034047919293,7.936507936507936e-06,5.5,0.06935687263556112,1,3635.27866391443
2020-2021,Graphite,25041010,Import,BRAZIL,0.08,80000.0,1.008827238335435,1e-06,5.7,0.575031525851198,1,3635.27866391443
2020-2021,Graphite,25041010,Import,CANADA,0.07,17550.0,0.8827238335435058,3.988603988603989e-06,1.5,0.13240857503152587,1,3635.27866391443
2020-2021,Graphite,25041010,Import,CHINA P RP,2.4,3592110.0,30.26481715006305,6.681309870800171e-07,5.3,16.040353089533415,1,3635.27866391443
2020-2021,Graphite,25041010,Import,FRANCE,0.0,1.0,,0.0,2.3,0.0,1,3635.27866391443
2020-2021,Graphite,25041010,Import,GERMANY,0.42,84879.0,5.296343001261034,4.948220407874739e-06,2.1,1.1122320302648172,1,3635.27866391443
2020-2021,Graphite,25041010,Import,ITALY,0.01,4536.0,0.1261034047919293,2.2045855379188715e-06,3.6,0.045397225725094546,1,3635.27866391443
2020-2021,Graphite,25041010,Import,JAPAN,0.04,12000.0,0.5044136191677175,3.3333333333333333e-06,2.0,0.1008827238335435,1,3635.27866391443
2020-2021,Graphite,25041010,Import,MADAGASCAR,3.44,4555750.0,43.37957124842371,7.550897217801679e-07,6.6,28.630517023959648,-1,3635.27866391443
2020-2021,Graphite,25041010,Import,MOZAMBIQUE,0.15,254397.0,1.8915510718789408,5.896295946886166e-07,7.8,1.4754098360655736,1,3635.27866391443
2020-2021,Graphite,25041010,Import,SWITZERLAND,0.0,1.0,0.0,0.0,5.5,0.0,1,3635.27866391443
2020-2021,Graphite,25041010,Import,U K,0.04,32000.0,0.5044136191677175,1.25e-06,2.9,0.14627994955863807,1,3635.27866391443
2020-2021,Graphite,25041010,Import,U S A,0.05,17668.0,0.630517023959647,2.8299750962191536e-06,3.8,0.23959646910466587,1,3635.27866391443
2020-2021,Graphite,25041010,Import,UKRAINE,0.01,7000.0,0.1261034047919293,1.4285714285714286e-06,5.5,0.06935687263556112,1,3635.27866391443
2020-2021,Graphite,25041010,Import,VIETNAM SOC REP,1.19,2838000.0,15.006305170239594,4.1930937279774485e-07,5.2,7.80327868852459,-1,3635.27866391443
2021-2022,Graphite,25041010,Import,AUSTRIA,0.06,59200.0,0.7168458781362007,1.0135135135135134e-06,5.5,0.3942652329749104,1,3635.27866391443
2021-2022,Graphite,25041010,Import,BELGIUM,0.03,9800.0,0.3584229390681003,3.061224489795918e-06,5.5,0.19713261648745517,1,3635.27866391443
2021-2022,Graphite,25041010,Import,BRAZIL,0.23,252000.0,2.747909199522103,9.126984126984128e-07,5.7,1.5663082437275988,1,3635.27866391443
2021-2022,Graphite,25041010,Import,CANADA,0.08,21060.0,0.9557945041816012,3.798670465337132e-06,1.5,0.14336917562724016,1,3635.27866391443
2021-2022,Graphite,25041010,Import,CHINA P RP,2.83,2532105.0,33.81123058542414,1.1176471749789208e-06,5.3,17.919952210274793,-1,3635.27866391443
2021-2022,Graphite,25041010,Import,GERMANY,0.47,113755.0,5.615292712066906,4.131686519273878e-06,2.1,1.1792114695340503,1,3635.27866391443
2021-2022,Graphite,25041010,Import,ITALY,0.04,16329.0,0.4778972520908005,2.449629493539102e-06,3.6,0.17204301075268819,1,3635.27866391443
2021-2022,Graphite,25041010,Import,JAPAN,0.19,36940.0,2.2700119474313025,5.1434759068760155e-06,2.0,0.4540023894862605,1,3635.27866391443
2021-2022,Graphite,25041010,Import,KOREA RP,0.0,50.0,0.0,0.0,2.8,0.0,1,3635.27866391443
2021-2022,Graphite,25041010,Import,MADAGASCAR,4.31,6011000.0,51.49342891278376,7.170187988687406e-07,6.6,33.985663082437284,-1,3635.27866391443
2021-2022,Graphite,25041010,Import,MOZAMBIQUE,0.0,1.0,,0.0,7.8,0.0,1,3635.27866391443
2021-2022,Graphite,25041010,Import,NETHERLAND,0.03,8400.0,0.3584229390681003,3.5714285714285714e-06,5.5,0.19713261648745517,1,3635.27866391443
2021-2022,Graphite,25041010,Import,NORWAY,0.0,200.0,0.0,0.0,1.1,0.0,1,3635.27866391443
2021-2022,Graphite,25041010,Import,SWEDEN,0.01,2160.0,0.1194743130227001,4.6296296296296296e-06,1.8,0.02150537634408602,1,3635.27866391443
2021-2022,Graphite,25041010,Import,SWITZERLAND,0.0,1.0,,0.0,5.5,0.0,1,3635.27866391443
2021-2022,Graphite,25041010,Import,U K,0.01,4576.0,0.1194743130227001,2.1853146853146853e-06,2.9,0.03464755077658303,1,3635.27866391443
2021-2022,Graphite,25041010,Import,U S A,0.08,25919.0,0.9557945041816012,3.0865388325166866e-06,3.8,0.36320191158900844,1,3635.27866391443
2021-2022,Graphite,25041010,Import,UKRAINE,0.0,1.0,,0.0,5.5,0.0,1,3635.27866391443
2021-2022,Graphite,25041010,Import,VIETNAM SOC REP,0.0,1.0,,0.0,5.2,0.0,1,3635.27866391443
2022-2023,Graphite,25041010,Import,AUSTRIA,0.03,20000.0,0.4048582995951417,1.5e-06,5.5,0.22267206477732793,1,3635.27866391443
2022-2023,Graphite,25041010,Import,BELGIUM,0.0,1.0,,0.0,5.5,0.0,1,3635.27866391443
2022-2023,Graphite,25041010,Import,BRAZIL,0.0,1.0,,0.0,5.7,0.0,1,3635.27866391443
2022-2023,Graphite,25041010,Import,CANADA,0.05,11940.0,0.6747638326585697,4.187604690117253e-06,1.5,0.10121457489878545,1,3635.27866391443
2022-2023,Graphite,25041010,Import,CHINA P RP,3.4,3672740.0,45.88394062078273,9.257393662497209e-07,5.3,24.318488529014846,1,3635.27866391443
2022-2023,Graphite,25041010,Import,GERMANY,0.57,122740.0,7.6923076923076925,4.6439628482972135e-06,2.1,1.6153846153846154,1,3635.27866391443
2022-2023,Graphite,25041010,Import,HONG KONG,0.0,25.0,0.0,0.0,3.5,0.0,1,3635.27866391443
2022-2023,Graphite,25041010,Import,ITALY,0.0,1.0,,0.0,3.6,0.0,1,3635.27866391443
2022-2023,Graphite,25041010,Import,JAPAN,0.15,39565.0,2.0242914979757085,3.791229622140781e-06,2.0,0.4048582995951417,1,3635.27866391443
2022-2023,Graphite,25041010,Import,KOREA RP,0.0,540.0,0.0,0.0,2.8,0.0,1,3635.27866391443
2022-2023,Graphite,25041010,Import,MADAGASCAR,2.61,3477000.0,35.22267206477733,7.506471095772217e-07,6.6,23.246963562753034,1,3635.27866391443
2022-2023,Graphite,25041010,Import,MEXICO,0.02,9072.0,0.2699055330634278,2.2045855379188715e-06,5.8,0.1565452091767881,1,3635.27866391443
2022-2023,Graphite,25041010,Import,MOZAMBIQUE,0.24,203056.0,3.238866396761133,1.1819399574501614e-06,7.8,2.526315789473684,1,3635.27866391443
2022-2023,Graphite,25041010,Import,NETHERLAND,0.0,1.0,,0.0,5.5,0.0,1,3635.27866391443
2022-2023,Graphite,25041010,Import,NORWAY,0.0,1.0,,0.0,1.1,0.0,1,3635.27866391443
2022-2023,Graphite,25041010,Import,SOUTH AFRICA,0.0,6.0,0.0,0.0,6.0,0.0,1,3635.27866391443
2022-2023,Graphite,25041010,Import,SWEDEN,0.01,2700.0,0.1349527665317139,3.7037037037037037e-06,1.8,0.024291497975708502,1,3635.27866391443
2022-2023,Graphite,25041010,Import,TANZANIA REP,0.2,250000.0,2.6990553306342786,8.000000000000001e-07,6.5,1.7543859649122813,1,3635.27866391443
2022-2023,Graphite,25041010,Import,U K,0.03,16500.0,0.4048582995951417,1.818181818181818e-06,2.9,0.11740890688259109,1,3635.27866391443
2022-2023,Graphite,25041010,Import,U S A,0.1,33118.0,1.3495276653171393,3.0195060088169576e-06,3.8,0.512820512820513,1,3635.27866391443
2023-2024,Graphite,25041010,Import,AUSTRIA,0.01,7000.0,0.136986301369863,1.4285714285714286e-06,5.5,0.07534246575342465,1,3635.27866391443
2023-2024,Graphite,25041010,Import,CANADA,0.04,9945.0,0.547945205479452,4.022121669180493e-06,1.5,0.0821917808219178,1,3635.27866391443
2023-2024,Graphite,25041010,Import,CHINA P RP,3.71,4133300.0,50.821917808219176,8.975878837732562e-07,5.3,26.935616438356163,1,3635.27866391443
2023-2024,Graphite,25041010,Import,GERMANY,0.11,17595.0,1.5068493150684932,6.25177607274794e-06,2.1,0.3164383561643836,1,3635.27866391443
2023-2024,Graphite,25041010,Import,HONG KONG,0.0,1.0,,0.0,3.5,0.0,1,3635.27866391443
2023-2024,Graphite,25041010,Import,ITALY,0.0,495.0,0.0,0.0,3.6,0.0,1,3635.27866391443
2023-2024,Graphite,25041010,Import,JAPAN,0.39,24140.0,5.342465753424658,1.615575807787904e-05,2.0,1.0684931506849316,1,3635.27866391443
2023-2024,Graphite,25041010,Import,KOREA RP,0.0,1.0,,0.0,2.8,0.0,1,3635.27866391443
2023-2024,Graphite,25041010,Import,MADAGASCAR,2.3,2948650.0,31.506849315068493,7.800179743272345e-07,6.6,20.794520547945204,1,3635.27866391443
2023-2024,Graphite,25041010,Import,MEXICO,0.0,1.0,,0.0,5.8,0.0,1,3635.27866391443
2023-2024,Graphite,25041010,Import,MOZAMBIQUE,0.08,120544.0,1.095890410958904,6.636580833554552e-07,7.8,0.854794520547945,1,3635.27866391443
2023-2024,Graphite,25041010,Import,SINGAPORE,0.04,80000.0,0.547945205479452,5e-07,2.3,0.12602739726027395,1,3635.27866391443
2023-2024,Graphite,25041010,Import,SOUTH AFRICA,0.0,1.0,,0.0,6.0,0.0,1,3635.27866391443
2023-2024,Graphite,25041010,Import,SWEDEN,0.01,1080.0,0.136986301369863,9.259259259259259e-06,1.8,0.024657534246575342,1,3635.27866391443
2023-2024,Graphite,25041010,Import,TANZANIA REP,0.02,48000.0,0.273972602739726,4.1666666666666667e-07,6.5,0.1780821917808219,1,3635.27866391443
2023-2024,Graphite,25041010,Import,U ARAB EMTS,0.07,75500.0,0.9589041095890412,9.271523178807948e-07,4.2,0.40273972602739727,1,3635.27866391443
2023-2024,Graphite,25041010,Import,U K,0.03,16000.0,0.410958904109589,1.8749999999999998e-06,2.9,0.1191780821917808,1,3635.27866391443
2023-2024,Graphite,25041010,Import,U S A,0.15,42535.0,2.054794520547945,3.526507581991301e-06,3.8,0.780821917808219,1,3635.27866391443
2023-2024,Graphite,25041010,Import,UKRAINE,0.0,150.0,0.0,0.0,5.5,0.0,1,3635.27866391443
2023-2024,Graphite,25041010,Import,VIETNAM SOC REP,0.34,674000.0,4.657534246575342,5.044510385756677e-07,5.2,2.4219178082191783,1,3635.27866391443
2024-2025,Graphite,25041010,Import,AUSTRIA,0.01,7000.0,0.136986301369863,1.4285714285714286e-06,5.5,0.07534246575342465,1,3635.27866391443
2024-2025,Graphite,25041010,Import,CANADA,0.04,9945.0,0.547945205479452,4.022121669180493e-06,1.5,0.0821917808219178,1,3635.27866391443
2024-2025,Graphite,25041010,Import,CHINA P RP,3.71,4133300.0,50.821917808219176,8.975878837732562e-07,5.3,26.935616438356163,1,3635.27866391443
2024-2025,Graphite,25041010,Import,GERMANY,0.11,17595.0,1.5068493150684932,6.25177607274794e-06,2.1,0.3164383561643836,1,3635.27866391443
2024-2025,Graphite,25041010,Import,HONG KONG,0.0,1.0,,0.0,3.5,0.0,1,3635.27866391443
2024-2025,Graphite,25041010,Import,ITALY,0.0,495.0,0.0,0.0,3.6,0.0,1,3635.27866391443
2024-2025,Graphite,25041010,Import,JAPAN,0.39,24140.0,5.342465753424658,1.615575807787904e-05,2.0,1.0684931506849316,1,3635.27866391443
2024-2025,Graphite,25041010,Import,KOREA RP,0.0,1.0,,0.0,2.8,0.0,1,3635.27866391443
2024-2025,Graphite,25041010,Import,MADAGASCAR,2.3,2948650.0,31.506849315068493,7.800179743272345e-07,6.6,20.794520547945204,1,3635.27866391443
2024-2025,Graphite,25041010,Import,MEXICO,0.0,1.0,,0.0,5.8,0.0,1,3635.27866391443
2024-2025,Graphite,25041010,Import,MOZAMBIQUE,0.08,120544.0,1.095890410958904,6.636580833554552e-07,7.8,0.854794520547945,1,3635.27866391443
2024-2025,Graphite,25041010,Import,SINGAPORE,0.04,80000.0,0.547945205479452,5e-07,2.3,0.12602739726027395,1,3635.27866391443
2024-2025,Graphite,25041010,Import,SOUTH AFRICA,0.0,1.0,,0.0,6.0,0.0,1,3635.27866391443
2024-2025,Graphite,25041010,Import,SWEDEN,0.01,1080.0,0.136986301369863,9.259259259259259e-06,1.8,0.024657534246575342,1,3635.27866391443
2024-2025,Graphite,25041010,Import,TANZANIA REP,0.02,48000.0,0.273972602739726,4.1666666666666667e-07,6.5,0.1780821917808219,1,3635.27866391443
2024-2025,Graphite,25041010,Import,U ARAB EMTS,0.07,75500.0,0.9589041095890412,9.271523178807948e-07,4.2,0.40273972602739727,1,3635.27866391443
2024-2025,Graphite,25041010,Import,U K,0.03,16000.0,0.410958904109589,1.8749999999999998e-06,2.9,0.1191780821917808,1,3635.27866391443
2024-2025,Graphite,25041010,Import,U S A,0.15,42535.0,2.054794520547945,3.526507581991301e-06,3.8,0.780821917808219,1,3635.27866391443
2024-2025,Graphite,25041010,Import,UKRAINE,0.0,150.0,0.0,0.0,5.5,0.0,1,3635.27866391443
2024-2025,Graphite,25041010,Import,VIETNAM SOC REP,0.34,674000.0,4.657534246575342,5.044510385756677e-07,5.2,2.4219178082191783,1,3635.27866391443
2018-2019,LithiumCarbonate,28369100,Import,AUSTRIA,0.0,1.0,,0.0,5.5,0.0,1,9240.72265625
2018-2019,LithiumCarbonate,28369100,Import,BELGIUM,0.01,520.0,2.1739130434782608,1.923076923076923e-05,5.5,1.1956521739130435,1,9240.72265625
2018-2019,LithiumCarbonate,28369100,Import,CHINA P RP,0.33,98701.0,71.73913043478261,3.3434311709101227e-06,5.3,38.02173913043478,1,9240.72265625
2018-2019,LithiumCarbonate,28369100,Import,FRANCE,0.01,400.0,2.1739130434782608,2.5e-05,2.3,0.4999999999999999,1,9240.72265625
2018-2019,LithiumCarbonate,28369100,Import,GERMANY,0.0,250.0,0.0,0.0,2.1,0.0,1,9240.72265625
2018-2019,LithiumCarbonate,28369100,Import,JAPAN,0.02,670.0,4.3478260869565215,2.9850746268656717e-05,2.0,0.8695652173913043,1,9240.72265625
2018-2019,LithiumCarbonate,28369100,Import,KOREA RP,0.04,1400.0,8.695652173913043,2.857142857142857e-05,2.8,2.434782608695652,1,9240.72265625
2018-2019,LithiumCarbonate,28369100,Import,MALAYSIA,0.0,1.0,,0.0,4.5,0.0,1,9240.72265625
2018-2019,LithiumCarbonate,28369100,Import,NORWAY,0.0,250.0,0.0,0.0,1.1,0.0,1,9240.72265625
2018-2019,LithiumCarbonate,28369100,Import,POLAND,0.0,1.0,,0.0,5.5,0.0,1,9240.72265625
2018-2019,LithiumCarbonate,28369100,Import,SPAIN,0.0,1.0,,0.0,5.5,0.0,1,9240.72265625
2018-2019,LithiumCarbonate,28369100,Import,U K,0.02,752.0,4.3478260869565215,2.6595744680851064e-05,2.9,1.2608695652173911,1,9240.72265625
2018-2019,LithiumCarbonate,28369100,Import,U S A,0.03,1012.0,6.521739130434782,2.9644268774703556e-05,3.8,2.4782608695652173,1,9240.72265625
2019-2020,LithiumCarbonate,28369100,Import,ARGENTINA,0.65,56000.0,5.798394290811775,1.1607142857142857e-05,4.0,2.31935771632471,1,9240.72265625
2019-2020,LithiumCarbonate,28369100,Import,AUSTRIA,0.0,1.0,,0.0,5.5,0.0,1,9240.72265625
2019-2020,LithiumCarbonate,28369100,Import,BELGIUM,2.46,206150.0,21.944692239072257,1.1933058452583071e-05,5.5,12.06958073148974,1,9240.72265625
2019-2020,LithiumCarbonate,28369100,Import,CHILE,1.32,95000.0,11.775200713648529,1.3894736842105263e-05,3.1,3.6503122212310437,1,9240.72265625
2019-2020,LithiumCarbonate,28369100,Import,CHINA P RP,0.64,57000.0,5.709188224799286,1.1228070175438597e-05,5.3,3.0258697591436214,1,9240.72265625
2019-2020,LithiumCarbonate,28369100,Import,FRANCE,0.0,1.0,,0.0,2.3,0.0,1,9240.72265625
2019-2020,LithiumCarbonate,28369100,Import,GERMANY,0.01,262.0,0.0892060660124888,3.816793893129771e-05,2.1,0.01873327386262265,1,9240.72265625
2019-2020,LithiumCarbonate,28369100,Import,IRELAND,0.05,100000.0,0.4460303300624442,5e-07,5.5,0.2453166815343443,1,9240.72265625
2019-2020,LithiumCarbonate,28369100,Import,ITALY,0.02,1400.0,0.1784121320249777,1.4285714285714285e-05,3.6,0.06422836752899197,1,9240.72265625
2019-2020,LithiumCarbonate,28369100,Import,JAPAN,0.18,12020.0,1.6057091882247994,1.497504159733777e-05,2.0,0.32114183764495985,1,9240.72265625
2019-2020,LithiumCarbonate,28369100,Import,MALAYSIA,0.02,200.0,0.1784121320249777,0.0001,4.5,0.08028545941123996,1,9240.72265625
2019-2020,LithiumCarbonate,28369100,Import,NETHERLAND,0.2,400000.0,1.784121320249777,5e-07,5.5,0.9812667261373773,1,9240.72265625
2019-2020,LithiumCarbonate,28369100,Import,RUSSIA,0.0,2.0,0.0,0.0,6.7,0.0,1,9240.72265625
2019-2020,LithiumCarbonate,28369100,Import,SINGAPORE,0.84,22803.0,7.493309545049062,3.6837258255492695e-05,2.3,1.7234611953612842,1,9240.72265625
2019-2020,LithiumCarbonate,28369100,Import,SLOVENIA,0.63,15000.0,5.619982158786797,4.2e-05,5.5,3.0909901873327383,1,9240.72265625
2019-2020,LithiumCarbonate,28369100,Import,U K,0.21,20008.0,1.8733273862622652,1.0495801679328269e-05,2.9,0.5432649420160569,1,9240.72265625
2019-2020,LithiumCarbonate,28369100,Import,U S A,3.98,133268.0,35.50401427297056,2.9864633670498544e-05,3.8,13.491525423728811,-1,9240.72265625
2020-2021,LithiumCarbonate,28369100,Import,ARGENTINA,0.34,60000.0,3.9719626168224296,5.666666666666667e-06,4.0,1.588785046728972,1,9240.72265625
2020-2021,LithiumCarbonate,28369100,Import,AUSTRIA,0.12,2950.0,1.4018691588785044,4.067796610169491e-05,5.5,0.7710280373831775,1,9240.72265625
2020-2021,LithiumCarbonate,28369100,Import,BELGIUM,1.74,266401.0,20.32710280373832,6.531507013862561e-06,5.5,11.179906542056077,1,9240.72265625
2020-2021,LithiumCarbonate,28369100,Import,CANADA,0.05,9000.0,0.5841121495327103,5.555555555555556e-06,1.5,0.08761682242990654,1,9240.72265625
2020-2021,LithiumCarbonate,28369100,Import,CHILE,0.63,71200.0,7.359813084112149,8.848314606741573e-06,3.1,2.2815420560747666,1,9240.72265625
2020-2021,LithiumCarbonate,28369100,Import,CHINA P RP,0.37,56805.0,4.322429906542056,6.513511134583223e-06,5.3,2.29088785046729,1,9240.72265625
2020-2021,LithiumCarbonate,28369100,Import,GERMANY,0.65,120002.0,7.593457943925233,5.4165763903934935e-06,2.1,1.594626168224299,1,9240.72265625
2020-2021,LithiumCarbonate,28369100,Import,IRELAND,0.22,400000.0,2.570093457943925,5.5e-07,5.5,1.4135514018691588,1,9240.72265625
2020-2021,LithiumCarbonate,28369100,Import,ITALY,0.01,600.0,0.116822429906542,1.6666666666666667e-05,3.6,0.042056074766355124,1,9240.72265625
2020-2021,LithiumCarbonate,28369100,Import,JAPAN,0.0,40.0,0.0,0.0,2.0,0.0,1,9240.72265625
2020-2021,LithiumCarbonate,28369100,Import,MALAYSIA,0.0,1.0,,0.0,4.5,0.0,1,9240.72265625
2020-2021,LithiumCarbonate,28369100,Import,NETHERLAND,0.06,100200.0,0.7009345794392522,5.988023952095808e-07,5.5,0.38551401869158874,1,9240.72265625
2020-2021,LithiumCarbonate,28369100,Import,RUSSIA,0.0,1.0,,0.0,6.7,0.0,1,9240.72265625
2020-2021,LithiumCarbonate,28369100,Import,SINGAPORE,0.77,21000.0,8.995327102803738,3.6666666666666666e-05,2.3,2.0689252336448596,1,9240.72265625
2020-2021,LithiumCarbonate,28369100,Import,SLOVENIA,0.0,1.0,,0.0,5.5,0.0,1,9240.72265625
2020-2021,LithiumCarbonate,28369100,Import,U K,0.08,13086.0,0.9345794392523364,6.1134036374751645e-06,2.9,0.2710280373831776,1,9240.72265625
2020-2021,LithiumCarbonate,28369100,Import,U S A,3.52,121805.0,41.1214953271028,2.8898649480727392e-05,3.8,15.626168224299061,-1,9240.72265625
2021-2022,LithiumCarbonate,28369100,Import,ARGENTINA,0.41,40000.0,4.7180667433832,1.025e-05,4.0,1.8872266973532799,1,9240.72265625
2021-2022,LithiumCarbonate,28369100,Import,AUSTRIA,0.46,10000.0,5.293440736478712,4.6e-05,5.5,2.9113924050632916,1,9240.72265625
2021-2022,LithiumCarbonate,28369100,Import,BELGIUM,3.45,510000.0,39.70080552359034,6.7647058823529414e-06,5.5,21.835443037974688,1,9240.72265625
2021-2022,LithiumCarbonate,28369100,Import,CANADA,0.19,4000.0,2.186421173762946,4.75e-05,1.5,0.32796317606444186,1,9240.72265625
2021-2022,LithiumCarbonate,28369100,Import,CHILE,0.28,38300.0,3.222094361334868,7.3107049608355094e-06,3.1,0.9988492520138091,1,9240.72265625
2021-2022,LithiumCarbonate,28369100,Import,CHINA P RP,0.35,23800.0,4.027617951668584,1.4705882352941175e-05,5.3,2.1346375143843495,1,9240.72265625
2021-2022,LithiumCarbonate,28369100,Import,GERMANY,0.37,46205.0,4.25776754890679,8.007791364570934e-06,2.1,0.8941311852704258,1,9240.72265625
2021-2022,LithiumCarbonate,28369100,Import,IRELAND,0.17,300000.0,1.9562715765247407,5.666666666666667e-07,5.5,1.0759493670886076,1,9240.72265625
2021-2022,LithiumCarbonate,28369100,Import,ITALY,0.02,800.0,0.2301495972382048,2.5e-05,3.6,0.08285385500575373,1,9240.72265625
2021-2022,LithiumCarbonate,28369100,Import,JAPAN,0.0,1.0,,0.0,2.0,0.0,1,9240.72265625
2021-2022,LithiumCarbonate,28369100,Import,NETHERLAND,0.11,200000.0,1.2658227848101269,5.5e-07,5.5,0.6962025316455698,1,9240.72265625
2021-2022,LithiumCarbonate,28369100,Import,SINGAPORE,0.18,5000.0,2.0713463751438432,3.6e-05,2.3,0.47640966628308395,1,9240.72265625
2021-2022,LithiumCarbonate,28369100,Import,SLOVENIA,0.46,10000.0,5.293440736478712,4.6e-05,5.5,2.9113924050632916,1,9240.72265625
2021-2022,LithiumCarbonate,28369100,Import,U K,0.17,20000.0,1.9562715765247407,8.5e-06,2.9,0.5673187571921747,1,9240.72265625
2021-2022,LithiumCarbonate,28369100,Import,U S A,2.07,33902.0,23.8204833141542,6.105834464043419e-05,3.8,9.051783659378597,1,9240.72265625
2022-2023,LithiumCarbonate,28369100,Import,ARGENTINA,1.48,43000.0,6.654676258992804,3.441860465116279e-05,4.0,2.6618705035971217,1,9240.72265625
2022-2023,LithiumCarbonate,28369100,Import,AUSTRIA,0.0,1.0,,0.0,5.5,0.0,1,9240.72265625
2022-2023,LithiumCarbonate,28369100,Import,BELGIUM,11.89,227000.0,53.46223021582733,5.2378854625550666e-05,5.5,29.404226618705035,-1,9240.72265625
2022-2023,LithiumCarbonate,28369100,Import,BRAZIL,0.0,50.0,0.0,0.0,5.7,0.0,1,9240.72265625
2022-2023,LithiumCarbonate,28369100,Import,CANADA,0.0,1.0,,0.0,1.5,0.0,1,9240.72265625
2022-2023,LithiumCarbonate,28369100,Import,CHILE,0.28,3600.0,1.2589928057553956,7.777777777777778e-05,3.1,0.3902877697841727,1,9240.72265625
2022-2023,LithiumCarbonate,28369100,Import,CHINA P RP,0.0,14.0,0.0,0.0,5.3,0.0,1,9240.72265625
2022-2023,LithiumCarbonate,28369100,Import,GERMANY,0.74,23080.0,3.327338129496402,3.206239168110918e-05,2.1,0.6987410071942445,1,9240.72265625
2022-2023,LithiumCarbonate,28369100,Import,IRELAND,0.12,200000.0,0.539568345323741,6e-07,5.5,0.29676258992805754,1,9240.72265625
2022-2023,LithiumCarbonate,28369100,Import,ITALY,0.0,1.0,,0.0,3.6,0.0,1,9240.72265625
2022-2023,LithiumCarbonate,28369100,Import,NETHERLAND,0.22,400000.0,0.9892086330935252,5.5e-07,5.5,0.5440647482014389,1,9240.72265625
2022-2023,LithiumCarbonate,28369100,Import,SINGAPORE,0.0,1.0,0.0,0.0,2.3,0.0,1,9240.72265625
2022-2023,LithiumCarbonate,28369100,Import,SLOVENIA,0.6,13000.0,2.6978417266187047,4.615384615384615e-05,5.5,1.4838129496402876,1,9240.72265625
2022-2023,LithiumCarbonate,28369100,Import,U K,2.81,40200.0,12.634892086330934,6.990049751243781e-05,2.9,3.664118705035971,-1,9240.72265625
2022-2023,LithiumCarbonate,28369100,Import,U S A,4.1,75081.0,18.435251798561147,5.4607690361076696e-05,3.8,7.005395683453235,-1,9240.72265625
2023-2024,LithiumCarbonate,28369100,Import,BELGIUM,0.0,2.0,0.0,0.0,5.5,0.0,1,9240.72265625
2023-2024,LithiumCarbonate,28369100,Import,CHINA P RP,2.23,231250.0,96.53679653679652,9.643243243243243e-06,5.3,51.16450216450215,1,9240.72265625
2023-2024,LithiumCarbonate,28369100,Import,ESTONIA,0.01,200.0,0.4329004329004329,5e-05,5.5,0.23809523809523808,1,9240.72265625
2023-2024,LithiumCarbonate,28369100,Import,FRANCE,0.01,800.0,0.4329004329004329,1.25e-05,2.3,0.09956709956709955,1,9240.72265625
2023-2024,LithiumCarbonate,28369100,Import,GERMANY,0.04,1830.0,1.7316017316017316,2.185792349726776e-05,2.1,0.36363636363636365,1,9240.72265625
2023-2024,LithiumCarbonate,28369100,Import,JAPAN,0.0,17.0,0.0,0.0,2.0,0.0,1,9240.72265625
2023-2024,LithiumCarbonate,28369100,Import,KOREA RP,0.0,1.0,0.0,0.0,2.8,0.0,1,9240.72265625
2023-2024,LithiumCarbonate,28369100,Import,NETHERLAND,0.0,60.0,0.0,0.0,5.5,0.0,1,9240.72265625
2023-2024,LithiumCarbonate,28369100,Import,POLAND,0.0,1.0,,0.0,5.5,0.0,1,9240.72265625
2023-2024,LithiumCarbonate,28369100,Import,SPAIN,0.0,1.0,0.0,0.0,5.5,0.0,1,9240.72265625
2023-2024,LithiumCarbonate,28369100,Import,U K,0.01,4.0,0.4329004329004329,0.0025,2.9,0.12554112554112554,1,9240.72265625
2023-2024,LithiumCarbonate,28369100,Import,U S A,0.01,10.0,0.4329004329004329,0.001,3.8,0.16450216450216448,1,9240.72265625
2024-2025,LithiumCarbonate,28369100,Import,BELGIUM,0.0,1.0,0.0,0.0,5.5,0.0,1,9240.72265625
2024-2025,LithiumCarbonate,28369100,Import,CHINA P RP,1.23,129870.0,96.09375,9.471009471009471e-06,5.3,50.9296875,1,9240.72265625
2024-2025,LithiumCarbonate,28369100,Import,ESTONIA,0.01,500.0,0.78125,2e-05,5.5,0.4296875,1,9240.72265625
2024-2025,LithiumCarbonate,28369100,Import,FRANCE,0.0,1.0,,0.0,2.3,0.0,1,9240.72265625
2024-2025,LithiumCarbonate,28369100,Import,GERMANY,0.03,1070.0,2.34375,2.8037383177570094e-05,2.1,0.4921875,1,9240.72265625
2024-2025,LithiumCarbonate,28369100,Import,JAPAN,0.0,32.0,0.0,0.0,2.0,0.0,1,9240.72265625
2024-2025,LithiumCarbonate,28369100,Import,KOREA RP,0.0,1.0,0.0,0.0,2.8,0.0,1,9240.72265625
2024-2025,LithiumCarbonate,28369100,Import,NETHERLAND,0.0,1.0,,0.0,5.5,0.0,1,9240.72265625
2024-2025,LithiumCarbonate,28369100,Import,SPAIN,0.0,1.0,,0.0,5.5,0.0,1,9240.72265625
2024-2025,LithiumCarbonate,28369100,Import,U K,0.01,17.0,0.78125,0.0005882352941176471,2.9,0.2265625,1,9240.72265625
2024-2025,LithiumCarbonate,28369100,Import,U S A,0.0,7.0,0.0,0.0,3.8,0.0,1,9240.72265625
2018-2019,LithiumHydroxide,28252000,Import,BELGIUM,8.88,510002.0,28.092375830433408,1.7411696424719905e-05,5.5,15.450806706738373,1,2866.342037531149
2018-2019,LithiumHydroxide,28252000,Import,CANADA,0.0,1.0,0.0,0.0,1.5,0.0,1,2866.342037531149
2018-2019,LithiumHydroxide,28252000,Import,CHILE,0.0,1.0,,0.0,3.1,0.0,1,2866.342037531149
2018-2019,LithiumHydroxide,28252000,Import,CHINA P RP,15.85,936907.0,50.14236001265422,1.6917367465500846e-05,5.3,26.575450806706737,-1,2866.342037531149
2018-2019,LithiumHydroxide,28252000,Import,GERMANY,0.68,23269.0,2.151217968997153,2.922343031501139e-05,2.1,0.4517557734894022,1,2866.342037531149
2018-2019,LithiumHydroxide,28252000,Import,HONG KONG,0.0,35.0,0.0,0.0,3.5,0.0,1,2866.342037531149
2018-2019,LithiumHydroxide,28252000,Import,IRELAND,0.0,20.0,0.0,0.0,5.5,0.0,1,2866.342037531149
2018-2019,LithiumHydroxide,28252000,Import,JAPAN,0.37,20000.0,1.170515659601392,1.85e-05,2.0,0.23410313192027837,1,2866.342037531149
2018-2019,LithiumHydroxide,28252000,Import,JORDAN,0.0,1.0,,0.0,5.5,0.0,1,2866.342037531149
2018-2019,LithiumHydroxide,28252000,Import,NETHERLAND,0.41,25100.0,1.2970578930718126,1.633466135458167e-05,5.5,0.713381841189497,1,2866.342037531149
2018-2019,LithiumHydroxide,28252000,Import,RUSSIA,4.07,209000.0,12.875672255615312,1.9473684210526318e-05,6.7,8.62670041126226,1,2866.342037531149
2018-2019,LithiumHydroxide,28252000,Import,SINGAPORE,0.77,50014.0,2.4359379943056,1.5395689207022034e-05,2.3,0.5602657386902881,1,2866.342037531149
2018-2019,LithiumHydroxide,28252000,Import,SWITZERLAND,0.32,20000.0,1.012337867763366,1.6e-05,5.5,0.5567858272698514,1,2866.342037531149
2018-2019,LithiumHydroxide,28252000,Import,TAIWAN,0.0,425.0,0.0,0.0,5.5,0.0,1,2866.342037531149
2018-2019,LithiumHydroxide,28252000,Import,U K,0.01,736.0,0.0316355583676051,1.3586956521739131e-05,2.9,0.009174311926605479,1,2866.342037531149
2018-2019,LithiumHydroxide,28252000,Import,U S A,0.25,20009.0,0.7908889591901298,1.249437753011145e-05,3.8,0.3005378044922493,1,2866.342037531149
2019-2020,LithiumHydroxide,28252000,Import,BELGIUM,7.42,1.0,39.87103707684041,7.42,5.5,21.929070392262226,-1,2866.342037531149
2019-2020,LithiumHydroxide,28252000,Import,CANADA,0.0,1.0,0.0,0.0,1.5,0.0,1,2866.342037531149
2019-2020,LithiumHydroxide,28252000,Import,CHILE,0.37,1.0,1.9881783987103707,0.37,3.1,0.6163353036002149,1,2866.342037531149
2019-2020,LithiumHydroxide,28252000,Import,CHINA P RP,3.01,1.0,16.174099946265446,3.01,5.3,8.572272971520686,1,2866.342037531149
2019-2020,LithiumHydroxide,28252000,Import,GERMANY,0.5,1.0,2.686727565824825,0.5,2.1,0.5642127888232132,1,2866.342037531149
2019-2020,LithiumHydroxide,28252000,Import,HONG KONG,0.21,1.0,1.1284255776464267,0.21,3.5,0.39494895217624937,1,2866.342037531149
2019-2020,LithiumHydroxide,28252000,Import,IRELAND,0.0,1.0,,0.0,5.5,0.0,1,2866.342037531149
2019-2020,LithiumHydroxide,28252000,Import,JAPAN,0.52,1.0,2.7941966684578183,0.52,2.0,0.5588393336915637,1,2866.342037531149
2019-2020,LithiumHydroxide,28252000,Import,LATVIA,1.18,1.0,6.340677055346587,1.18,5.5,3.487372380440623,1,2866.342037531149
2019-2020,LithiumHydroxide,28252000,Import,NETHERLAND,0.06,1.0,0.322407307898979,0.06,5.5,0.17732401934443845,1,2866.342037531149
2019-2020,LithiumHydroxide,28252000,Import,RUSSIA,5.27,1.0,28.318108543793656,5.27,6.7,18.97313272434175,1,2866.342037531149
2019-2020,LithiumHydroxide,28252000,Import,SINGAPORE,0.0,1.0,,0.0,2.3,0.0,1,2866.342037531149
2019-2020,LithiumHydroxide,28252000,Import,SWITZERLAND,0.0,1.0,0.0,0.0,5.5,0.0,1,2866.342037531149
2019-2020,LithiumHydroxide,28252000,Import,TAIWAN,0.0,1.0,,0.0,5.5,0.0,1,2866.342037531149
2019-2020,LithiumHydroxide,28252000,Import,U ARAB EMTS,0.0,1.0,0.0,0.0,4.2,0.0,1,2866.342037531149
2019-2020,LithiumHydroxide,28252000,Import,U K,0.0,1.0,0.0,0.0,2.9,0.0,1,2866.342037531149
2019-2020,LithiumHydroxide,28252000,Import,U S A,0.07,1.0,0.3761418592154756,0.07,3.8,0.1429339065018807,1,2866.342037531149
2020-2021,LithiumHydroxide,28252000,Import,BELGIUM,1.88,1.0,11.311672683513835,1.88,5.5,6.221419975932609,1,2866.342037531149
2020-2021,LithiumHydroxide,28252000,Import,CANADA,0.0,1.0,,0.0,1.5,0.0,1,2866.342037531149
2020-2021,LithiumHydroxide,28252000,Import,CHILE,3.33,1.0,20.03610108303249,3.33,3.1,6.2111913357400725,1,2866.342037531149
2020-2021,LithiumHydroxide,28252000,Import,CHINA P RP,3.01,1.0,18.110709987966302,3.01,5.3,9.59867629362214,1,2866.342037531149
2020-2021,LithiumHydroxide,28252000,Import,CZECH REPUBLIC,0.04,1.0,0.2406738868832731,0.04,5.5,0.13237063778580022,1,2866.342037531149
2020-2021,LithiumHydroxide,28252000,Import,GERMANY,0.32,1.0,1.9253910950661852,0.32,2.1,0.4043321299638989,1,2866.342037531149
2020-2021,LithiumHydroxide,28252000,Import,HONG KONG,0.0,1.0,,0.0,3.5,0.0,1,2866.342037531149
2020-2021,LithiumHydroxide,28252000,Import,JAPAN,0.0,1.0,0.0,0.0,2.0,0.0,1,2866.342037531149
2020-2021,LithiumHydroxide,28252000,Import,LATVIA,2.41,1.0,14.500601684717209,2.41,5.5,7.975330926594465,1,2866.342037531149
2020-2021,LithiumHydroxide,28252000,Import,NETHERLAND,0.0,1.0,0.0,0.0,5.5,0.0,1,2866.342037531149
2020-2021,LithiumHydroxide,28252000,Import,RUSSIA,5.36,1.0,32.250300842358605,5.36,6.7,21.607701564380267,1,2866.342037531149
2020-2021,LithiumHydroxide,28252000,Import,SWITZERLAND,0.0,1.0,0.0,0.0,5.5,0.0,1,2866.342037531149
2020-2021,LithiumHydroxide,28252000,Import,U ARAB EMTS,0.13,1.0,0.7821901323706377,0.13,4.2,0.3285198555956679,1,2866.342037531149
2020-2021,LithiumHydroxide,28252000,Import,U K,0.14,1.0,0.842358604091456,0.14,2.9,0.24428399518652225,1,2866.342037531149
2020-2021,LithiumHydroxide,28252000,Import,U S A,0.0,1.0,0.0,0.0,3.8,0.0,1,2866.342037531149
2021-2022,LithiumHydroxide,28252000,Import,BELGIUM,5.75,1.0,19.83442566402208,5.75,5.5,10.908934115212144,1,2866.342037531149
2021-2022,LithiumHydroxide,28252000,Import,CHILE,0.0,1.0,,0.0,3.1,0.0,1,2866.342037531149
2021-2022,LithiumHydroxide,28252000,Import,CHINA P RP,2.06,1.0,7.1058985857192125,2.06,5.3,3.7661262504311828,1,2866.342037531149
2021-2022,LithiumHydroxide,28252000,Import,CZECH REPUBLIC,0.0,1.0,,0.0,5.5,0.0,1,2866.342037531149
2021-2022,LithiumHydroxide,28252000,Import,FRANCE,0.0,1.0,0.0,0.0,2.3,0.0,1,2866.342037531149
2021-2022,LithiumHydroxide,28252000,Import,GERMANY,0.27,1.0,0.9313556398758192,0.27,2.1,0.195584684373922,1,2866.342037531149
2021-2022,LithiumHydroxide,28252000,Import,JAPAN,0.0,1.0,,0.0,2.0,0.0,1,2866.342037531149
2021-2022,LithiumHydroxide,28252000,Import,LATVIA,1.62,1.0,5.588133839254915,1.62,5.5,3.0734736115902033,1,2866.342037531149
2021-2022,LithiumHydroxide,28252000,Import,NETHERLAND,0.0,1.0,,0.0,5.5,0.0,1,2866.342037531149
2021-2022,LithiumHydroxide,28252000,Import,RUSSIA,11.35,1.0,39.15143152811314,11.35,6.7,26.231459123835805,-1,2866.342037531149
2021-2022,LithiumHydroxide,28252000,Import,SINGAPORE,2.71,1.0,9.348051052086925,2.71,2.3,2.1500517419799925,1,2866.342037531149
2021-2022,LithiumHydroxide,28252000,Import,SWITZERLAND,0.0,1.0,,0.0,5.5,0.0,1,2866.342037531149
2021-2022,LithiumHydroxide,28252000,Import,U ARAB EMTS,4.29,1.0,14.798206278026903,4.29,4.2,6.215246636771299,1,2866.342037531149
2021-2022,LithiumHydroxide,28252000,Import,U K,0.93,1.0,3.2080027595722664,0.93,2.9,0.9303208002759572,1,2866.342037531149
2021-2022,LithiumHydroxide,28252000,Import,U S A,0.01,1.0,0.034494653328734,0.01,3.8,0.013107968264918918,1,2866.342037531149
2022-2023,LithiumHydroxide,28252000,Import,BELGIUM,34.45,1.0,50.19670697945505,34.45,5.5,27.60818883870028,-1,2866.342037531149
2022-2023,LithiumHydroxide,28252000,Import,CHINA P RP,4.05,1.0,5.901209383651464,4.05,5.3,3.127640973335276,1,2866.342037531149
2022-2023,LithiumHydroxide,28252000,Import,FRANCE,0.0,1.0,,0.0,2.3,0.0,1,2866.342037531149
2022-2023,LithiumHydroxide,28252000,Import,GERMANY,1.24,1.0,1.806790033513041,1.24,2.1,0.3794259070377386,1,2866.342037531149
2022-2023,LithiumHydroxide,28252000,Import,KENYA,0.06,1.0,0.0874253242022439,0.06,5.5,0.04808392831123415,1,2866.342037531149
2022-2023,LithiumHydroxide,28252000,Import,KOREA RP,0.86,1.0,1.2530963135654962,0.86,2.8,0.3508669677983389,1,2866.342037531149
2022-2023,LithiumHydroxide,28252000,Import,LATVIA,1.14,1.0,1.6610811598426345,1.14,5.5,0.913594637913449,1,2866.342037531149
2022-2023,LithiumHydroxide,28252000,Import,NETHERLAND,1.17,1.0,1.7047938219437564,1.17,5.5,0.9376366020690661,1,2866.342037531149
2022-2023,LithiumHydroxide,28252000,Import,RUSSIA,10.91,1.0,15.896838117441352,10.91,6.7,10.650881538685706,-1,2866.342037531149
2022-2023,LithiumHydroxide,28252000,Import,SINGAPORE,2.73,1.0,3.9778522512020986,2.73,2.3,0.9149060177764825,1,2866.342037531149
2022-2023,LithiumHydroxide,28252000,Import,U ARAB EMTS,11.19,1.0,16.30482296371849,11.19,4.2,6.8480256447617665,-1,2866.342037531149
2022-2023,LithiumHydroxide,28252000,Import,U K,0.19,1.0,0.2768468599737724,0.19,2.9,0.080285589392394,1,2866.342037531149
2022-2023,LithiumHydroxide,28252000,Import,U S A,0.64,1.0,0.932536791490602,0.64,3.8,0.3543639807664287,1,2866.342037531149
2023-2024,LithiumHydroxide,28252000,Import,BELGIUM,9.03,383925.0,30.15025041736227,2.3520218792732953e-05,5.5,16.582637729549248,1,2866.342037531149
2023-2024,LithiumHydroxide,28252000,Import,CHINA P RP,5.21,228290.0,17.395659432387312,2.2821849402076308e-05,5.3,9.219699499165275,1,2866.342037531149
2023-2024,LithiumHydroxide,28252000,Import,GERMANY,1.43,32149.0,4.774624373956595,4.4480388192478766e-05,2.1,1.002671118530885,1,2866.342037531149
2023-2024,LithiumHydroxide,28252000,Import,HONG KONG,0.61,20001.0,2.036727879799666,3.0498475076246187e-05,3.5,0.7128547579298831,1,2866.342037531149
2023-2024,LithiumHydroxide,28252000,Import,JAPAN,0.66,36009.0,2.2036727879799667,1.8328751145546948e-05,2.0,0.44073455759599334,1,2866.342037531149
2023-2024,LithiumHydroxide,28252000,Import,KENYA,0.0,1.0,,0.0,5.5,0.0,1,2866.342037531149
2023-2024,LithiumHydroxide,28252000,Import,KOREA RP,0.0,1.0,,0.0,2.8,0.0,1,2866.342037531149
2023-2024,LithiumHydroxide,28252000,Import,LATVIA,0.39,20000.0,1.302170283806344,1.95e-05,5.5,0.7161936560934892,1,2866.342037531149
2023-2024,LithiumHydroxide,28252000,Import,NETHERLAND,0.0,1.0,,0.0,5.5,0.0,1,2866.342037531149
2023-2024,LithiumHydroxide,28252000,Import,RUSSIA,9.27,304002.0,30.95158597662771,3.0493220439339215e-05,6.7,20.737562604340567,1,2866.342037531149
2023-2024,LithiumHydroxide,28252000,Import,SINGAPORE,0.0,1.0,,0.0,2.3,0.0,1,2866.342037531149
2023-2024,LithiumHydroxide,28252000,Import,TANZANIA REP,0.01,24000.0,0.0333889816360601,4.1666666666666667e-07,6.5,0.021702838063439065,1,2866.342037531149
2023-2024,LithiumHydroxide,28252000,Import,U ARAB EMTS,3.01,85065.0,10.050083472454087,3.5384705813201666e-05,4.2,4.221035058430717,1,2866.342037531149
2023-2024,LithiumHydroxide,28252000,Import,U K,0.0,127.0,0.0,0.0,2.9,0.0,1,2866.342037531149
2023-2024,LithiumHydroxide,28252000,Import,U S A,0.33,13938.0,1.1018363939899831,2.3676280671545418e-05,3.8,0.41869782971619357,1,2866.342037531149
2024-2025,LithiumHydroxide,28252000,Import,ARGENTINA,1.1,139212.0,4.7230571060541005,7.901617676637073e-06,4.0,1.8892228424216402,1,2866.342037531149
2024-2025,LithiumHydroxide,28252000,Import,AUSTRALIA,0.0,3.0,0.0,0.0,1.6,0.0,1,2866.342037531149
2024-2025,LithiumHydroxide,28252000,Import,BELGIUM,8.08,769000.0,34.69300128810649,1.0507152145643694e-05,5.5,19.08115070845857,1,2866.342037531149
2024-2025,LithiumHydroxide,28252000,Import,CHILE,0.87,80000.0,3.7355088020609695,1.0875e-05,3.1,1.1580077286389006,1,2866.342037531149
2024-2025,LithiumHydroxide,28252000,Import,CHINA P RP,9.16,720066.0,39.330184628595966,1.2721056125410726e-05,5.3,20.84499785315586,1,2866.342037531149
2024-2025,LithiumHydroxide,28252000,Import,GERMANY,0.85,30328.0,3.64963503649635,2.8026905829596413e-05,2.1,0.7664233576642335,1,2866.342037531149
2024-2025,LithiumHydroxide,28252000,Import,HONG KONG,0.0,1.0,,0.0,3.5,0.0,1,2866.342037531149
2024-2025,LithiumHydroxide,28252000,Import,JAPAN,0.4,37901.0,1.7174753112924004,1.0553811245085882e-05,2.0,0.3434950622584801,1,2866.342037531149
2024-2025,LithiumHydroxide,28252000,Import,KOREA RP,0.0,20.0,0.0,0.0,2.8,0.0,1,2866.342037531149
2024-2025,LithiumHydroxide,28252000,Import,LATVIA,0.0,1.0,,0.0,5.5,0.0,1,2866.342037531149
2024-2025,LithiumHydroxide,28252000,Import,RUSSIA,1.69,120000.0,7.256333190210391,1.4083333333333333e-05,6.7,4.861743237440963,1,2866.342037531149
2024-2025,LithiumHydroxide,28252000,Import,TANZANIA REP,0.0,1.0,,0.0,6.5,0.0,1,2866.342037531149
2024-2025,LithiumHydroxide,28252000,Import,U ARAB EMTS,0.07,6000.0,0.3005581794761701,1.1666666666666668e-05,4.2,0.12623443537999143,1,2866.342037531149
2024-2025,LithiumHydroxide,28252000,Import,U K,0.57,50000.0,2.44740231859167,1.14e-05,2.9,0.7097466723915842,1,2866.342037531149
2024-2025,LithiumHydroxide,28252000,Import,U S A,0.5,37779.0,2.1468441391155,1.3234865930808121e-05,3.8,0.81580077286389,1,2866.342037531149
2018-2019,Lithium (Carbonate),28369100,Import,ARGENTINA,0.42,26000.0,2.7149321266968323,1.6153846153846154e-05,4.0,1.085972850678733,1,2110.7518382157905
2018-2019,Lithium (Carbonate),28369100,Import,AUSTRIA,0.32,8500.0,2.068519715578539,3.7647058823529415e-05,5.5,1.1376858435681965,1,2110.7518382157905
2018-2019,Lithium (Carbonate),28369100,Import,BELGIUM,2.42,229200.0,15.6431803490627,1.0558464223385689e-05,5.5,8.603749191984486,1,2110.7518382157905
2018-2019,Lithium (Carbonate),28369100,Import,CHILE,3.99,238000.0,25.791855203619917,1.6764705882352943e-05,3.1,7.995475113122174,1,2110.7518382157905
2018-2019,Lithium (Carbonate),28369100,Import,CHINA P RP,2.02,172033.0,13.05753070458953,1.1741933233740038e-05,5.3,6.920491273432451,1,2110.7518382157905
2018-2019,Lithium (Carbonate),28369100,Import,FRANCE,0.06,110000.0,0.387847446670976,5.454545454545454e-07,2.3,0.08920491273432447,1,2110.7518382157905
2018-2019,Lithium (Carbonate),28369100,Import,GERMANY,0.0,147.0,0.0,0.0,2.1,0.0,1,2110.7518382157905
2018-2019,Lithium (Carbonate),28369100,Import,IRELAND,0.24,440000.0,1.551389786683904,5.454545454545454e-07,5.5,0.8532643826761472,1,2110.7518382157905
2018-2019,Lithium (Carbonate),28369100,Import,ITALY,0.03,1400.0,0.193923723335488,2.1428571428571428e-05,3.6,0.06981254040077568,1,2110.7518382157905
2018-2019,Lithium (Carbonate),28369100,Import,JAPAN,0.0,1.0,,0.0,2.0,0.0,1,2110.7518382157905
2018-2019,Lithium (Carbonate),28369100,Import,SINGAPORE,0.13,3531.0,0.8403361344537815,3.6816765788728404e-05,2.3,0.19327731092436973,1,2110.7518382157905
2018-2019,Lithium (Carbonate),28369100,Import,SLOVENIA,0.6,14500.0,3.87847446670976,4.1379310344827587e-05,5.5,2.133160956690368,1,2110.7518382157905
2018-2019,Lithium (Carbonate),28369100,Import,U K,0.38,160002.0,2.456367162249516,2.374970312871089e-06,2.9,0.7123464770523595,1,2110.7518382157905
2018-2019,Lithium (Carbonate),28369100,Import,U S A,4.86,130411.0,31.41564318034906,3.7266794978951164e-05,3.8,11.937944408532642,-1,2110.7518382157905
2019-2020,Lithium (Carbonate),28369100,Import,ARGENTINA,0.65,56000.0,5.798394290811775,1.1607142857142857e-05,4.0,2.31935771632471,1,2110.7518382157905
2019-2020,Lithium (Carbonate),28369100,Import,AUSTRIA,0.0,1.0,,0.0,5.5,0.0,1,2110.7518382157905
2019-2020,Lithium (Carbonate),28369100,Import,BELGIUM,2.46,206150.0,21.944692239072257,1.1933058452583071e-05,5.5,12.06958073148974,1,2110.7518382157905
2019-2020,Lithium (Carbonate),28369100,Import,CHILE,1.32,95000.0,11.775200713648529,1.3894736842105263e-05,3.1,3.6503122212310437,1,2110.7518382157905
2019-2020,Lithium (Carbonate),28369100,Import,CHINA P RP,0.64,57000.0,5.709188224799286,1.1228070175438597e-05,5.3,3.0258697591436214,1,2110.7518382157905
2019-2020,Lithium (Carbonate),28369100,Import,FRANCE,0.0,1.0,,0.0,2.3,0.0,1,2110.7518382157905
2019-2020,Lithium (Carbonate),28369100,Import,GERMANY,0.01,262.0,0.0892060660124888,3.816793893129771e-05,2.1,0.01873327386262265,1,2110.7518382157905
2019-2020,Lithium (Carbonate),28369100,Import,IRELAND,0.05,100000.0,0.4460303300624442,5e-07,5.5,0.2453166815343443,1,2110.7518382157905
2019-2020,Lithium (Carbonate),28369100,Import,ITALY,0.02,1400.0,0.1784121320249777,1.4285714285714285e-05,3.6,0.06422836752899197,1,2110.7518382157905
2019-2020,Lithium (Carbonate),28369100,Import,JAPAN,0.18,12020.0,1.6057091882247994,1.497504159733777e-05,2.0,0.32114183764495985,1,2110.7518382157905
2019-2020,Lithium (Carbonate),28369100,Import,MALAYSIA,0.02,200.0,0.1784121320249777,0.0001,4.5,0.08028545941123996,1,2110.7518382157905
2019-2020,Lithium (Carbonate),28369100,Import,NETHERLAND,0.2,400000.0,1.784121320249777,5e-07,5.5,0.9812667261373773,1,2110.7518382157905
2019-2020,Lithium (Carbonate),28369100,Import,RUSSIA,0.0,2.0,0.0,0.0,6.7,0.0,1,2110.7518382157905
2019-2020,Lithium (Carbonate),28369100,Import,SINGAPORE,0.84,22803.0,7.493309545049062,3.6837258255492695e-05,2.3,1.7234611953612842,1,2110.7518382157905
2019-2020,Lithium (Carbonate),28369100,Import,SLOVENIA,0.63,15000.0,5.619982158786797,4.2e-05,5.5,3.0909901873327383,1,2110.7518382157905
2019-2020,Lithium (Carbonate),28369100,Import,U K,0.21,20008.0,1.8733273862622652,1.0495801679328269e-05,2.9,0.5432649420160569,1,2110.7518382157905
2019-2020,Lithium (Carbonate),28369100,Import,U S A,3.98,133268.0,35.50401427297056,2.9864633670498544e-05,3.8,13.491525423728811,1,2110.7518382157905
2020-2021,Lithium (Carbonate),28369100,Import,ARGENTINA,0.34,60000.0,3.9719626168224296,5.666666666666667e-06,4.0,1.588785046728972,1,2110.7518382157905
2020-2021,Lithium (Carbonate),28369100,Import,AUSTRIA,0.12,2950.0,1.4018691588785044,4.067796610169491e-05,5.5,0.7710280373831775,1,2110.7518382157905
2020-2021,Lithium (Carbonate),28369100,Import,BELGIUM,1.74,266401.0,20.32710280373832,6.531507013862561e-06,5.5,11.179906542056077,1,2110.7518382157905
2020-2021,Lithium (Carbonate),28369100,Import,CANADA,0.05,9000.0,0.5841121495327103,5.555555555555556e-06,1.5,0.08761682242990654,1,2110.7518382157905
2020-2021,Lithium (Carbonate),28369100,Import,CHILE,0.63,71200.0,7.359813084112149,8.848314606741573e-06,3.1,2.2815420560747666,1,2110.7518382157905
2020-2021,Lithium (Carbonate),28369100,Import,CHINA P RP,0.37,56805.0,4.322429906542056,6.513511134583223e-06,5.3,2.29088785046729,1,2110.7518382157905
2020-2021,Lithium (Carbonate),28369100,Import,GERMANY,0.65,120002.0,7.593457943925233,5.4165763903934935e-06,2.1,1.594626168224299,1,2110.7518382157905
2020-2021,Lithium (Carbonate),28369100,Import,IRELAND,0.22,400000.0,2.570093457943925,5.5e-07,5.5,1.4135514018691588,1,2110.7518382157905
2020-2021,Lithium (Carbonate),28369100,Import,ITALY,0.01,600.0,0.116822429906542,1.6666666666666667e-05,3.6,0.042056074766355124,1,2110.7518382157905
2020-2021,Lithium (Carbonate),28369100,Import,JAPAN,0.0,40.0,0.0,0.0,2.0,0.0,1,2110.7518382157905
2020-2021,Lithium (Carbonate),28369100,Import,MALAYSIA,0.0,1.0,,0.0,4.5,0.0,1,2110.7518382157905
2020-2021,Lithium (Carbonate),28369100,Import,NETHERLAND,0.06,100200.0,0.7009345794392522,5.988023952095808e-07,5.5,0.38551401869158874,1,2110.7518382157905
2020-2021,Lithium (Carbonate),28369100,Import,RUSSIA,0.0,1.0,,0.0,6.7,0.0,1,2110.7518382157905
2020-2021,Lithium (Carbonate),28369100,Import,SINGAPORE,0.77,21000.0,8.995327102803738,3.6666666666666666e-05,2.3,2.0689252336448596,1,2110.7518382157905
2020-2021,Lithium (Carbonate),28369100,Import,SLOVENIA,0.0,1.0,,0.0,5.5,0.0,1,2110.7518382157905
2020-2021,Lithium (Carbonate),28369100,Import,U K,0.08,13086.0,0.9345794392523364,6.1134036374751645e-06,2.9,0.2710280373831776,1,2110.7518382157905
2020-2021,Lithium (Carbonate),28369100,Import,U S A,3.52,121805.0,41.1214953271028,2.8898649480727392e-05,3.8,15.626168224299061,1,2110.7518382157905
2021-2022,Lithium (Carbonate),28369100,Import,ARGENTINA,0.41,40000.0,4.7180667433832,1.025e-05,4.0,1.8872266973532799,1,2110.7518382157905
2021-2022,Lithium (Carbonate),28369100,Import,AUSTRIA,0.46,10000.0,5.293440736478712,4.6e-05,5.5,2.9113924050632916,1,2110.7518382157905
2021-2022,Lithium (Carbonate),28369100,Import,BELGIUM,3.45,510000.0,39.70080552359034,6.7647058823529414e-06,5.5,21.835443037974688,1,2110.7518382157905
2021-2022,Lithium (Carbonate),28369100,Import,CANADA,0.19,4000.0,2.186421173762946,4.75e-05,1.5,0.32796317606444186,1,2110.7518382157905
2021-2022,Lithium (Carbonate),28369100,Import,CHILE,0.28,38300.0,3.222094361334868,7.3107049608355094e-06,3.1,0.9988492520138091,1,2110.7518382157905
2021-2022,Lithium (Carbonate),28369100,Import,CHINA P RP,0.35,23800.0,4.027617951668584,1.4705882352941175e-05,5.3,2.1346375143843495,1,2110.7518382157905
2021-2022,Lithium (Carbonate),28369100,Import,GERMANY,0.37,46205.0,4.25776754890679,8.007791364570934e-06,2.1,0.8941311852704258,1,2110.7518382157905
2021-2022,Lithium (Carbonate),28369100,Import,IRELAND,0.17,300000.0,1.9562715765247407,5.666666666666667e-07,5.5,1.0759493670886076,1,2110.7518382157905
2021-2022,Lithium (Carbonate),28369100,Import,ITALY,0.02,800.0,0.2301495972382048,2.5e-05,3.6,0.08285385500575373,1,2110.7518382157905
2021-2022,Lithium (Carbonate),28369100,Import,JAPAN,0.0,1.0,,0.0,2.0,0.0,1,2110.7518382157905
2021-2022,Lithium (Carbonate),28369100,Import,NETHERLAND,0.11,200000.0,1.2658227848101269,5.5e-07,5.5,0.6962025316455698,1,2110.7518382157905
2021-2022,Lithium (Carbonate),28369100,Import,SINGAPORE,0.18,5000.0,2.0713463751438432,3.6e-05,2.3,0.47640966628308395,1,2110.7518382157905
2021-2022,Lithium (Carbonate),28369100,Import,SLOVENIA,0.46,10000.0,5.293440736478712,4.6e-05,5.5,2.9113924050632916,1,2110.7518382157905
2021-2022,Lithium (Carbonate),28369100,Import,U K,0.17,20000.0,1.9562715765247407,8.5e-06,2.9,0.5673187571921747,1,2110.7518382157905
2021-2022,Lithium (Carbonate),28369100,Import,U S A,2.07,33902.0,23.8204833141542,6.105834464043419e-05,3.8,9.051783659378597,1,2110.7518382157905
2022-2023,Lithium (Carbonate),28369100,Import,ARGENTINA,1.48,43000.0,6.654676258992804,3.441860465116279e-05,4.0,2.6618705035971217,1,2110.7518382157905
2022-2023,Lithium (Carbonate),28369100,Import,AUSTRIA,0.0,1.0,,0.0,5.5,0.0,1,2110.7518382157905
2022-2023,Lithium (Carbonate),28369100,Import,BELGIUM,11.89,227000.0,53.46223021582733,5.2378854625550666e-05,5.5,29.404226618705035,-1,2110.7518382157905
2022-2023,Lithium (Carbonate),28369100,Import,BRAZIL,0.0,50.0,0.0,0.0,5.7,0.0,1,2110.7518382157905
2022-2023,Lithium (Carbonate),28369100,Import,CANADA,0.0,1.0,,0.0,1.5,0.0,1,2110.7518382157905
2022-2023,Lithium (Carbonate),28369100,Import,CHILE,0.28,3600.0,1.2589928057553956,7.777777777777778e-05,3.1,0.3902877697841727,1,2110.7518382157905
2022-2023,Lithium (Carbonate),28369100,Import,CHINA P RP,0.0,14.0,0.0,0.0,5.3,0.0,1,2110.7518382157905
2022-2023,Lithium (Carbonate),28369100,Import,GERMANY,0.74,23080.0,3.327338129496402,3.206239168110918e-05,2.1,0.6987410071942445,1,2110.7518382157905
2022-2023,Lithium (Carbonate),28369100,Import,IRELAND,0.12,200000.0,0.539568345323741,6e-07,5.5,0.29676258992805754,1,2110.7518382157905
2022-2023,Lithium (Carbonate),28369100,Import,ITALY,0.0,1.0,,0.0,3.6,0.0,1,2110.7518382157905
2022-2023,Lithium (Carbonate),28369100,Import,NETHERLAND,0.22,400000.0,0.9892086330935252,5.5e-07,5.5,0.5440647482014389,1,2110.7518382157905
2022-2023,Lithium (Carbonate),28369100,Import,SINGAPORE,0.0,1.0,0.0,0.0,2.3,0.0,1,2110.7518382157905
2022-2023,Lithium (Carbonate),28369100,Import,SLOVENIA,0.6,13000.0,2.6978417266187047,4.615384615384615e-05,5.5,1.4838129496402876,1,2110.7518382157905
2022-2023,Lithium (Carbonate),28369100,Import,U K,2.81,40200.0,12.634892086330934,6.990049751243781e-05,2.9,3.664118705035971,-1,2110.7518382157905
2022-2023,Lithium (Carbonate),28369100,Import,U S A,4.1,75081.0,18.435251798561147,5.4607690361076696e-05,3.8,7.005395683453235,1,2110.7518382157905
2023-2024,Lithium (Carbonate),28369100,Import,ARGENTINA,3.78,95000.0,15.353371242891958,3.978947368421052e-05,4.0,6.141348497156783,1,2110.7518382157905
2023-2024,Lithium (Carbonate),28369100,Import,BELGIUM,4.66,166860.0,18.927701056051998,2.7927603979383917e-05,5.5,10.4102355808286,-1,2110.7518382157905
2023-2024,Lithium (Carbonate),28369100,Import,BRAZIL,1.73,28600.0,7.0268074735987005,6.048951048951049e-05,5.7,4.00528025995126,1,2110.7518382157905
2023-2024,Lithium (Carbonate),28369100,Import,CHILE,0.37,13600.0,1.502843216896832,2.7205882352941177e-05,3.1,0.4658813972380179,1,2110.7518382157905
2023-2024,Lithium (Carbonate),28369100,Import,CHINA P RP,3.96,126032.0,16.084484159220146,3.14205915957852e-05,5.3,8.524776604386677,1,2110.7518382157905
2023-2024,Lithium (Carbonate),28369100,Import,GERMANY,1.62,38010.0,6.580016246953697,4.2620363062352014e-05,2.1,1.3818034118602764,1,2110.7518382157905
2023-2024,Lithium (Carbonate),28369100,Import,HONG KONG,0.0,1.0,0.0,0.0,3.5,0.0,1,2110.7518382157905
2023-2024,Lithium (Carbonate),28369100,Import,IRELAND,0.23,400000.0,0.9341998375304632,5.75e-07,5.5,0.5138099106417547,1,2110.7518382157905
2023-2024,Lithium (Carbonate),28369100,Import,JAPAN,0.04,380.0,0.1624695369618196,0.00010526315789473685,2.0,0.03249390739236392,1,2110.7518382157905
2023-2024,Lithium (Carbonate),28369100,Import,NETHERLAND,0.12,200000.0,0.487408610885459,6e-07,5.5,0.2680747359870025,1,2110.7518382157905
2023-2024,Lithium (Carbonate),28369100,Import,SINGAPORE,0.02,300.0,0.0812347684809098,6.666666666666667e-05,2.3,0.018683996750609253,1,2110.7518382157905
2023-2024,Lithium (Carbonate),28369100,Import,SLOVENIA,1.1,5000.0,4.467912266450042,0.00022,5.5,2.457351746547523,1,2110.7518382157905
2023-2024,Lithium (Carbonate),28369100,Import,U K,0.73,20000.0,2.9650690495532093,3.65e-05,2.9,0.8598700243704307,1,2110.7518382157905
2023-2024,Lithium (Carbonate),28369100,Import,U S A,6.26,52300.0,25.42648253452478,0.00011969407265774378,3.8,9.662063363119415,-1,2110.7518382157905
2024-2025,Lithium (Carbonate),28369100,Import,ARGENTINA,0.0,1.0,,0.0,4.0,0.0,1,2110.7518382157905
2024-2025,Lithium (Carbonate),28369100,Import,BELGIUM,0.98,75600.0,7.980456026058631,1.2962962962962962e-05,5.5,4.3892508143322475,1,2110.7518382157905
2024-2025,Lithium (Carbonate),28369100,Import,BRAZIL,0.02,300.0,0.1628664495114006,6.666666666666667e-05,5.7,0.09283387622149836,1,2110.7518382157905
2024-2025,Lithium (Carbonate),28369100,Import,CANADA,0.72,8000.0,5.863192182410423,8.999999999999999e-05,1.5,0.8794788273615636,1,2110.7518382157905
2024-2025,Lithium (Carbonate),28369100,Import,CHILE,1.61,147000.0,13.110749185667752,1.0952380952380953e-05,3.1,4.064332247557003,1,2110.7518382157905
2024-2025,Lithium (Carbonate),28369100,Import,CHINA P RP,3.26,222552.0,26.547231270358303,1.4648261979222832e-05,5.3,14.070032573289899,-1,2110.7518382157905
2024-2025,Lithium (Carbonate),28369100,Import,GERMANY,1.11,88665.0,9.039087947882736,1.2519032312637456e-05,2.1,1.8982084690553749,1,2110.7518382157905
2024-2025,Lithium (Carbonate),28369100,Import,HONG KONG,0.0,1.0,0.0,0.0,3.5,0.0,1,2110.7518382157905
2024-2025,Lithium (Carbonate),28369100,Import,IRELAND,0.22,400000.0,1.7915309446254069,5.5e-07,5.5,0.9853420195439737,1,2110.7518382157905
2024-2025,Lithium (Carbonate),28369100,Import,ITALY,0.01,500.0,0.0814332247557003,2e-05,3.6,0.029315960912052113,1,2110.7518382157905
2024-2025,Lithium (Carbonate),28369100,Import,JAPAN,0.07,1379.0,0.5700325732899023,5.076142131979696e-05,2.0,0.11400651465798047,1,2110.7518382157905
2024-2025,Lithium (Carbonate),28369100,Import,NETHERLAND,0.0,1.0,,0.0,5.5,0.0,1,2110.7518382157905
2024-2025,Lithium (Carbonate),28369100,Import,SINGAPORE,0.0,1.0,,0.0,2.3,0.0,1,2110.7518382157905
2024-2025,Lithium (Carbonate),28369100,Import,SLOVENIA,0.0,1.0,,0.0,5.5,0.0,1,2110.7518382157905
2024-2025,Lithium (Carbonate),28369100,Import,THAILAND,0.02,200.0,0.1628664495114006,0.0001,5.8,0.09446254071661235,1,2110.7518382157905
2024-2025,Lithium (Carbonate),28369100,Import,U ARAB EMTS,0.0,41.0,0.0,0.0,4.2,0.0,1,2110.7518382157905
2024-2025,Lithium (Carbonate),28369100,Import,U K,0.29,20000.0,2.361563517915309,1.4499999999999998e-05,2.9,0.6848534201954396,1,2110.7518382157905
2024-2025,Lithium (Carbonate),28369100,Import,U S A,3.97,42456.0,32.328990228013026,9.350857358206143e-05,3.8,12.28501628664495,1,2110.7518382157905
2024-2025,Lithium (Carbonate),28369100,Import,ZIMBABWE,0.0,145.0,0.0,0.0,8.2,0.0,1,2110.7518382157905
2018-2019,RareEarthMetal-Compounds,28461010,Import,AUSTRIA,0.0,1.0,,0.0,5.5,0.0,1,9240.72265625
2018-2019,RareEarthMetal-Compounds,28461010,Import,BELGIUM,0.01,520.0,2.1739130434782608,1.923076923076923e-05,5.5,1.1956521739130435,1,9240.72265625
2018-2019,RareEarthMetal-Compounds,28461010,Import,CHINA P RP,0.33,98701.0,71.73913043478261,3.3434311709101227e-06,5.3,38.02173913043478,1,9240.72265625
2018-2019,RareEarthMetal-Compounds,28461010,Import,FRANCE,0.01,400.0,2.1739130434782608,2.5e-05,2.3,0.4999999999999999,1,9240.72265625
2018-2019,RareEarthMetal-Compounds,28461010,Import,GERMANY,0.0,250.0,0.0,0.0,2.1,0.0,1,9240.72265625
2018-2019,RareEarthMetal-Compounds,28461010,Import,JAPAN,0.02,670.0,4.3478260869565215,2.9850746268656717e-05,2.0,0.8695652173913043,1,9240.72265625
2018-2019,RareEarthMetal-Compounds,28461010,Import,KOREA RP,0.04,1400.0,8.695652173913043,2.857142857142857e-05,2.8,2.434782608695652,1,9240.72265625
2018-2019,RareEarthMetal-Compounds,28461010,Import,MALAYSIA,0.0,1.0,,0.0,4.5,0.0,1,9240.72265625
2018-2019,RareEarthMetal-Compounds,28461010,Import,NORWAY,0.0,250.0,0.0,0.0,1.1,0.0,1,9240.72265625
2018-2019,RareEarthMetal-Compounds,28461010,Import,POLAND,0.0,1.0,,0.0,5.5,0.0,1,9240.72265625
2018-2019,RareEarthMetal-Compounds,28461010,Import,SPAIN,0.0,1.0,,0.0,5.5,0.0,1,9240.72265625
2018-2019,RareEarthMetal-Compounds,28461010,Import,U K,0.02,752.0,4.3478260869565215,2.6595744680851064e-05,2.9,1.2608695652173911,1,9240.72265625
2018-2019,RareEarthMetal-Compounds,28461010,Import,U S A,0.03,1012.0,6.521739130434782,2.9644268774703556e-05,3.8,2.4782608695652173,1,9240.72265625
2019-2020,RareEarthMetal-Compounds,28461010,Import,BELGIUM,0.0,1.0,0.0,0.0,5.5,0.0,1,9240.72265625
2019-2020,RareEarthMetal-Compounds,28461010,Import,CHINA P RP,0.31,91000.0,59.61538461538461,3.4065934065934064e-06,5.3,31.596153846153847,1,9240.72265625
2019-2020,RareEarthMetal-Compounds,28461010,Import,CZECH REPUBLIC,0.0,25.0,0.0,0.0,5.5,0.0,1,9240.72265625
2019-2020,RareEarthMetal-Compounds,28461010,Import,FRANCE,0.0,1.0,0.0,0.0,2.3,0.0,1,9240.72265625
2019-2020,RareEarthMetal-Compounds,28461010,Import,GERMANY,0.0,251.0,0.0,0.0,2.1,0.0,1,9240.72265625
2019-2020,RareEarthMetal-Compounds,28461010,Import,JAPAN,0.0,1.0,0.0,0.0,2.0,0.0,1,9240.72265625
2019-2020,RareEarthMetal-Compounds,28461010,Import,KOREA RP,0.0,1.0,,0.0,2.8,0.0,1,9240.72265625
2019-2020,RareEarthMetal-Compounds,28461010,Import,NORWAY,0.0,1.0,,0.0,1.1,0.0,1,9240.72265625
2019-2020,RareEarthMetal-Compounds,28461010,Import,U K,0.19,10505.0,36.53846153846153,1.808662541646835e-05,2.9,10.596153846153843,1,9240.72265625
2019-2020,RareEarthMetal-Compounds,28461010,Import,U S A,0.02,712.0,3.8461538461538463,2.808988764044944e-05,3.8,1.4615384615384615,1,9240.72265625
2020-2021,RareEarthMetal-Compounds,28461010,Import,BELGIUM,0.0,3.0,0.0,0.0,5.5,0.0,1,9240.72265625
2020-2021,RareEarthMetal-Compounds,28461010,Import,CHINA P RP,1.12,134000.0,55.172413793103445,8.358208955223882e-06,5.3,29.241379310344826,-1,9240.72265625
2020-2021,RareEarthMetal-Compounds,28461010,Import,CZECH REPUBLIC,0.0,1.0,,0.0,5.5,0.0,1,9240.72265625
2020-2021,RareEarthMetal-Compounds,28461010,Import,ESTONIA,0.0,100.0,0.0,0.0,5.5,0.0,1,9240.72265625
2020-2021,RareEarthMetal-Compounds,28461010,Import,FRANCE,0.0,1.0,,0.0,2.3,0.0,1,9240.72265625
2020-2021,RareEarthMetal-Compounds,28461010,Import,GERMANY,0.2,10400.0,9.852216748768472,1.923076923076923e-05,2.1,2.068965517241379,1,9240.72265625
2020-2021,RareEarthMetal-Compounds,28461010,Import,HONG KONG,0.02,3720.0,0.9852216748768472,5.376344086021506e-06,3.5,0.3448275862068965,1,9240.72265625
2020-2021,RareEarthMetal-Compounds,28461010,Import,JAPAN,0.0,1.0,0.0,0.0,2.0,0.0,1,9240.72265625
2020-2021,RareEarthMetal-Compounds,28461010,Import,NORWAY,0.29,15500.0,14.285714285714285,1.8709677419354837e-05,1.1,1.5714285714285716,1,9240.72265625
2020-2021,RareEarthMetal-Compounds,28461010,Import,SOUTH AFRICA,0.07,3000.0,3.4482758620689653,2.3333333333333336e-05,6.0,2.0689655172413794,1,9240.72265625
2020-2021,RareEarthMetal-Compounds,28461010,Import,SWITZERLAND,0.0,10.0,0.0,0.0,5.5,0.0,1,9240.72265625
2020-2021,RareEarthMetal-Compounds,28461010,Import,TAIWAN,0.01,500.0,0.4926108374384235,2e-05,5.5,0.2709359605911329,1,9240.72265625
2020-2021,RareEarthMetal-Compounds,28461010,Import,U ARAB EMTS,0.0,2.0,0.0,0.0,4.2,0.0,1,9240.72265625
2020-2021,RareEarthMetal-Compounds,28461010,Import,U K,0.32,17013.0,15.763546798029552,1.8809145947216835e-05,2.9,4.57142857142857,1,9240.72265625
2020-2021,RareEarthMetal-Compounds,28461010,Import,U S A,0.0,2.0,0.0,0.0,3.8,0.0,1,9240.72265625
2021-2022,RareEarthMetal-Compounds,28461010,Import,AUSTRIA,0.02,200.0,1.7241379310344829,0.0001,5.5,0.9482758620689656,1,9240.72265625
2021-2022,RareEarthMetal-Compounds,28461010,Import,BELGIUM,0.0,2.0,0.0,0.0,5.5,0.0,1,9240.72265625
2021-2022,RareEarthMetal-Compounds,28461010,Import,CHINA P RP,1.05,109775.0,90.51724137931036,9.565019357777272e-06,5.3,47.97413793103449,-1,9240.72265625
2021-2022,RareEarthMetal-Compounds,28461010,Import,ESTONIA,0.0,1.0,,0.0,5.5,0.0,1,9240.72265625
2021-2022,RareEarthMetal-Compounds,28461010,Import,GERMANY,0.01,110.0,0.8620689655172413,9.090909090909092e-05,2.1,0.1810344827586207,1,9240.72265625
2021-2022,RareEarthMetal-Compounds,28461010,Import,HONG KONG,0.0,2.0,0.0,0.0,3.5,0.0,1,9240.72265625
2021-2022,RareEarthMetal-Compounds,28461010,Import,ITALY,0.0,3.0,0.0,0.0,3.6,0.0,1,9240.72265625
2021-2022,RareEarthMetal-Compounds,28461010,Import,JAPAN,0.0,1.0,,0.0,2.0,0.0,1,9240.72265625
2021-2022,RareEarthMetal-Compounds,28461010,Import,NORWAY,0.0,1.0,,0.0,1.1,0.0,1,9240.72265625
2021-2022,RareEarthMetal-Compounds,28461010,Import,SOUTH AFRICA,0.05,2500.0,4.310344827586206,2e-05,6.0,2.5862068965517238,1,9240.72265625
2021-2022,RareEarthMetal-Compounds,28461010,Import,SWITZERLAND,0.0,1.0,,0.0,5.5,0.0,1,9240.72265625
2021-2022,RareEarthMetal-Compounds,28461010,Import,TAIWAN,0.0,1.0,,0.0,5.5,0.0,1,9240.72265625
2021-2022,RareEarthMetal-Compounds,28461010,Import,U ARAB EMTS,0.0,1.0,,0.0,4.2,0.0,1,9240.72265625
2021-2022,RareEarthMetal-Compounds,28461010,Import,U K,0.03,17.0,2.586206896551724,0.001764705882352941,2.9,0.75,1,9240.72265625
2021-2022,RareEarthMetal-Compounds,28461010,Import,U S A,0.0,30.0,0.0,0.0,3.8,0.0,1,9240.72265625
2022-2023,RareEarthMetal-Compounds,28461010,Import,AUSTRIA,0.0,1.0,,0.0,5.5,0.0,1,9240.72265625
2022-2023,RareEarthMetal-Compounds,28461010,Import,BELGIUM,0.0,1.0,,0.0,5.5,0.0,1,9240.72265625
2022-2023,RareEarthMetal-Compounds,28461010,Import,CHINA P RP,1.9,178650.0,96.4467005076142,1.0635320458998041e-05,5.3,51.116751269035525,-1,9240.72265625
2022-2023,RareEarthMetal-Compounds,28461010,Import,ESTONIA,0.02,1000.0,1.0152284263959392,2e-05,5.5,0.5583756345177666,1,9240.72265625
2022-2023,RareEarthMetal-Compounds,28461010,Import,FRANCE,0.0,1.0,0.0,0.0,2.3,0.0,1,9240.72265625
2022-2023,RareEarthMetal-Compounds,28461010,Import,GERMANY,0.01,151.0,0.5076142131979696,6.622516556291391e-05,2.1,0.10659898477157363,1,9240.72265625
2022-2023,RareEarthMetal-Compounds,28461010,Import,HONG KONG,0.0,1.0,,0.0,3.5,0.0,1,9240.72265625
2022-2023,RareEarthMetal-Compounds,28461010,Import,ITALY,0.0,1.0,,0.0,3.6,0.0,1,9240.72265625
2022-2023,RareEarthMetal-Compounds,28461010,Import,KOREA RP,0.02,22000.0,1.0152284263959392,9.090909090909091e-07,2.8,0.28426395939086296,1,9240.72265625
2022-2023,RareEarthMetal-Compounds,28461010,Import,POLAND,0.0,50.0,0.0,0.0,5.5,0.0,1,9240.72265625
2022-2023,RareEarthMetal-Compounds,28461010,Import,SOUTH AFRICA,0.0,1.0,,0.0,6.0,0.0,1,9240.72265625
2022-2023,RareEarthMetal-Compounds,28461010,Import,U K,0.0,1.0,0.0,0.0,2.9,0.0,1,9240.72265625
2022-2023,RareEarthMetal-Compounds,28461010,Import,U S A,0.02,1201.0,1.0152284263959392,1.665278934221482e-05,3.8,0.3857868020304569,1,9240.72265625
2023-2024,RareEarthMetal-Compounds,28461010,Import,BELGIUM,0.0,2.0,0.0,0.0,5.5,0.0,1,9240.72265625
2023-2024,RareEarthMetal-Compounds,28461010,Import,CHINA P RP,2.23,231250.0,96.53679653679652,9.643243243243243e-06,5.3,51.16450216450215,-1,9240.72265625
2023-2024,RareEarthMetal-Compounds,28461010,Import,ESTONIA,0.01,200.0,0.4329004329004329,5e-05,5.5,0.23809523809523808,1,9240.72265625
2023-2024,RareEarthMetal-Compounds,28461010,Import,FRANCE,0.01,800.0,0.4329004329004329,1.25e-05,2.3,0.09956709956709955,1,9240.72265625
2023-2024,RareEarthMetal-Compounds,28461010,Import,GERMANY,0.04,1830.0,1.7316017316017316,2.185792349726776e-05,2.1,0.36363636363636365,1,9240.72265625
2023-2024,RareEarthMetal-Compounds,28461010,Import,JAPAN,0.0,17.0,0.0,0.0,2.0,0.0,1,9240.72265625
2023-2024,RareEarthMetal-Compounds,28461010,Import,KOREA RP,0.0,1.0,0.0,0.0,2.8,0.0,1,9240.72265625
2023-2024,RareEarthMetal-Compounds,28461010,Import,NETHERLAND,0.0,60.0,0.0,0.0,5.5,0.0,1,9240.72265625
2023-2024,RareEarthMetal-Compounds,28461010,Import,POLAND,0.0,1.0,,0.0,5.5,0.0,1,9240.72265625
2023-2024,RareEarthMetal-Compounds,28461010,Import,SPAIN,0.0,1.0,0.0,0.0,5.5,0.0,1,9240.72265625
2023-2024,RareEarthMetal-Compounds,28461010,Import,U K,0.01,4.0,0.4329004329004329,0.0025,2.9,0.12554112554112554,1,9240.72265625
2023-2024,RareEarthMetal-Compounds,28461010,Import,U S A,0.01,10.0,0.4329004329004329,0.001,3.8,0.16450216450216448,1,9240.72265625
2024-2025,RareEarthMetal-Compounds,28461010,Import,BELGIUM,0.0,1.0,0.0,0.0,5.5,0.0,1,9240.72265625
2024-2025,RareEarthMetal-Compounds,28461010,Import,CHINA P RP,1.23,129870.0,96.09375,9.471009471009471e-06,5.3,50.9296875,-1,9240.72265625
2024-2025,RareEarthMetal-Compounds,28461010,Import,ESTONIA,0.01,500.0,0.78125,2e-05,5.5,0.4296875,1,9240.72265625
2024-2025,RareEarthMetal-Compounds,28461010,Import,FRANCE,0.0,1.0,,0.0,2.3,0.0,1,9240.72265625
2024-2025,RareEarthMetal-Compounds,28461010,Import,GERMANY,0.03,1070.0,2.34375,2.8037383177570094e-05,2.1,0.4921875,1,9240.72265625
2024-2025,RareEarthMetal-Compounds,28461010,Import,JAPAN,0.0,32.0,0.0,0.0,2.0,0.0,1,9240.72265625
2024-2025,RareEarthMetal-Compounds,28461010,Import,KOREA RP,0.0,1.0,0.0,0.0,2.8,0.0,1,9240.72265625
2024-2025,RareEarthMetal-Compounds,28461010,Import,NETHERLAND,0.0,1.0,,0.0,5.5,0.0,1,9240.72265625
2024-2025,RareEarthMetal-Compounds,28461010,Import,SPAIN,0.0,1.0,,0.0,5.5,0.0,1,9240.72265625
2024-2025,RareEarthMetal-Compounds,28461010,Import,U K,0.01,17.0,0.78125,0.0005882352941176471,2.9,0.2265625,1,9240.72265625
2024-2025,RareEarthMetal-Compounds,28461010,Import,U S A,0.0,7.0,0.0,0.0,3.8,0.0,1,9240.72265625
2018-2019,RareEarthMetal-FerroAlloys,72029921,Import,CHINA P RP,0.57,295000.0,100.0,1.9322033898305084e-06,5.3,53.0,1,9408.556811154212
2018-2019,RareEarthMetal-FerroAlloys,72029921,Import,U ARAB EMTS,0.0,2000.0,0.0,0.0,4.2,0.0,1,9408.556811154212
2019-2020,RareEarthMetal-FerroAlloys,72029921,Import,CHINA P RP,0.58,342000.0,100.0,1.6959064327485378e-06,5.3,53.0,1,9408.556811154212
2019-2020,RareEarthMetal-FerroAlloys,72029921,Import,U ARAB EMTS,0.0,1.0,,0.0,4.2,0.0,1,9408.556811154212
2020-2021,RareEarthMetal-FerroAlloys,72029921,Import,CHINA P RP,0.62,346000.0,89.85507246376812,1.791907514450867e-06,5.3,47.62318840579711,1,9408.556811154212
2020-2021,RareEarthMetal-FerroAlloys,72029921,Import,HONG KONG,0.05,15000.0,7.246376811594205,3.3333333333333333e-06,3.5,2.5362318840579716,1,9408.556811154212
2020-2021,RareEarthMetal-FerroAlloys,72029921,Import,U ARAB EMTS,0.02,8000.0,2.8985507246376816,2.5e-06,4.2,1.2173913043478264,1,9408.556811154212
2020-2021,RareEarthMetal-FerroAlloys,72029921,Import,U K,0.0,5000.0,0.0,0.0,2.9,0.0,1,9408.556811154212
2021-2022,RareEarthMetal-FerroAlloys,72029921,Import,CHINA P RP,1.24,512000.0,96.875,2.421875e-06,5.3,51.34375,-1,9408.556811154212
2021-2022,RareEarthMetal-FerroAlloys,72029921,Import,HONG KONG,0.0,1.0,,0.0,3.5,0.0,1,9408.556811154212
2021-2022,RareEarthMetal-FerroAlloys,72029921,Import,NETHERLAND,0.04,8000.0,3.125,5e-06,5.5,1.71875,1,9408.556811154212
2021-2022,RareEarthMetal-FerroAlloys,72029921,Import,U ARAB EMTS,0.0,2000.0,0.0,0.0,4.2,0.0,1,9408.556811154212
2021-2022,RareEarthMetal-FerroAlloys,72029921,Import,U K,0.0,1.0,,0.0,2.9,0.0,1,9408.556811154212
2022-2023,RareEarthMetal-FerroAlloys,72029921,Import,CHINA P RP,1.96,636530.0,97.02970297029702,3.0791950104472685e-06,5.3,51.42574257425743,1,9408.556811154212
2022-2023,RareEarthMetal-FerroAlloys,72029921,Import,HONG KONG,0.05,10000.0,2.4752475247524752,5e-06,3.5,0.8663366336633663,1,9408.556811154212
2022-2023,RareEarthMetal-FerroAlloys,72029921,Import,NETHERLAND,0.0,1.0,,0.0,5.5,0.0,1,9408.556811154212
2022-2023,RareEarthMetal-FerroAlloys,72029921,Import,U ARAB EMTS,0.0,1.0,,0.0,4.2,0.0,1,9408.556811154212
2022-2023,RareEarthMetal-FerroAlloys,72029921,Import,U K,0.01,11334.0,0.495049504950495,8.823010411152285e-07,2.9,0.14356435643564353,1,9408.556811154212
2024-2025,RareEarthMetal-FerroAlloys,72029921,Import,CHINA P RP,2.24,790060.0,96.96969696969695,2.8352277042249958e-06,5.3,51.39393939393939,-1,9408.556811154212
2024-2025,RareEarthMetal-FerroAlloys,72029921,Import,CZECH REPUBLIC,0.0,1000.0,0.0,0.0,5.5,0.0,1,9408.556811154212
2024-2025,RareEarthMetal-FerroAlloys,72029921,Import,GERMANY,0.0,427.0,0.0,0.0,2.1,0.0,1,9408.556811154212
2024-2025,RareEarthMetal-FerroAlloys,72029921,Import,HONG KONG,0.05,25000.0,2.1645021645021645,2e-06,3.5,0.7575757575757576,1,9408.556811154212
2024-2025,RareEarthMetal-FerroAlloys,72029921,Import,MALAYSIA,0.02,3000.0,0.8658008658008658,6.666666666666667e-06,4.5,0.38961038961038963,1,9408.556811154212
2024-2025,RareEarthMetal-FerroAlloys,72029921,Import,POLAND,0.0,1.0,,0.0,5.5,0.0,1,9408.556811154212
2018-2019,Titanium-Ores,26140010,Import,AUSTRALIA,2.08,9338030.0,11.751412429378531,2.2274505436371485e-07,1.6,1.880225988700565,1,8009.77687265096
2018-2019,Titanium-Ores,26140010,Import,MALAYSIA,0.03,169000.0,0.1694915254237288,1.7751479289940827e-07,4.5,0.07627118644067796,1,8009.77687265096
2018-2019,Titanium-Ores,26140010,Import,MOZAMBIQUE,15.48,60084000.0,87.45762711864408,2.5763930497303777e-07,7.8,68.21694915254238,1,8009.77687265096
2018-2019,Titanium-Ores,26140010,Import,SOUTH AFRICA,0.0,1.0,,0.0,6.0,0.0,1,8009.77687265096
2018-2019,Titanium-Ores,26140010,Import,SRI LANKA DSR,0.09,500000.0,0.5084745762711864,1.8e-07,5.5,0.2796610169491525,1,8009.77687265096
2018-2019,Titanium-Ores,26140010,Import,U S A,0.0,1.0,0.0,0.0,3.8,0.0,1,8009.77687265096
2018-2019,Titanium-Ores,26140010,Import,UKRAINE,0.02,54000.0,0.1129943502824858,3.7037037037037036e-07,5.5,0.06214689265536719,1,8009.77687265096
2019-2020,Titanium-Ores,26140010,Import,AUSTRALIA,0.0,1.0,,0.0,1.6,0.0,1,8009.77687265096
2019-2020,Titanium-Ores,26140010,Import,MALAYSIA,0.21,1335000.0,0.7945516458569807,1.5730337078651685e-07,4.5,0.3575482406356413,1,8009.77687265096
2019-2020,Titanium-Ores,26140010,Import,MOZAMBIQUE,22.88,91132000.0,86.56829360575104,2.5106439011543695e-07,7.8,67.52326901248581,-1,8009.77687265096
2019-2020,Titanium-Ores,26140010,Import,NETHERLAND,0.01,26000.0,0.0378357926598562,3.8461538461538463e-07,5.5,0.02080968596292091,1,8009.77687265096
2019-2020,Titanium-Ores,26140010,Import,NORWAY,3.26,15538000.0,12.334468407113128,2.098082121251126e-07,1.1,1.3567915247824442,-1,8009.77687265096
2019-2020,Titanium-Ores,26140010,Import,SIERRA LEONE,0.01,26000.0,0.0378357926598562,3.8461538461538463e-07,5.5,0.02080968596292091,1,8009.77687265096
2019-2020,Titanium-Ores,26140010,Import,SRI LANKA DSR,0.06,309000.0,0.2270147559591373,1.941747572815534e-07,5.5,0.12485811577752552,1,8009.77687265096
2019-2020,Titanium-Ores,26140010,Import,U S A,0.0,1.0,,0.0,3.8,0.0,1,8009.77687265096
2019-2020,Titanium-Ores,26140010,Import,UKRAINE,0.0,1.0,,0.0,5.5,0.0,1,8009.77687265096
2020-2021,Titanium-Ores,26140010,Import,CHINA P RP,0.09,120000.0,0.8333333333333334,7.5e-07,5.3,0.4416666666666667,1,8009.77687265096
2020-2021,Titanium-Ores,26140010,Import,MALAYSIA,0.05,292000.0,0.4629629629629629,1.7123287671232878e-07,4.5,0.20833333333333331,1,8009.77687265096
2020-2021,Titanium-Ores,26140010,Import,MOZAMBIQUE,10.58,41623740.0,97.96296296296296,2.541818683280263e-07,7.8,76.41111111111111,1,8009.77687265096
2020-2021,Titanium-Ores,26140010,Import,NETHERLAND,0.0,1.0,,0.0,5.5,0.0,1,8009.77687265096
2020-2021,Titanium-Ores,26140010,Import,NORWAY,0.0,1.0,,0.0,1.1,0.0,1,8009.77687265096
2020-2021,Titanium-Ores,26140010,Import,SIERRA LEONE,0.0,1.0,,0.0,5.5,0.0,1,8009.77687265096
2020-2021,Titanium-Ores,26140010,Import,SRI LANKA DSR,0.06,266000.0,0.5555555555555555,2.255639097744361e-07,5.5,0.30555555555555547,1,8009.77687265096
2020-2021,Titanium-Ores,26140010,Import,UKRAINE,0.02,56000.0,0.1851851851851851,3.5714285714285716e-07,5.5,0.10185185185185179,1,8009.77687265096
2021-2022,Titanium-Ores,26140010,Import,CHINA P RP,0.28,244406.0,1.2259194395796849,1.1456347225518196e-06,5.3,0.6497373029772329,1,8009.77687265096
2021-2022,Titanium-Ores,26140010,Import,MALAYSIA,0.14,452000.0,0.6129597197898424,3.097345132743363e-07,4.5,0.27583187390542907,1,8009.77687265096
2021-2022,Titanium-Ores,26140010,Import,MOZAMBIQUE,21.68,56955000.0,94.92119089316988,3.8065139144938986e-07,7.8,74.0385288966725,-1,8009.77687265096
2021-2022,Titanium-Ores,26140010,Import,SRI LANKA DSR,0.19,354093.0,0.8318739054290718,5.365821973323393e-07,5.5,0.4575306479859895,1,8009.77687265096
2021-2022,Titanium-Ores,26140010,Import,UKRAINE,0.55,1369113.0,2.408056042031524,4.0171994568746336e-07,5.5,1.324430823117338,1,8009.77687265096
2022-2023,Titanium-Ores,26140010,Import,CHINA P RP,0.1,100800.0,0.6493506493506495,9.92063492063492e-07,5.3,0.3441558441558442,1,8009.77687265096
2022-2023,Titanium-Ores,26140010,Import,MALAYSIA,1.25,3158636.0,8.116883116883118,3.9574043986075004e-07,4.5,3.652597402597403,1,8009.77687265096
2022-2023,Titanium-Ores,26140010,Import,MOZAMBIQUE,10.94,20002700.0,71.03896103896105,5.469261649677294e-07,7.8,55.41038961038962,1,8009.77687265096
2022-2023,Titanium-Ores,26140010,Import,SOMALIA,0.01,92000.0,0.0649350649350649,1.0869565217391305e-07,5.5,0.0357142857142857,1,8009.77687265096
2022-2023,Titanium-Ores,26140010,Import,SRI LANKA DSR,0.97,1827000.0,6.2987012987013,5.309250136836343e-07,5.5,3.4642857142857144,1,8009.77687265096
2022-2023,Titanium-Ores,26140010,Import,THAILAND,1.34,2496000.0,8.701298701298702,5.368589743589744e-07,5.8,5.046753246753247,1,8009.77687265096
2022-2023,Titanium-Ores,26140010,Import,U ARAB EMTS,0.52,1000000.0,3.376623376623377,5.2e-07,4.2,1.4181818181818184,1,8009.77687265096
2022-2023,Titanium-Ores,26140010,Import,UKRAINE,0.0,1.0,,0.0,5.5,0.0,1,8009.77687265096
2022-2023,Titanium-Ores,26140010,Import,VIETNAM SOC REP,0.27,594000.0,1.7532467532467535,4.5454545454545457e-07,5.2,0.9116883116883118,1,8009.77687265096
2023-2024,Titanium-Ores,26140010,Import,CHINA P RP,0.01,26000.0,0.0581057524694944,3.8461538461538463e-07,5.3,0.030796048808832032,1,8009.77687265096
2023-2024,Titanium-Ores,26140010,Import,EGYPT A RP,0.16,459000.0,0.9296920395119116,3.485838779956427e-07,5.5,0.5113306217315514,1,8009.77687265096
2023-2024,Titanium-Ores,26140010,Import,MALAYSIA,0.67,1836000.0,3.89308541545613,3.6492374727668845e-07,4.5,1.7518884369552583,1,8009.77687265096
2023-2024,Titanium-Ores,26140010,Import,MOZAMBIQUE,16.18,39920200.0,94.01510749564206,4.0530859063832343e-07,7.8,73.3317838466008,1,8009.77687265096
2023-2024,Titanium-Ores,26140010,Import,NEW ZEALAND,0.03,257000.0,0.1743172574084834,1.1673151750972762e-07,5.5,0.09587449157466586,1,8009.77687265096
2023-2024,Titanium-Ores,26140010,Import,SOMALIA,0.0,1.0,,0.0,5.5,0.0,1,8009.77687265096
2023-2024,Titanium-Ores,26140010,Import,SRI LANKA DSR,0.0,1.0,,0.0,5.5,0.0,1,8009.77687265096
2023-2024,Titanium-Ores,26140010,Import,THAILAND,0.14,364000.0,0.8134805345729228,3.8461538461538463e-07,5.8,0.4718187100522952,1,8009.77687265096
2023-2024,Titanium-Ores,26140010,Import,U ARAB EMTS,0.02,61000.0,0.1162115049389889,3.278688524590164e-07,4.2,0.048808832074375336,1,8009.77687265096
2023-2024,Titanium-Ores,26140010,Import,VIETNAM SOC REP,0.0,1.0,,0.0,5.2,0.0,1,8009.77687265096
2024-2025,Titanium-Ores,26140010,Import,CHINA P RP,0.08,56000.0,0.467562828755114,1.4285714285714286e-06,5.3,0.24780829924021042,1,8009.77687265096
2024-2025,Titanium-Ores,26140010,Import,EGYPT A RP,0.0,1.0,,0.0,5.5,0.0,1,8009.77687265096
2024-2025,Titanium-Ores,26140010,Import,INDONESIA,0.03,78000.0,0.1753360607831677,3.8461538461538463e-07,5.4,0.09468147282291058,1,8009.77687265096
2024-2025,Titanium-Ores,26140010,Import,KOREA RP,0.09,360000.0,0.5260081823495032,2.5e-07,2.8,0.1472822910578609,1,8009.77687265096
2024-2025,Titanium-Ores,26140010,Import,MALAYSIA,0.38,1009000.0,2.220923436586792,3.766105054509415e-07,4.5,0.9994155464640564,1,8009.77687265096
2024-2025,Titanium-Ores,26140010,Import,MOZAMBIQUE,15.28,42214000.0,89.30450029222676,3.619652248069361e-07,7.8,69.65751022793687,1,8009.77687265096
2024-2025,Titanium-Ores,26140010,Import,NEW ZEALAND,0.0,1.0,,0.0,5.5,0.0,1,8009.77687265096
2024-2025,Titanium-Ores,26140010,Import,NORWAY,0.02,79000.0,0.1168907071887785,2.5316455696202533e-07,1.1,0.012857977790765637,1,8009.77687265096
2024-2025,Titanium-Ores,26140010,Import,SINGAPORE,0.02,52000.0,0.1168907071887785,3.8461538461538463e-07,2.3,0.026884862653419057,1,8009.77687265096
2024-2025,Titanium-Ores,26140010,Import,SOUTH AFRICA,0.06,280000.0,0.3506721215663355,2.1428571428571428e-07,6.0,0.21040327293980127,1,8009.77687265096
2024-2025,Titanium-Ores,26140010,Import,SRI LANKA DSR,0.17,468000.0,0.9935710111046172,3.632478632478633e-07,5.5,0.5464640561075395,1,8009.77687265096
2024-2025,Titanium-Ores,26140010,Import,THAILAND,0.9,2262000.0,5.260081823495033,3.9787798408488065e-07,5.8,3.0508474576271185,1,8009.77687265096
2024-2025,Titanium-Ores,26140010,Import,U ARAB EMTS,0.08,252000.0,0.467562828755114,3.174603174603175e-07,4.2,0.1963763880771479,1,8009.77687265096
2018-2019,Titanium-TitaniumDioxide,28230010,Import,AUSTRALIA,0.12,40000.0,0.2926115581565472,3e-06,1.6,0.04681784930504755,1,1961.5511948558294
2018-2019,Titanium-TitaniumDioxide,28230010,Import,BELGIUM,4.08,1108050.0,9.948792977322606,3.682144307567348e-06,5.5,5.471836137527434,1,1961.5511948558294
2018-2019,Titanium-TitaniumDioxide,28230010,Import,BRAZIL,0.0,1.0,0.0,0.0,5.7,0.0,1,1961.5511948558294
2018-2019,Titanium-TitaniumDioxide,28230010,Import,CANADA,0.75,160035.0,1.82882223847842,4.686474833630144e-06,1.5,0.27432333577176304,1,1961.5511948558294
2018-2019,Titanium-TitaniumDioxide,28230010,Import,CHINA P RP,14.31,5886817.0,34.893928310168256,2.4308552482606475e-06,5.3,18.493782004389175,1,1961.5511948558294
2018-2019,Titanium-TitaniumDioxide,28230010,Import,COLOMBIA,0.0,1.0,,0.0,5.5,0.0,1,1961.5511948558294
2018-2019,Titanium-TitaniumDioxide,28230010,Import,CZECH REPUBLIC,0.03,10000.0,0.0731528895391368,3e-06,5.5,0.04023408924652524,1,1961.5511948558294
2018-2019,Titanium-TitaniumDioxide,28230010,Import,EGYPT A RP,0.0,1.0,,0.0,5.5,0.0,1,1961.5511948558294
2018-2019,Titanium-TitaniumDioxide,28230010,Import,FINLAND,0.19,41400.0,0.4633016337478664,4.589371980676329e-06,5.5,0.2548158985613265,1,1961.5511948558294
2018-2019,Titanium-TitaniumDioxide,28230010,Import,FRANCE,0.62,78006.0,1.5118263838088273,7.948106555905955e-06,2.3,0.34772006827603025,1,1961.5511948558294
2018-2019,Titanium-TitaniumDioxide,28230010,Import,GERMANY,1.75,474154.0,4.2672518897829805,3.6907840068838396e-06,2.1,0.896122896854426,1,1961.5511948558294
2018-2019,Titanium-TitaniumDioxide,28230010,Import,HONG KONG,0.12,42025.0,0.2926115581565472,2.8554431885782272e-06,3.5,0.10241404535479152,1,1961.5511948558294
2018-2019,Titanium-TitaniumDioxide,28230010,Import,IRAN,0.0,1.0,,0.0,5.5,0.0,1,1961.5511948558294
2018-2019,Titanium-TitaniumDioxide,28230010,Import,JAPAN,2.96,660768.0,7.217751767861498,4.479635817715143e-06,2.0,1.4435503535722995,1,1961.5511948558294
2018-2019,Titanium-TitaniumDioxide,28230010,Import,KOREA RP,11.64,4820000.0,28.38332114118508,2.4149377593360995e-06,2.8,7.947329919531822,-1,1961.5511948558294
2018-2019,Titanium-TitaniumDioxide,28230010,Import,MALAYSIA,0.28,90000.0,0.6827603023652768,3.1111111111111116e-06,4.5,0.30724213606437456,1,1961.5511948558294
2018-2019,Titanium-TitaniumDioxide,28230010,Import,MEXICO,0.07,20000.0,0.1706900755913192,3.5000000000000004e-06,5.8,0.09900024384296514,1,1961.5511948558294
2018-2019,Titanium-TitaniumDioxide,28230010,Import,NETHERLAND,2.6,694275.0,6.339917093391856,3.744913758957186e-06,5.5,3.4869544013655207,1,1961.5511948558294
2018-2019,Titanium-TitaniumDioxide,28230010,Import,PHILIPPINES,0.0,25.0,0.0,0.0,6.5,0.0,1,1961.5511948558294
2018-2019,Titanium-TitaniumDioxide,28230010,Import,POLAND,0.01,2250.0,0.0243842965130456,4.444444444444444e-06,5.5,0.013411363082175078,1,1961.5511948558294
2018-2019,Titanium-TitaniumDioxide,28230010,Import,RUSSIA,0.3,120000.0,0.7315288953913679,2.4999999999999998e-06,6.7,0.49012435991221653,1,1961.5511948558294
2018-2019,Titanium-TitaniumDioxide,28230010,Import,SINGAPORE,0.27,80330.0,0.6583760058522312,3.3611353168181255e-06,2.3,0.15142648134601316,1,1961.5511948558294
2018-2019,Titanium-TitaniumDioxide,28230010,Import,SPAIN,0.07,20250.0,0.1706900755913192,3.4567901234567904e-06,5.5,0.09387954157522557,1,1961.5511948558294
2018-2019,Titanium-TitaniumDioxide,28230010,Import,SRI LANKA DSR,0.0,2.0,0.0,0.0,5.5,0.0,1,1961.5511948558294
2018-2019,Titanium-TitaniumDioxide,28230010,Import,SWITZERLAND,0.01,220.0,0.0243842965130456,4.545454545454546e-05,5.5,0.013411363082175078,1,1961.5511948558294
2018-2019,Titanium-TitaniumDioxide,28230010,Import,TAIWAN,0.14,40000.0,0.3413801511826384,3.5000000000000004e-06,5.5,0.18775908315045114,1,1961.5511948558294
2018-2019,Titanium-TitaniumDioxide,28230010,Import,TURKEY,0.11,40000.0,0.2682272616435016,2.75e-06,6.2,0.16630090221897098,1,1961.5511948558294
2018-2019,Titanium-TitaniumDioxide,28230010,Import,U ARAB EMTS,0.04,20000.0,0.0975371860521824,2e-06,4.2,0.04096561814191661,1,1961.5511948558294
2018-2019,Titanium-TitaniumDioxide,28230010,Import,U K,0.0,1.0,,0.0,2.9,0.0,1,1961.5511948558294
2018-2019,Titanium-TitaniumDioxide,28230010,Import,U S A,0.54,96930.0,1.3167520117044624,5.571030640668524e-06,3.8,0.5003657644476956,1,1961.5511948558294
2019-2020,Titanium-TitaniumDioxide,28230010,Import,AUSTRALIA,0.06,20000.0,0.1377726750861079,3e-06,1.6,0.022043628013777267,1,1961.5511948558294
2019-2020,Titanium-TitaniumDioxide,28230010,Import,BELGIUM,1.84,525925.0,4.225028702640644,3.4985977087987834e-06,5.5,2.3237657864523547,1,1961.5511948558294
2019-2020,Titanium-TitaniumDioxide,28230010,Import,BRAZIL,0.0,1.0,,0.0,5.7,0.0,1,1961.5511948558294
2019-2020,Titanium-TitaniumDioxide,28230010,Import,CANADA,0.6,129034.0,1.377726750861079,4.6499372258474505e-06,1.5,0.20665901262916186,1,1961.5511948558294
2019-2020,Titanium-TitaniumDioxide,28230010,Import,CHINA P RP,12.97,5464410.0,29.781859931113665,2.373540784823979e-06,5.3,15.78438576349024,1,1961.5511948558294
2019-2020,Titanium-TitaniumDioxide,28230010,Import,CZECH REPUBLIC,0.0,1.0,0.0,0.0,5.5,0.0,1,1961.5511948558294
2019-2020,Titanium-TitaniumDioxide,28230010,Import,FINLAND,0.0,1.0,,0.0,5.5,0.0,1,1961.5511948558294
2019-2020,Titanium-TitaniumDioxide,28230010,Import,FRANCE,0.24,33555.0,0.5510907003444316,7.1524362986142154e-06,2.3,0.12675086107921926,1,1961.5511948558294
2019-2020,Titanium-TitaniumDioxide,28230010,Import,GERMANY,2.1,569981.0,4.822043628013778,3.6843333374270373e-06,2.1,1.0126291618828933,1,1961.5511948558294
2019-2020,Titanium-TitaniumDioxide,28230010,Import,HONG KONG,0.12,65913.0,0.2755453501722158,1.8205816758454326e-06,3.5,0.09644087256027553,1,1961.5511948558294
2019-2020,Titanium-TitaniumDioxide,28230010,Import,ITALY,0.0,755.0,0.0,0.0,3.6,0.0,1,1961.5511948558294
2019-2020,Titanium-TitaniumDioxide,28230010,Import,JAPAN,3.07,773364.0,7.049368541905856,3.969670168251949e-06,2.0,1.4098737083811712,1,1961.5511948558294
2019-2020,Titanium-TitaniumDioxide,28230010,Import,KOREA RP,13.99,6350000.0,32.123995407577496,2.2031496062992126e-06,2.8,8.9947187141217,1,1961.5511948558294
2019-2020,Titanium-TitaniumDioxide,28230010,Import,MALAYSIA,0.18,57500.0,0.4133180252583237,3.1304347826086955e-06,4.5,0.18599311136624566,1,1961.5511948558294
2019-2020,Titanium-TitaniumDioxide,28230010,Import,MEXICO,0.5,140000.0,1.148105625717566,3.5714285714285714e-06,5.8,0.6659012629161882,1,1961.5511948558294
2019-2020,Titanium-TitaniumDioxide,28230010,Import,NETHERLAND,6.26,1780425.0,14.374282433983923,3.5160144347557464e-06,5.5,7.9058553386911585,1,1961.5511948558294
2019-2020,Titanium-TitaniumDioxide,28230010,Import,PHILIPPINES,0.0,1.0,,0.0,6.5,0.0,1,1961.5511948558294
2019-2020,Titanium-TitaniumDioxide,28230010,Import,POLAND,0.03,3195.0,0.0688863375430539,9.389671361502347e-06,5.5,0.03788748564867964,1,1961.5511948558294
2019-2020,Titanium-TitaniumDioxide,28230010,Import,RUSSIA,0.26,120000.0,0.5970149253731344,2.1666666666666665e-06,6.7,0.4000000000000001,1,1961.5511948558294
2019-2020,Titanium-TitaniumDioxide,28230010,Import,SAUDI ARAB,0.0,1.0,0.0,0.0,5.5,0.0,1,1961.5511948558294
2019-2020,Titanium-TitaniumDioxide,28230010,Import,SINGAPORE,0.14,40000.0,0.3214695752009185,3.5000000000000004e-06,2.3,0.07393800229621125,1,1961.5511948558294
2019-2020,Titanium-TitaniumDioxide,28230010,Import,SLOVENIA,0.0,3.0,0.0,0.0,5.5,0.0,1,1961.5511948558294
2019-2020,Titanium-TitaniumDioxide,28230010,Import,SPAIN,0.0,1.0,,0.0,5.5,0.0,1,1961.5511948558294
2019-2020,Titanium-TitaniumDioxide,28230010,Import,SRI LANKA DSR,0.0,1.0,,0.0,5.5,0.0,1,1961.5511948558294
2019-2020,Titanium-TitaniumDioxide,28230010,Import,SWITZERLAND,0.0,1.0,,0.0,5.5,0.0,1,1961.5511948558294
2019-2020,Titanium-TitaniumDioxide,28230010,Import,TAIWAN,0.71,200000.0,1.6303099885189436,3.55e-06,5.5,0.8966704936854188,1,1961.5511948558294
2019-2020,Titanium-TitaniumDioxide,28230010,Import,TURKEY,0.0,1.0,,0.0,6.2,0.0,1,1961.5511948558294
2019-2020,Titanium-TitaniumDioxide,28230010,Import,U ARAB EMTS,0.0,1250.0,0.0,0.0,4.2,0.0,1,1961.5511948558294
2019-2020,Titanium-TitaniumDioxide,28230010,Import,U K,0.0,9.0,0.0,0.0,2.9,0.0,1,1961.5511948558294
2019-2020,Titanium-TitaniumDioxide,28230010,Import,U S A,0.48,140886.0,1.1021814006888633,3.4070099229164002e-06,3.8,0.41882893226176804,1,1961.5511948558294
2019-2020,Titanium-TitaniumDioxide,28230010,Import,UGANDA,0.0,1.0,0.0,0.0,5.5,0.0,1,1961.5511948558294
2020-2021,Titanium-TitaniumDioxide,28230010,Import,AUSTRALIA,0.0,1.0,,0.0,1.6,0.0,1,1961.5511948558294
2020-2021,Titanium-TitaniumDioxide,28230010,Import,BELGIUM,1.66,463960.0,4.888103651354534,3.57789464609018e-06,5.5,2.6884570082449937,1,1961.5511948558294
2020-2021,Titanium-TitaniumDioxide,28230010,Import,CANADA,0.85,176351.0,2.502944640753828,4.819932974579106e-06,1.5,0.3754416961130742,1,1961.5511948558294
2020-2021,Titanium-TitaniumDioxide,28230010,Import,CHINA P RP,9.72,4322401.0,28.621908127208485,2.248750173803865e-06,5.3,15.169611307420496,-1,1961.5511948558294
2020-2021,Titanium-TitaniumDioxide,28230010,Import,CZECH REPUBLIC,0.01,2000.0,0.0294464075382803,5e-06,5.5,0.016195524146054165,1,1961.5511948558294
2020-2021,Titanium-TitaniumDioxide,28230010,Import,FRANCE,0.06,6685.0,0.1766784452296819,8.975317875841436e-06,2.3,0.04063604240282683,1,1961.5511948558294
2020-2021,Titanium-TitaniumDioxide,28230010,Import,GERMANY,2.74,718976.0,8.06831566548881,3.810975609756098e-06,2.1,1.6943462897526504,1,1961.5511948558294
2020-2021,Titanium-TitaniumDioxide,28230010,Import,HONG KONG,1.1,452001.0,3.239104829210836,2.4336229344625345e-06,3.5,1.1336866902237925,1,1961.5511948558294
2020-2021,Titanium-TitaniumDioxide,28230010,Import,INDONESIA,0.0,2.0,0.0,0.0,5.4,0.0,1,1961.5511948558294
2020-2021,Titanium-TitaniumDioxide,28230010,Import,ITALY,0.0,9.0,0.0,0.0,3.6,0.0,1,1961.5511948558294
2020-2021,Titanium-TitaniumDioxide,28230010,Import,JAPAN,2.39,795674.0,7.037691401648999,3.0037427388603876e-06,2.0,1.4075382803297998,1,1961.5511948558294
2020-2021,Titanium-TitaniumDioxide,28230010,Import,KOREA RP,12.7,5678000.0,37.396937573616015,2.2367030644593165e-06,2.8,10.471142520612483,1,1961.5511948558294
2020-2021,Titanium-TitaniumDioxide,28230010,Import,MALAYSIA,0.04,8750.0,0.1177856301531213,4.571428571428571e-06,4.5,0.05300353356890458,1,1961.5511948558294
2020-2021,Titanium-TitaniumDioxide,28230010,Import,MEXICO,0.12,40000.0,0.3533568904593639,3e-06,5.8,0.20494699646643108,1,1961.5511948558294
2020-2021,Titanium-TitaniumDioxide,28230010,Import,NETHERLAND,1.56,392800.0,4.593639575971731,3.971486761710794e-06,5.5,2.526501766784452,1,1961.5511948558294
2020-2021,Titanium-TitaniumDioxide,28230010,Import,POLAND,0.03,2410.0,0.0883392226148409,1.2448132780082987e-05,5.5,0.04858657243816249,1,1961.5511948558294
2020-2021,Titanium-TitaniumDioxide,28230010,Import,RUSSIA,0.27,140003.0,0.795053003533569,1.928530102926366e-06,6.7,0.5326855123674912,1,1961.5511948558294
2020-2021,Titanium-TitaniumDioxide,28230010,Import,SAUDI ARAB,0.0,1.0,,0.0,5.5,0.0,1,1961.5511948558294
2020-2021,Titanium-TitaniumDioxide,28230010,Import,SINGAPORE,0.26,80000.0,0.7656065959952886,3.2500000000000002e-06,2.3,0.17608951707891635,1,1961.5511948558294
2020-2021,Titanium-TitaniumDioxide,28230010,Import,SLOVENIA,0.0,1.0,,0.0,5.5,0.0,1,1961.5511948558294
2020-2021,Titanium-TitaniumDioxide,28230010,Import,SPAIN,0.01,1175.0,0.0294464075382803,8.510638297872341e-06,5.5,0.016195524146054165,1,1961.5511948558294
2020-2021,Titanium-TitaniumDioxide,28230010,Import,SRI LANKA DSR,0.0,1.0,0.0,0.0,5.5,0.0,1,1961.5511948558294
2020-2021,Titanium-TitaniumDioxide,28230010,Import,SWITZERLAND,0.0,1.0,0.0,0.0,5.5,0.0,1,1961.5511948558294
2020-2021,Titanium-TitaniumDioxide,28230010,Import,TAIWAN,0.41,106915.0,1.2073027090694934,3.834822054903427e-06,5.5,0.6640164899882214,1,1961.5511948558294
2020-2021,Titanium-TitaniumDioxide,28230010,Import,THAILAND,0.0,4.0,0.0,0.0,5.8,0.0,1,1961.5511948558294
2020-2021,Titanium-TitaniumDioxide,28230010,Import,TURKEY,0.0,1.0,0.0,0.0,6.2,0.0,1,1961.5511948558294
2020-2021,Titanium-TitaniumDioxide,28230010,Import,U ARAB EMTS,0.0,1.0,,0.0,4.2,0.0,1,1961.5511948558294
2020-2021,Titanium-TitaniumDioxide,28230010,Import,U K,0.01,700.0,0.0294464075382803,1.4285714285714285e-05,2.9,0.008539458186101287,1,1961.5511948558294
2020-2021,Titanium-TitaniumDioxide,28230010,Import,U S A,0.02,490.0,0.0588928150765606,4.0816326530612245e-05,3.8,0.022379269729093026,1,1961.5511948558294
2020-2021,Titanium-TitaniumDioxide,28230010,Import,UGANDA,0.0,1.0,,0.0,5.5,0.0,1,1961.5511948558294
2021-2022,Titanium-TitaniumDioxide,28230010,Import,BELGIUM,1.82,452505.0,3.747940691927512,4.022055004917073e-06,5.5,2.0613673805601316,1,1961.5511948558294
2021-2022,Titanium-TitaniumDioxide,28230010,Import,BRAZIL,0.0,1.0,0.0,0.0,5.7,0.0,1,1961.5511948558294
2021-2022,Titanium-TitaniumDioxide,28230010,Import,CANADA,0.53,115560.0,1.0914332784184515,4.5863620629975774e-06,1.5,0.16371499176276774,1,1961.5511948558294
2021-2022,Titanium-TitaniumDioxide,28230010,Import,CHINA P RP,14.14,4838010.0,29.11861614497529,2.9226892875376446e-06,5.3,15.432866556836904,1,1961.5511948558294
2021-2022,Titanium-TitaniumDioxide,28230010,Import,CZECH REPUBLIC,0.0,1.0,,0.0,5.5,0.0,1,1961.5511948558294
2021-2022,Titanium-TitaniumDioxide,28230010,Import,FRANCE,0.04,4990.0,0.0823723228995057,8.016032064128256e-06,2.3,0.01894563426688631,1,1961.5511948558294
2021-2022,Titanium-TitaniumDioxide,28230010,Import,GERMANY,3.16,762699.0,6.507413509060955,4.143180992763856e-06,2.1,1.3665568369028005,1,1961.5511948558294
2021-2022,Titanium-TitaniumDioxide,28230010,Import,HONG KONG,1.38,486000.0,2.8418451400329485,2.839506172839506e-06,3.5,0.994645799011532,1,1961.5511948558294
2021-2022,Titanium-TitaniumDioxide,28230010,Import,INDONESIA,0.0,55.0,0.0,0.0,5.4,0.0,1,1961.5511948558294
2021-2022,Titanium-TitaniumDioxide,28230010,Import,ITALY,0.0,1004.0,0.0,0.0,3.6,0.0,1,1961.5511948558294
2021-2022,Titanium-TitaniumDioxide,28230010,Import,JAPAN,5.42,1773585.0,11.16144975288303,3.0559572842575913e-06,2.0,2.232289950576606,1,1961.5511948558294
2021-2022,Titanium-TitaniumDioxide,28230010,Import,KOREA RP,13.71,4450300.0,28.233113673805605,3.080691189358021e-06,2.8,7.905271828665569,1,1961.5511948558294
2021-2022,Titanium-TitaniumDioxide,28230010,Import,MALAYSIA,0.18,50500.0,0.3706754530477759,3.5643564356435644e-06,4.5,0.16680395387149916,1,1961.5511948558294
2021-2022,Titanium-TitaniumDioxide,28230010,Import,MEXICO,0.37,100000.0,0.7619439868204283,3.7e-06,5.8,0.44192751235584843,1,1961.5511948558294
2021-2022,Titanium-TitaniumDioxide,28230010,Import,NETHERLAND,5.86,1476450.0,12.067545304777596,3.9689796471265535e-06,5.5,6.637149917627679,-1,1961.5511948558294
2021-2022,Titanium-TitaniumDioxide,28230010,Import,POLAND,0.02,1650.0,0.0411861614497528,1.2121212121212122e-05,5.5,0.022652388797364042,1,1961.5511948558294
2021-2022,Titanium-TitaniumDioxide,28230010,Import,RUSSIA,0.29,120000.0,0.5971993410214167,2.4166666666666667e-06,6.7,0.4001235584843492,1,1961.5511948558294
2021-2022,Titanium-TitaniumDioxide,28230010,Import,SAUDI ARAB,0.2,60000.0,0.4118616144975288,3.3333333333333333e-06,5.5,0.22652388797364081,1,1961.5511948558294
2021-2022,Titanium-TitaniumDioxide,28230010,Import,SINGAPORE,0.36,85000.0,0.7413509060955518,4.235294117647058e-06,2.3,0.17051070840197688,1,1961.5511948558294
2021-2022,Titanium-TitaniumDioxide,28230010,Import,SPAIN,0.06,20000.0,0.1235584843492586,3e-06,5.5,0.06795716639209223,1,1961.5511948558294
2021-2022,Titanium-TitaniumDioxide,28230010,Import,SRI LANKA DSR,0.0,1.0,,0.0,5.5,0.0,1,1961.5511948558294
2021-2022,Titanium-TitaniumDioxide,28230010,Import,SWITZERLAND,0.0,151.0,0.0,0.0,5.5,0.0,1,1961.5511948558294
2021-2022,Titanium-TitaniumDioxide,28230010,Import,TAIWAN,0.33,85308.0,0.6795716639209226,3.868335912223942e-06,5.5,0.37376441515650743,1,1961.5511948558294
2021-2022,Titanium-TitaniumDioxide,28230010,Import,THAILAND,0.0,1.0,,0.0,5.8,0.0,1,1961.5511948558294
2021-2022,Titanium-TitaniumDioxide,28230010,Import,TURKEY,0.0,1.0,,0.0,6.2,0.0,1,1961.5511948558294
2021-2022,Titanium-TitaniumDioxide,28230010,Import,U ARAB EMTS,0.28,138000.0,0.5766062602965404,2.028985507246377e-06,4.2,0.24217462932454697,1,1961.5511948558294
2021-2022,Titanium-TitaniumDioxide,28230010,Import,U K,0.02,3000.0,0.0411861614497528,6.666666666666667e-06,2.9,0.011943986820428312,1,1961.5511948558294
2021-2022,Titanium-TitaniumDioxide,28230010,Import,U S A,0.39,109668.0,0.8031301482701811,3.5561877667140825e-06,3.8,0.3051894563426688,1,1961.5511948558294
2022-2023,Titanium-TitaniumDioxide,28230010,Import,BELGIUM,3.6,757400.0,5.361930294906166,4.753102719831001e-06,5.5,2.9490616621983916,1,1961.5511948558294
2022-2023,Titanium-TitaniumDioxide,28230010,Import,BRAZIL,0.0,1.0,,0.0,5.7,0.0,1,1961.5511948558294
2022-2023,Titanium-TitaniumDioxide,28230010,Import,CANADA,0.1,18100.0,0.1489425081918379,5.524861878453039e-06,1.5,0.022341376228775685,1,1961.5511948558294
2022-2023,Titanium-TitaniumDioxide,28230010,Import,CHINA P RP,18.0,5770712.0,26.80965147453083,3.119199156014024e-06,5.3,14.20911528150134,-1,1961.5511948558294
2022-2023,Titanium-TitaniumDioxide,28230010,Import,FRANCE,0.27,24377.0,0.4021447721179624,1.1076014275751734e-05,2.3,0.09249329758713135,1,1961.5511948558294
2022-2023,Titanium-TitaniumDioxide,28230010,Import,GERMANY,9.17,1940487.0,13.65802800119154,4.725617847478494e-06,2.1,2.8681858802502234,1,1961.5511948558294
2022-2023,Titanium-TitaniumDioxide,28230010,Import,HONG KONG,0.89,257000.0,1.3255883229073575,3.463035019455253e-06,3.5,0.4639559130175751,1,1961.5511948558294
2022-2023,Titanium-TitaniumDioxide,28230010,Import,INDONESIA,0.0,1.0,,0.0,5.4,0.0,1,1961.5511948558294
2022-2023,Titanium-TitaniumDioxide,28230010,Import,ITALY,0.0,15.0,0.0,0.0,3.6,0.0,1,1961.5511948558294
2022-2023,Titanium-TitaniumDioxide,28230010,Import,JAPAN,5.01,1348256.0,7.46201966041108,3.715911518287328e-06,2.0,1.492403932082216,-1,1961.5511948558294
2022-2023,Titanium-TitaniumDioxide,28230010,Import,KOREA RP,17.57,5540000.0,26.16919868930593,3.171480144404332e-06,2.8,7.32737563300566,-1,1961.5511948558294
2022-2023,Titanium-TitaniumDioxide,28230010,Import,MALAYSIA,0.0,1000.0,0.0,0.0,4.5,0.0,1,1961.5511948558294
2022-2023,Titanium-TitaniumDioxide,28230010,Import,MEXICO,0.09,20000.0,0.1340482573726541,4.5e-06,5.8,0.07774798927613938,1,1961.5511948558294
2022-2023,Titanium-TitaniumDioxide,28230010,Import,NETHERLAND,9.16,2102335.0,13.643133750372357,4.357060126002754e-06,5.5,7.5037235627047965,1,1961.5511948558294
2022-2023,Titanium-TitaniumDioxide,28230010,Import,PHILIPPINES,0.0,26.0,0.0,0.0,6.5,0.0,1,1961.5511948558294
2022-2023,Titanium-TitaniumDioxide,28230010,Import,POLAND,0.03,1815.0,0.0446827524575513,1.652892561983471e-05,5.5,0.024575513851653217,1,1961.5511948558294
2022-2023,Titanium-TitaniumDioxide,28230010,Import,RUSSIA,0.0,1.0,,0.0,6.7,0.0,1,1961.5511948558294
2022-2023,Titanium-TitaniumDioxide,28230010,Import,SAUDI ARAB,0.0,1.0,,0.0,5.5,0.0,1,1961.5511948558294
2022-2023,Titanium-TitaniumDioxide,28230010,Import,SINGAPORE,0.29,66300.0,0.43193327375633,4.374057315233786e-06,2.3,0.09934465296395589,1,1961.5511948558294
2022-2023,Titanium-TitaniumDioxide,28230010,Import,SPAIN,0.0,1.0,,0.0,5.5,0.0,1,1961.5511948558294
2022-2023,Titanium-TitaniumDioxide,28230010,Import,SWITZERLAND,0.0,1.0,0.0,0.0,5.5,0.0,1,1961.5511948558294
2022-2023,Titanium-TitaniumDioxide,28230010,Import,TAIWAN,1.13,248850.0,1.6830503425677688,4.5408880851918825e-06,5.5,0.9256776884122727,1,1961.5511948558294
2022-2023,Titanium-TitaniumDioxide,28230010,Import,U ARAB EMTS,0.08,20060.0,0.1191540065534703,3.988035892323031e-06,4.2,0.05004468275245753,1,1961.5511948558294
2022-2023,Titanium-TitaniumDioxide,28230010,Import,U K,0.07,49326.0,0.1042597557342865,1.419129870656449e-06,2.9,0.030235329162943088,1,1961.5511948558294
2022-2023,Titanium-TitaniumDioxide,28230010,Import,U S A,1.55,312298.0,2.308608876973488,4.963208217791981e-06,3.8,0.8772713732499253,1,1961.5511948558294
2022-2023,Titanium-TitaniumDioxide,28230010,Import,VIETNAM SOC REP,0.13,26625.0,0.1936252606493893,4.882629107981221e-06,5.2,0.10068513553768246,1,1961.5511948558294
2023-2024,Titanium-TitaniumDioxide,28230010,Import,BELGIUM,9.05,1774590.0,15.866058906030858,5.099769524228132e-06,5.5,8.726332398316973,-1,1961.5511948558294
2023-2024,Titanium-TitaniumDioxide,28230010,Import,BRAZIL,0.12,6975.0,0.2103786816269284,1.7204301075268818e-05,5.7,0.1199158485273492,1,1961.5511948558294
2023-2024,Titanium-TitaniumDioxide,28230010,Import,CANADA,1.09,198000.0,1.9109396914446009,5.5050505050505056e-06,1.5,0.28664095371669013,1,1961.5511948558294
2023-2024,Titanium-TitaniumDioxide,28230010,Import,CHINA P RP,12.53,4789318.0,21.96704067321178,2.6162388882926546e-06,5.3,11.642531556802243,1,1961.5511948558294
2023-2024,Titanium-TitaniumDioxide,28230010,Import,CZECH REPUBLIC,0.01,1000.0,0.017531556802244,1e-05,5.5,0.0096423562412342,1,1961.5511948558294
2023-2024,Titanium-TitaniumDioxide,28230010,Import,FRANCE,0.4,44120.0,0.7012622720897617,9.066183136899366e-06,2.3,0.16129032258064518,1,1961.5511948558294
2023-2024,Titanium-TitaniumDioxide,28230010,Import,GERMANY,6.36,1157844.0,11.15007012622721,5.492967964596267e-06,2.1,2.341514726507714,-1,1961.5511948558294
2023-2024,Titanium-TitaniumDioxide,28230010,Import,HONG KONG,0.09,20000.0,0.1577840112201963,4.5e-06,3.5,0.05522440392706871,1,1961.5511948558294
2023-2024,Titanium-TitaniumDioxide,28230010,Import,ITALY,0.04,24102.0,0.0701262272089761,1.659613310098747e-06,3.6,0.0252454417952314,1,1961.5511948558294
2023-2024,Titanium-TitaniumDioxide,28230010,Import,JAPAN,5.42,1868804.0,9.502103786816267,2.9002506415868117e-06,2.0,1.9004207573632534,1,1961.5511948558294
2023-2024,Titanium-TitaniumDioxide,28230010,Import,KOREA RP,14.86,6150000.0,26.05189340813464,2.416260162601626e-06,2.8,7.294530154277699,-1,1961.5511948558294
2023-2024,Titanium-TitaniumDioxide,28230010,Import,MALAYSIA,0.04,8750.0,0.0701262272089761,4.571428571428571e-06,4.5,0.03155680224403924,1,1961.5511948558294
2023-2024,Titanium-TitaniumDioxide,28230010,Import,MEXICO,0.08,23000.0,0.1402524544179523,3.4782608695652175e-06,5.8,0.08134642356241234,1,1961.5511948558294
2023-2024,Titanium-TitaniumDioxide,28230010,Import,NETHERLAND,5.37,1139280.0,9.414446002805049,4.713503265220139e-06,5.5,5.177945301542777,1,1961.5511948558294
2023-2024,Titanium-TitaniumDioxide,28230010,Import,PHILIPPINES,0.0,1.0,,0.0,6.5,0.0,1,1961.5511948558294
2023-2024,Titanium-TitaniumDioxide,28230010,Import,POLAND,0.02,1037.0,0.035063113604488,1.9286403085824496e-05,5.5,0.0192847124824684,1,1961.5511948558294
2023-2024,Titanium-TitaniumDioxide,28230010,Import,RUSSIA,0.08,40000.0,0.1402524544179523,2e-06,6.7,0.09396914446002805,1,1961.5511948558294
2023-2024,Titanium-TitaniumDioxide,28230010,Import,SINGAPORE,0.14,40000.0,0.2454417952314166,3.5000000000000004e-06,2.3,0.05645161290322581,1,1961.5511948558294
2023-2024,Titanium-TitaniumDioxide,28230010,Import,SRI LANKA DSR,0.0,47.0,0.0,0.0,5.5,0.0,1,1961.5511948558294
2023-2024,Titanium-TitaniumDioxide,28230010,Import,SWEDEN,0.0,50.0,0.0,0.0,1.8,0.0,1,1961.5511948558294
2023-2024,Titanium-TitaniumDioxide,28230010,Import,SWITZERLAND,0.0,1.0,,0.0,5.5,0.0,1,1961.5511948558294
2023-2024,Titanium-TitaniumDioxide,28230010,Import,TAIWAN,1.25,253180.0,2.191444600280505,4.937198830871317e-06,5.5,1.2052945301542777,1,1961.5511948558294
2023-2024,Titanium-TitaniumDioxide,28230010,Import,U ARAB EMTS,0.04,20036.0,0.0701262272089761,1.9964064683569577e-06,4.2,0.029453015427769964,1,1961.5511948558294
2023-2024,Titanium-TitaniumDioxide,28230010,Import,U K,0.03,22878.0,0.0525946704067321,1.3113034356150013e-06,2.9,0.01525245441795231,1,1961.5511948558294
2023-2024,Titanium-TitaniumDioxide,28230010,Import,U S A,0.02,858.0,0.035063113604488,2.331002331002331e-05,3.8,0.013323983169705438,1,1961.5511948558294
2023-2024,Titanium-TitaniumDioxide,28230010,Import,VIETNAM SOC REP,0.0,1.0,,0.0,5.2,0.0,1,1961.5511948558294
2024-2025,Titanium-TitaniumDioxide,28230010,Import,BELGIUM,9.61,2143410.0,16.49219152222413,4.483509921107021e-06,5.5,9.07070533722327,1,1961.5511948558294
2024-2025,Titanium-TitaniumDioxide,28230010,Import,BRAZIL,0.0,1.0,,0.0,5.7,0.0,1,1961.5511948558294
2024-2025,Titanium-TitaniumDioxide,28230010,Import,CANADA,0.76,135000.0,1.3042732109147075,5.629629629629629e-06,1.5,0.19564098163720614,1,1961.5511948558294
2024-2025,Titanium-TitaniumDioxide,28230010,Import,CHINA P RP,17.97,7375674.0,30.839196842285908,2.436387508450075e-06,5.3,16.34477432641153,-1,1961.5511948558294
2024-2025,Titanium-TitaniumDioxide,28230010,Import,CZECH REPUBLIC,0.0,1.0,,0.0,5.5,0.0,1,1961.5511948558294
2024-2025,Titanium-TitaniumDioxide,28230010,Import,FRANCE,0.38,37710.0,0.6521366054573537,1.0076902678334659e-05,2.3,0.14999141925519135,1,1961.5511948558294
2024-2025,Titanium-TitaniumDioxide,28230010,Import,GERMANY,6.22,1252110.0,10.674446541959842,4.967614666443044e-06,2.1,2.241633773811567,1,1961.5511948558294
2024-2025,Titanium-TitaniumDioxide,28230010,Import,HONG KONG,0.13,45002.0,0.2230993650248842,2.8887604995333544e-06,3.5,0.07808477775870946,1,1961.5511948558294
2024-2025,Titanium-TitaniumDioxide,28230010,Import,ITALY,0.0,1.0,,0.0,3.6,0.0,1,1961.5511948558294
2024-2025,Titanium-TitaniumDioxide,28230010,Import,JAPAN,5.4,1933030.0,9.267204393341345,2.793541745342804e-06,2.0,1.853440878668269,1,1961.5511948558294
2024-2025,Titanium-TitaniumDioxide,28230010,Import,KOREA RP,13.14,4974136.0,22.550197357130603,2.6416648036965617e-06,2.8,6.314055259996569,1,1961.5511948558294
2024-2025,Titanium-TitaniumDioxide,28230010,Import,MALAYSIA,0.44,91000.0,0.7551055431611464,4.8351648351648355e-06,4.5,0.3397974944225159,1,1961.5511948558294
2024-2025,Titanium-TitaniumDioxide,28230010,Import,MEXICO,0.0,1.0,,0.0,5.8,0.0,1,1961.5511948558294
2024-2025,Titanium-TitaniumDioxide,28230010,Import,NETHERLAND,2.83,605500.0,4.856701561695555,4.67382328654005e-06,5.5,2.6711858589325552,1,1961.5511948558294
2024-2025,Titanium-TitaniumDioxide,28230010,Import,POLAND,0.03,1327.0,0.0514844688518963,2.2607385079125846e-05,5.5,0.028316457868542966,1,1961.5511948558294
2024-2025,Titanium-TitaniumDioxide,28230010,Import,RUSSIA,0.0,1.0,,0.0,6.7,0.0,1,1961.5511948558294
2024-2025,Titanium-TitaniumDioxide,28230010,Import,SINGAPORE,0.13,40480.0,0.2230993650248842,3.2114624505928854e-06,2.3,0.05131285395572336,1,1961.5511948558294
2024-2025,Titanium-TitaniumDioxide,28230010,Import,SRI LANKA DSR,0.0,1.0,,0.0,5.5,0.0,1,1961.5511948558294
2024-2025,Titanium-TitaniumDioxide,28230010,Import,SWEDEN,0.0,1.0,,0.0,1.8,0.0,1,1961.5511948558294
2024-2025,Titanium-TitaniumDioxide,28230010,Import,SWITZERLAND,0.0,1.0,0.0,0.0,5.5,0.0,1,1961.5511948558294
2024-2025,Titanium-TitaniumDioxide,28230010,Import,TAIWAN,1.13,203139.0,1.9392483267547624,5.562693525123191e-06,5.5,1.0665865797151193,1,1961.5511948558294
2024-2025,Titanium-TitaniumDioxide,28230010,Import,THAILAND,0.01,3000.0,0.0171614896172987,3.3333333333333333e-06,5.8,0.009953663978033246,1,1961.5511948558294
2024-2025,Titanium-TitaniumDioxide,28230010,Import,U ARAB EMTS,0.08,40192.0,0.1372919169383902,1.9904458598726117e-06,4.2,0.05766260511412389,1,1961.5511948558294
2024-2025,Titanium-TitaniumDioxide,28230010,Import,U K,0.0,29.0,0.0,0.0,2.9,0.0,1,1961.5511948558294
2024-2025,Titanium-TitaniumDioxide,28230010,Import,U S A,0.01,929.0,0.0171614896172987,1.0764262648008611e-05,3.8,0.006521366054573506,1,1961.5511948558294
2018-2019,Titanium-UnwroughtMetalPowders,81082000,Import,CANADA,0.14,700.0,2.845528455284553,0.0002,1.5,0.426829268292683,1,4541.927243137806
2018-2019,Titanium-UnwroughtMetalPowders,81082000,Import,CHINA P RP,1.57,206480.0,31.91056910569106,7.6036419992251065e-06,5.3,16.91260162601626,1,4541.927243137806
2018-2019,Titanium-UnwroughtMetalPowders,81082000,Import,GERMANY,0.15,365.0,3.048780487804878,0.000410958904109589,2.1,0.6402439024390245,1,4541.927243137806
2018-2019,Titanium-UnwroughtMetalPowders,81082000,Import,KAZAKHSTAN,1.19,165000.0,24.186991869918696,7.2121212121212115e-06,5.5,13.302845528455283,1,4541.927243137806
2018-2019,Titanium-UnwroughtMetalPowders,81082000,Import,NETHERLAND,0.12,15000.0,2.4390243902439024,8e-06,5.5,1.3414634146341462,1,4541.927243137806
2018-2019,Titanium-UnwroughtMetalPowders,81082000,Import,RUSSIA,0.11,18276.0,2.2357723577235773,6.018822499452834e-06,6.7,1.4979674796747968,1,4541.927243137806
2018-2019,Titanium-UnwroughtMetalPowders,81082000,Import,U K,0.05,190.0,1.016260162601626,0.0002631578947368421,2.9,0.29471544715447157,1,4541.927243137806
2018-2019,Titanium-UnwroughtMetalPowders,81082000,Import,U S A,0.02,160.0,0.4065040650406504,0.000125,3.8,0.15447154471544716,1,4541.927243137806
2018-2019,Titanium-UnwroughtMetalPowders,81082000,Import,UKRAINE,1.57,200250.0,31.91056910569106,7.84019975031211e-06,5.5,17.550813008130085,1,4541.927243137806
2019-2020,Titanium-UnwroughtMetalPowders,81082000,Import,CANADA,0.08,365.0,2.0779220779220777,0.00021917808219178083,1.5,0.3116883116883117,1,4541.927243137806
2019-2020,Titanium-UnwroughtMetalPowders,81082000,Import,CHINA P RP,1.19,152160.0,30.909090909090907,7.820715036803365e-06,5.3,16.381818181818183,1,4541.927243137806
2019-2020,Titanium-UnwroughtMetalPowders,81082000,Import,FRANCE,0.0,10.0,0.0,0.0,2.3,0.0,1,4541.927243137806
2019-2020,Titanium-UnwroughtMetalPowders,81082000,Import,GERMANY,0.06,120.0,1.5584415584415583,0.0005,2.1,0.32727272727272727,1,4541.927243137806
2019-2020,Titanium-UnwroughtMetalPowders,81082000,Import,JAPAN,0.0,1.0,0.0,0.0,2.0,0.0,1,4541.927243137806
2019-2020,Titanium-UnwroughtMetalPowders,81082000,Import,KAZAKHSTAN,0.34,45000.0,8.831168831168831,7.555555555555556e-06,5.5,4.857142857142857,1,4541.927243137806
2019-2020,Titanium-UnwroughtMetalPowders,81082000,Import,NETHERLAND,0.79,91000.0,20.51948051948052,8.681318681318681e-06,5.5,11.285714285714286,1,4541.927243137806
2019-2020,Titanium-UnwroughtMetalPowders,81082000,Import,RUSSIA,0.0,1.0,,0.0,6.7,0.0,1,4541.927243137806
2019-2020,Titanium-UnwroughtMetalPowders,81082000,Import,SWEDEN,0.05,300.0,1.2987012987012987,0.0001666666666666667,1.8,0.23376623376623376,1,4541.927243137806
2019-2020,Titanium-UnwroughtMetalPowders,81082000,Import,SWITZERLAND,0.0,4.0,0.0,0.0,5.5,0.0,1,4541.927243137806
2019-2020,Titanium-UnwroughtMetalPowders,81082000,Import,U K,0.06,519.0,1.5584415584415583,0.00011560693641618497,2.9,0.4519480519480519,1,4541.927243137806
2019-2020,Titanium-UnwroughtMetalPowders,81082000,Import,U S A,0.1,472.0,2.5974025974025974,0.00021186440677966104,3.8,0.9870129870129869,1,4541.927243137806
2019-2020,Titanium-UnwroughtMetalPowders,81082000,Import,UKRAINE,1.18,140000.0,30.649350649350648,8.428571428571429e-06,5.5,16.857142857142854,1,4541.927243137806
2020-2021,Titanium-UnwroughtMetalPowders,81082000,Import,BELGIUM,0.29,57676.0,5.544933078393881,5.028087939524239e-06,5.5,3.049713193116635,1,4541.927243137806
2020-2021,Titanium-UnwroughtMetalPowders,81082000,Import,CANADA,0.0,1.0,,0.0,1.5,0.0,1,4541.927243137806
2020-2021,Titanium-UnwroughtMetalPowders,81082000,Import,CHINA P RP,2.0,240307.0,38.24091778202677,8.322687229252581e-06,5.3,20.267686424474185,-1,4541.927243137806
2020-2021,Titanium-UnwroughtMetalPowders,81082000,Import,FRANCE,0.0,2.0,0.0,0.0,2.3,0.0,1,4541.927243137806
2020-2021,Titanium-UnwroughtMetalPowders,81082000,Import,GERMANY,0.32,42215.0,6.118546845124283,7.580243989103399e-06,2.1,1.2848948374760993,1,4541.927243137806
2020-2021,Titanium-UnwroughtMetalPowders,81082000,Import,JAPAN,0.0,1.0,,0.0,2.0,0.0,1,4541.927243137806
2020-2021,Titanium-UnwroughtMetalPowders,81082000,Import,KAZAKHSTAN,0.51,75000.0,9.751434034416825,6.8e-06,5.5,5.363288718929253,1,4541.927243137806
2020-2021,Titanium-UnwroughtMetalPowders,81082000,Import,NETHERLAND,0.64,75000.0,12.237093690248566,8.533333333333334e-06,5.5,6.730401529636711,1,4541.927243137806
2020-2021,Titanium-UnwroughtMetalPowders,81082000,Import,RUSSIA,0.14,24700.0,2.676864244741874,5.668016194331984e-06,6.7,1.7934990439770555,1,4541.927243137806
2020-2021,Titanium-UnwroughtMetalPowders,81082000,Import,SWEDEN,0.05,300.0,0.9560229445506692,0.0001666666666666667,1.8,0.17208413001912046,1,4541.927243137806
2020-2021,Titanium-UnwroughtMetalPowders,81082000,Import,SWITZERLAND,0.03,144.0,0.5736137667304014,0.00020833333333333332,5.5,0.3154875717017208,1,4541.927243137806
2020-2021,Titanium-UnwroughtMetalPowders,81082000,Import,U K,0.0,1.0,0.0,0.0,2.9,0.0,1,4541.927243137806
2020-2021,Titanium-UnwroughtMetalPowders,81082000,Import,U S A,0.03,120.0,0.5736137667304014,0.00025,3.8,0.21797323135755256,1,4541.927243137806
2020-2021,Titanium-UnwroughtMetalPowders,81082000,Import,UKRAINE,1.22,160000.0,23.326959847036328,7.625e-06,5.5,12.82982791586998,1,4541.927243137806
2021-2022,Titanium-UnwroughtMetalPowders,81082000,Import,BELGIUM,0.0,1.0,,0.0,5.5,0.0,1,4541.927243137806
2021-2022,Titanium-UnwroughtMetalPowders,81082000,Import,CANADA,0.12,1000.0,1.6597510373443984,0.00011999999999999999,1.5,0.24896265560165975,1,4541.927243137806
2021-2022,Titanium-UnwroughtMetalPowders,81082000,Import,CHINA P RP,0.9,154318.0,12.448132780082988,5.832112909705932e-06,5.3,6.597510373443983,1,4541.927243137806
2021-2022,Titanium-UnwroughtMetalPowders,81082000,Import,FRANCE,0.0,1.0,,0.0,2.3,0.0,1,4541.927243137806
2021-2022,Titanium-UnwroughtMetalPowders,81082000,Import,GERMANY,0.02,55.0,0.276625172890733,0.00036363636363636367,2.1,0.05809128630705394,1,4541.927243137806
2021-2022,Titanium-UnwroughtMetalPowders,81082000,Import,KAZAKHSTAN,0.57,75000.0,7.883817427385891,7.599999999999999e-06,5.5,4.33609958506224,1,4541.927243137806
2021-2022,Titanium-UnwroughtMetalPowders,81082000,Import,NETHERLAND,0.45,60000.0,6.224066390041494,7.5e-06,5.5,3.4232365145228214,1,4541.927243137806
2021-2022,Titanium-UnwroughtMetalPowders,81082000,Import,RUSSIA,3.99,468560.0,55.18672199170125,8.5154515963804e-06,6.7,36.975103734439834,-1,4541.927243137806
2021-2022,Titanium-UnwroughtMetalPowders,81082000,Import,SWEDEN,0.03,178.0,0.4149377593360996,0.00016853932584269662,1.8,0.07468879668049792,1,4541.927243137806
2021-2022,Titanium-UnwroughtMetalPowders,81082000,Import,SWITZERLAND,0.15,696.0,2.0746887966804977,0.00021551724137931034,5.5,1.1410788381742738,1,4541.927243137806
2021-2022,Titanium-UnwroughtMetalPowders,81082000,Import,U K,0.56,60083.0,7.745504840940526,9.320440057919878e-06,2.9,2.2461964038727524,1,4541.927243137806
2021-2022,Titanium-UnwroughtMetalPowders,81082000,Import,U S A,0.12,600.0,1.6597510373443984,0.00019999999999999998,3.8,0.6307053941908713,1,4541.927243137806
2021-2022,Titanium-UnwroughtMetalPowders,81082000,Import,UKRAINE,0.32,40000.0,4.426002766251728,8e-06,5.5,2.4343015214384502,1,4541.927243137806
2022-2023,Titanium-UnwroughtMetalPowders,81082000,Import,AUSTRIA,0.09,560.0,1.347305389221557,0.0001607142857142857,5.5,0.7410179640718563,1,4541.927243137806
2022-2023,Titanium-UnwroughtMetalPowders,81082000,Import,CANADA,0.27,2260.0,4.041916167664671,0.00011946902654867258,1.5,0.6062874251497007,1,4541.927243137806
2022-2023,Titanium-UnwroughtMetalPowders,81082000,Import,CHINA P RP,1.01,124670.0,15.119760479041917,8.101387663431459e-06,5.3,8.013473053892216,1,4541.927243137806
2022-2023,Titanium-UnwroughtMetalPowders,81082000,Import,GERMANY,0.23,15425.0,3.44311377245509,1.4910858995137764e-05,2.1,0.7230538922155689,1,4541.927243137806
2022-2023,Titanium-UnwroughtMetalPowders,81082000,Import,KAZAKHSTAN,3.02,290000.0,45.20958083832336,1.0413793103448275e-05,5.5,24.86526946107785,-1,4541.927243137806
2022-2023,Titanium-UnwroughtMetalPowders,81082000,Import,NETHERLAND,1.06,87370.0,15.868263473053892,1.2132310861851895e-05,5.5,8.727544910179642,1,4541.927243137806
2022-2023,Titanium-UnwroughtMetalPowders,81082000,Import,RUSSIA,0.0,1.0,,0.0,6.7,0.0,1,4541.927243137806
2022-2023,Titanium-UnwroughtMetalPowders,81082000,Import,SINGAPORE,0.01,40.0,0.1497005988023952,0.00025,2.3,0.03443113772455089,1,4541.927243137806
2022-2023,Titanium-UnwroughtMetalPowders,81082000,Import,SWEDEN,0.05,297.0,0.7485029940119762,0.00016835016835016836,1.8,0.13473053892215572,1,4541.927243137806
2022-2023,Titanium-UnwroughtMetalPowders,81082000,Import,SWITZERLAND,0.12,716.0,1.7964071856287425,0.0001675977653631285,5.5,0.9880239520958083,1,4541.927243137806
2022-2023,Titanium-UnwroughtMetalPowders,81082000,Import,U ARAB EMTS,0.0,6.0,0.0,0.0,4.2,0.0,1,4541.927243137806
2022-2023,Titanium-UnwroughtMetalPowders,81082000,Import,U K,0.82,90509.0,12.275449101796406,9.059872498867516e-06,2.9,3.5598802395209574,1,4541.927243137806
2022-2023,Titanium-UnwroughtMetalPowders,81082000,Import,U S A,0.0,5.0,0.0,0.0,3.8,0.0,1,4541.927243137806
2022-2023,Titanium-UnwroughtMetalPowders,81082000,Import,UKRAINE,0.0,1.0,,0.0,5.5,0.0,1,4541.927243137806
2023-2024,Titanium-UnwroughtMetalPowders,81082000,Import,AUSTRIA,0.08,340.0,0.8465608465608466,0.00023529411764705883,5.5,0.4656084656084657,1,4541.927243137806
2023-2024,Titanium-UnwroughtMetalPowders,81082000,Import,CANADA,0.43,3560.0,4.550264550264551,0.00012078651685393258,1.5,0.6825396825396826,1,4541.927243137806
2023-2024,Titanium-UnwroughtMetalPowders,81082000,Import,CHINA P RP,6.43,657770.0,68.04232804232805,9.775453425969564e-06,5.3,36.06243386243386,-1,4541.927243137806
2023-2024,Titanium-UnwroughtMetalPowders,81082000,Import,GERMANY,0.17,660.0,1.7989417989417993,0.0002575757575757576,2.1,0.3777777777777779,1,4541.927243137806
2023-2024,Titanium-UnwroughtMetalPowders,81082000,Import,ITALY,0.0,80.0,0.0,0.0,3.6,0.0,1,4541.927243137806
2023-2024,Titanium-UnwroughtMetalPowders,81082000,Import,KAZAKHSTAN,1.61,180000.0,17.037037037037038,8.944444444444444e-06,5.5,9.37037037037037,1,4541.927243137806
2023-2024,Titanium-UnwroughtMetalPowders,81082000,Import,NETHERLAND,0.1,15000.0,1.0582010582010584,6.666666666666667e-06,5.5,0.5820105820105821,1,4541.927243137806
2023-2024,Titanium-UnwroughtMetalPowders,81082000,Import,RUSSIA,0.34,49960.0,3.5978835978835986,6.805444355484388e-06,6.7,2.410582010582011,1,4541.927243137806
2023-2024,Titanium-UnwroughtMetalPowders,81082000,Import,SINGAPORE,0.0,1.0,,0.0,2.3,0.0,1,4541.927243137806
2023-2024,Titanium-UnwroughtMetalPowders,81082000,Import,SWEDEN,0.02,100.0,0.2116402116402116,0.0002,1.8,0.038095238095238085,1,4541.927243137806
2023-2024,Titanium-UnwroughtMetalPowders,81082000,Import,SWITZERLAND,0.22,1012.0,2.3280423280423284,0.0002173913043478261,5.5,1.2804232804232805,1,4541.927243137806
2023-2024,Titanium-UnwroughtMetalPowders,81082000,Import,U ARAB EMTS,0.0,1.0,,0.0,4.2,0.0,1,4541.927243137806
2023-2024,Titanium-UnwroughtMetalPowders,81082000,Import,U K,0.04,1393.0,0.4232804232804233,2.871500358937545e-05,2.9,0.12275132275132276,1,4541.927243137806
2023-2024,Titanium-UnwroughtMetalPowders,81082000,Import,U S A,0.01,180.0,0.1058201058201058,5.555555555555556e-05,3.8,0.040211640211640205,1,4541.927243137806
2024-2025,Titanium-UnwroughtMetalPowders,81082000,Import,AUSTRIA,0.01,40.0,0.0693481276005547,0.00025,5.5,0.03814147018030508,1,4541.927243137806
2024-2025,Titanium-UnwroughtMetalPowders,81082000,Import,CANADA,0.61,4580.0,4.230235783633842,0.0001331877729257642,1.5,0.6345353675450763,1,4541.927243137806
2024-2025,Titanium-UnwroughtMetalPowders,81082000,Import,CHINA P RP,9.48,931347.0,65.74202496532594,1.0178805536497138e-05,5.3,34.843273231622746,-1,4541.927243137806
2024-2025,Titanium-UnwroughtMetalPowders,81082000,Import,GERMANY,0.01,40.0,0.0693481276005547,0.00025,2.1,0.014563106796116488,1,4541.927243137806
2024-2025,Titanium-UnwroughtMetalPowders,81082000,Import,ITALY,0.0,1.0,,0.0,3.6,0.0,1,4541.927243137806
2024-2025,Titanium-UnwroughtMetalPowders,81082000,Import,JAPAN,0.4,75000.0,2.7739251040221915,5.333333333333334e-06,2.0,0.5547850208044383,1,4541.927243137806
2024-2025,Titanium-UnwroughtMetalPowders,81082000,Import,KAZAKHSTAN,0.76,120000.0,5.270457697642163,6.333333333333333e-06,5.5,2.8987517337031896,1,4541.927243137806
2024-2025,Titanium-UnwroughtMetalPowders,81082000,Import,NETHERLAND,0.81,149877.0,5.617198335644938,5.404431633939831e-06,5.5,3.089459084604716,1,4541.927243137806
2024-2025,Titanium-UnwroughtMetalPowders,81082000,Import,RUSSIA,0.67,104952.0,4.64632454923717,6.3838707218538e-06,6.7,3.113037447988904,1,4541.927243137806
2024-2025,Titanium-UnwroughtMetalPowders,81082000,Import,SAUDI ARAB,1.53,108000.0,10.610263522884884,1.4166666666666668e-05,5.5,5.835644937586686,1,4541.927243137806
2024-2025,Titanium-UnwroughtMetalPowders,81082000,Import,SWEDEN,0.0,1.0,,0.0,1.8,0.0,1,4541.927243137806
2024-2025,Titanium-UnwroughtMetalPowders,81082000,Import,SWITZERLAND,0.13,584.0,0.9015256588072124,0.00022260273972602742,5.5,0.4958391123439668,1,4541.927243137806
2024-2025,Titanium-UnwroughtMetalPowders,81082000,Import,U K,0.0,1.0,0.0,0.0,2.9,0.0,1,4541.927243137806
2024-2025,Titanium-UnwroughtMetalPowders,81082000,Import,U S A,0.01,45.0,0.0693481276005547,0.00022222222222222223,3.8,0.026352288488210786,1,4541.927243137806
