Project_ID,Mineral,State,Latitude,Longitude,Stage,Confidence
GSI-2025-1000,Graphite,Chhattisgarh,23.30203792880836,83.55618126374397,G3 (Prospecting),94.10836019085487
GSI-2025-1001,Graphite,Madhya Pradesh,20.861923723868124,80.78065284903235,G2 (General Exploration),92.13334994976313
GSI-2025-1002,Graphite,Madhya Pradesh,23.14742741364022,79.57721481018403,G3 (Prospecting),82.18200135086343
GSI-2025-1003,Lithium (Carbonate),Karnataka,11.728816462288588,76.34219666216543,G2 (General Exploration),37.979447725254786
GSI-2025-1004,Lithium (Carbonate),Karnataka,11.918089742990118,77.15195348531884,G4 (Reconnaissance),23.17649708844249
GSI-2025-1005,Graphite,Chhattisgarh,22.89729518380905,82.57323088911298,G2 (General Exploration),79.72149148813175
GSI-2025-1006,Copper,Rajasthan,27.349505902321535,76.46798827809918,G4 (Reconnaissance),91.24743680588082
GSI-2025-1007,Graphite,Chhattisgarh,21.753221067649974,82.48220455449685,G2 (General Exploration),28.511624521647626
GSI-2025-1008,Graphite,Madhya Pradesh,22.14467146717412,80.0349158372703,G3 (Prospecting),81.74298850581704
GSI-2025-1009,Graphite,Madhya Pradesh,21.534153808701646,79.56565980786733,G3 (Prospecting),30.534390195711822
GSI-2025-1010,Graphite,Chhattisgarh,23.580345909523796,83.79208408043398,G2 (General Exploration),70.33486518214985
GSI-2025-1011,Copper,Rajasthan,28.049744505509757,75.8176623540509,G3 (Prospecting),28.85663809336034
GSI-2025-1012,Lithium (Carbonate),Karnataka,12.384743771190754,76.52520955639626,G3 (Prospecting),91.94227129564415
GSI-2025-1013,Lithium (Carbonate),Karnataka,11.941557840451484,76.00720116344702,G4 (Reconnaissance),61.84082720462318
GSI-2025-1014,Copper,Jharkhand,22.668555770510693,85.99554905782686,G3 (Prospecting),42.59533449171581
GSI-2025-1015,Graphite,Madhya Pradesh,22.04563954200596,80.1462316013326,G4 (Reconnaissance),77.79071957113253
GSI-2025-1016,Graphite,Chhattisgarh,21.85555069982801,83.36367001680955,G3 (Prospecting),26.57743075002083
GSI-2025-1017,Copper,Jharkhand,23.399971957162148,86.88215140034409,G4 (Reconnaissance),30.95124752405775
GSI-2025-1018,Graphite,Chhattisgarh,22.94573538067956,83.49591378065722,G3 (Prospecting),90.41253801960715
GSI-2025-1019,Graphite,Chhattisgarh,23.61348576745885,83.28818366989793,G4 (Reconnaissance),27.80959149561005
GSI-2025-1020,Copper,Jharkhand,22.17262141183722,85.50526627530128,G2 (General Exploration),24.393065961772304
GSI-2025-1021,Lithium (Carbonate),Karnataka,11.827879390647459,77.55908485925369,G4 (Reconnaissance),27.034085515429624
GSI-2025-1022,Copper,Rajasthan,28.6773434477033,76.12348325863324,G3 (Prospecting),35.460237761892984
GSI-2025-1023,Copper,Rajasthan,28.519353109684104,76.3381423915299,G4 (Reconnaissance),81.7096676940795
GSI-2025-1024,Lithium (Carbonate),Jammu & Kashmir,32.994767969033546,74.91567781357624,G4 (Reconnaissance),68.00193119682709
GSI-2025-1025,Lithium (Carbonate),Jammu & Kashmir,33.434830444339234,76.19593004258583,G2 (General Exploration),39.87807714579146
GSI-2025-1026,Copper,Rajasthan,27.182665693183793,75.30462031809158,G3 (Prospecting),28.67817305789601
GSI-2025-1027,Copper,Jharkhand,23.395880451582013,86.84541980953061,G4 (Reconnaissance),44.446311900229844
GSI-2025-1028,Copper,Jharkhand,22.77840128174909,86.15641790701,G3 (Prospecting),34.86393417955179
GSI-2025-1029,Graphite,Chhattisgarh,22.438833832301828,83.41002511232249,G3 (Prospecting),62.91334363052417
GSI-2025-1030,Copper,Rajasthan,28.856448639939547,74.34305583460997,G2 (General Exploration),55.65242918214911
GSI-2025-1031,Lithium (Carbonate),Jammu & Kashmir,33.22170131780175,75.35774608114326,G2 (General Exploration),57.88161819674042
GSI-2025-1032,Graphite,Madhya Pradesh,21.4330880975255,80.51894218277126,G4 (Reconnaissance),52.741063264337896
GSI-2025-1033,Graphite,Madhya Pradesh,22.298726082484986,80.64089868193578,G4 (Reconnaissance),79.90919009129364
GSI-2025-1034,Copper,Jharkhand,23.07132479001025,86.55768121488319,G2 (General Exploration),39.83701613578715
GSI-2025-1035,Copper,Rajasthan,27.996161506138034,74.62212240064083,G2 (General Exploration),65.23633193206962
GSI-2025-1036,Graphite,Madhya Pradesh,21.410595079781533,80.12996320434237,G3 (Prospecting),38.21851171438013
GSI-2025-1037,Lithium (Carbonate),Karnataka,12.668467355474322,76.09060381823228,G2 (General Exploration),87.34709411028115
GSI-2025-1038,Graphite,Chhattisgarh,22.560048699960795,83.34598253791223,G4 (Reconnaissance),77.26073427510181
GSI-2025-1039,Lithium (Carbonate),Jammu & Kashmir,33.06929289225312,74.41370652522987,G2 (General Exploration),70.86520992474075
GSI-2025-1040,Copper,Jharkhand,23.303142890095682,87.08321138819859,G3 (Prospecting),27.144864802000892
GSI-2025-1041,Graphite,Chhattisgarh,23.54628986366248,83.4315619419885,G3 (Prospecting),87.61605493085742
GSI-2025-1042,Copper,Jharkhand,22.875565046977567,86.13420033851435,G3 (Prospecting),70.94566363314054
GSI-2025-1043,Lithium (Carbonate),Jammu & Kashmir,34.825616107004294,74.34056193056554,G3 (Prospecting),45.98881602685921
GSI-2025-1044,Copper,Jharkhand,23.735503450352887,86.03845758112624,G2 (General Exploration),78.08049141333854
GSI-2025-1045,Lithium (Carbonate),Karnataka,13.330162579440966,76.5679166187257,G3 (Prospecting),90.54813222954901
GSI-2025-1046,Graphite,Madhya Pradesh,21.26080713197719,79.36826341976062,G3 (Prospecting),56.11482089440091
GSI-2025-1047,Copper,Jharkhand,21.74098184113743,85.42246183789793,G2 (General Exploration),71.66987000121478
GSI-2025-1048,Lithium (Carbonate),Jammu & Kashmir,32.90201475194168,75.38579661824129,G4 (Reconnaissance),68.85567711788865
GSI-2025-1049,Graphite,Madhya Pradesh,21.729939625601677,80.21298134402832,G2 (General Exploration),55.518662131011745
GSI-2025-1050,Copper,Jharkhand,23.020397167294945,85.23654051523023,G2 (General Exploration),30.897628466965863
GSI-2025-1051,Graphite,Chhattisgarh,23.307456632313766,83.13710294318905,G4 (Reconnaissance),86.09314657193245
GSI-2025-1052,Graphite,Chhattisgarh,22.365259422346735,84.2424958689083,G4 (Reconnaissance),86.84425488434775
GSI-2025-1053,Lithium (Carbonate),Jammu & Kashmir,32.65994526365233,74.85041743424567,G3 (Prospecting),93.4141549713087
GSI-2025-1054,Copper,Jharkhand,23.38312999626322,86.25647313219291,G4 (Reconnaissance),88.35085221536758
GSI-2025-1055,Copper,Rajasthan,29.02916206400555,76.13029040015986,G2 (General Exploration),65.2054074332178
GSI-2025-1056,Copper,Rajasthan,26.90302114108364,76.16230365519021,G4 (Reconnaissance),53.97551533540056
GSI-2025-1057,Lithium (Carbonate),Karnataka,12.539781386305759,76.29047192514682,G4 (Reconnaissance),79.94303374502904
GSI-2025-1058,Graphite,Madhya Pradesh,22.144891330679478,79.25662752777035,G4 (Reconnaissance),20.15587553857837
GSI-2025-1059,Copper,Jharkhand,23.02051408604045,86.68679481774561,G2 (General Exploration),52.72215711047336
GSI-2025-1060,Lithium (Carbonate),Karnataka,12.19139405934633,76.50161975773824,G4 (Reconnaissance),43.199179599635954
GSI-2025-1061,Graphite,Madhya Pradesh,21.30252932257023,79.98935401691334,G3 (Prospecting),78.14235540451084
GSI-2025-1062,Copper,Rajasthan,28.346894287578294,76.43210391099424,G4 (Reconnaissance),32.009747440040556
GSI-2025-1063,Copper,Rajasthan,27.3881547916634,75.88932241230452,G4 (Reconnaissance),84.38432891174176
GSI-2025-1064,Copper,Jharkhand,22.766760100080827,86.13911730214308,G3 (Prospecting),30.0557302358066
GSI-2025-1065,Lithium (Carbonate),Jammu & Kashmir,32.79674151447959,74.57355339874029,G4 (Reconnaissance),48.02399019681898
GSI-2025-1066,Lithium (Carbonate),Karnataka,13.772193637032984,75.93959977997456,G4 (Reconnaissance),58.054397201754696
GSI-2025-1067,Lithium (Carbonate),Jammu & Kashmir,32.993686729279496,74.53264337073517,G3 (Prospecting),33.61398517502464
GSI-2025-1068,Copper,Jharkhand,22.330977166928985,85.73328458685293,G3 (Prospecting),26.242928957004462
GSI-2025-1069,Graphite,Madhya Pradesh,22.13974793825903,79.80891249520617,G2 (General Exploration),86.59333661888206
GSI-2025-1070,Graphite,Madhya Pradesh,21.48997832968317,80.2880753284049,G2 (General Exploration),26.28203036745713
GSI-2025-1071,Copper,Jharkhand,21.788222936643812,84.4796509798003,G2 (General Exploration),43.45391215893017
GSI-2025-1072,Graphite,Chhattisgarh,23.967976231441423,83.43295395947388,G2 (General Exploration),83.62336273019909
GSI-2025-1073,Graphite,Chhattisgarh,22.028996807136245,82.77294954487107,G3 (Prospecting),35.05364519752167
GSI-2025-1074,Graphite,Chhattisgarh,22.597739602774194,83.23835511019884,G2 (General Exploration),83.10777149999518
GSI-2025-1075,Graphite,Chhattisgarh,22.622042972153892,83.37015343949444,G2 (General Exploration),66.84642055983365
GSI-2025-1076,Lithium (Carbonate),Karnataka,11.505226267043698,77.65384860300495,G2 (General Exploration),33.035061378677895
GSI-2025-1077,Lithium (Carbonate),Jammu & Kashmir,32.61141823248427,74.48743290057845,G3 (Prospecting),43.51564400123314
GSI-2025-1078,Graphite,Chhattisgarh,23.34773466208809,82.58225410389747,G3 (Prospecting),32.135386243729954
GSI-2025-1079,Copper,Rajasthan,26.880101510480763,77.1840907570633,G4 (Reconnaissance),27.370564417374826
GSI-2025-1080,Lithium (Carbonate),Karnataka,12.718087963893781,77.91852511271885,G2 (General Exploration),57.050700530342134
GSI-2025-1081,Graphite,Chhattisgarh,22.707637402681435,82.550227980756,G4 (Reconnaissance),78.30180881790736
GSI-2025-1082,Lithium (Carbonate),Jammu & Kashmir,32.528991043115774,74.91171706154692,G2 (General Exploration),88.700892749738
GSI-2025-1083,Copper,Jharkhand,22.37728858753827,86.39586827697254,G3 (Prospecting),26.76727548076997
GSI-2025-1084,Graphite,Madhya Pradesh,21.237253575965166,80.33268235936477,G4 (Reconnaissance),47.739372021428736
GSI-2025-1085,Graphite,Madhya Pradesh,20.827910596066186,80.51777404811067,G3 (Prospecting),50.32021251304348
GSI-2025-1086,Copper,Rajasthan,27.57022131277216,75.13018140503512,G3 (Prospecting),31.392977760420685
GSI-2025-1087,Graphite,Madhya Pradesh,21.5241856133831,78.81920928041642,G2 (General Exploration),72.00227937723288
GSI-2025-1088,Graphite,Chhattisgarh,23.698306844956146,83.43027497005711,G4 (Reconnaissance),24.504201279553346
GSI-2025-1089,Copper,Jharkhand,22.88844507153474,86.4775293491227,G4 (Reconnaissance),56.890294681065896
GSI-2025-1090,Graphite,Madhya Pradesh,21.118707065387746,80.68560552557715,G3 (Prospecting),47.845173280975075
GSI-2025-1091,Copper,Rajasthan,28.723037987917497,75.9534862649883,G3 (Prospecting),35.68679150503929
GSI-2025-1092,Lithium (Carbonate),Jammu & Kashmir,33.00929171604049,75.38761162166315,G3 (Prospecting),47.750682747681054
GSI-2025-1093,Copper,Rajasthan,26.843453238386605,74.84049131101918,G4 (Reconnaissance),70.93186968474996
GSI-2025-1094,Copper,Jharkhand,23.849345504205253,86.68939032342527,G4 (Reconnaissance),61.92751232722084
GSI-2025-1095,Copper,Rajasthan,27.076160915344705,76.02962122527956,G4 (Reconnaissance),71.44081041319002
GSI-2025-1096,Copper,Jharkhand,23.357409428943104,86.45663020098132,G3 (Prospecting),66.0661558543602
GSI-2025-1097,Copper,Rajasthan,28.17913091689063,75.60452389006431,G3 (Prospecting),38.00516293965573
GSI-2025-1098,Lithium (Carbonate),Jammu & Kashmir,32.89194625602382,73.97724690623033,G2 (General Exploration),68.8501500678573
GSI-2025-1099,Copper,Jharkhand,21.841163223413947,84.97465416285283,G2 (General Exploration),58.398668608369796
GSI-2025-1100,Lithium (Carbonate),Karnataka,12.893366095567671,76.96576440148776,G4 (Reconnaissance),74.813059406251
GSI-2025-1101,Copper,Rajasthan,27.72097217000265,75.56679180535639,G4 (Reconnaissance),72.86708843926125
GSI-2025-1102,Graphite,Madhya Pradesh,22.694781155339008,80.34677260682558,G2 (General Exploration),64.06296764532898
GSI-2025-1103,Graphite,Madhya Pradesh,21.95956860295468,79.85048095360148,G3 (Prospecting),63.081689846546304
GSI-2025-1104,Lithium (Carbonate),Karnataka,12.951924423680142,77.28528438119416,G3 (Prospecting),34.89852886276958
GSI-2025-1105,Copper,Jharkhand,22.628977413431368,85.63615075367777,G4 (Reconnaissance),61.06532165050594
GSI-2025-1106,Lithium (Carbonate),Jammu & Kashmir,31.975693331070385,74.36432776295604,G3 (Prospecting),37.255008027193455
GSI-2025-1107,Copper,Jharkhand,21.944820044334136,86.96732518672307,G3 (Prospecting),47.37502857740884
GSI-2025-1108,Graphite,Chhattisgarh,21.899119421183258,82.44682981708496,G4 (Reconnaissance),94.57358859333903
GSI-2025-1109,Graphite,Chhattisgarh,23.63892125374008,82.96155111392926,G2 (General Exploration),59.45036617261291
GSI-2025-1110,Lithium (Carbonate),Karnataka,12.476740140794238,76.83576267767087,G4 (Reconnaissance),62.13745943530031
GSI-2025-1111,Copper,Jharkhand,22.256727530910982,84.80193313068176,G4 (Reconnaissance),62.0478362563275
GSI-2025-1112,Lithium (Carbonate),Karnataka,12.556695799198296,77.08872448714752,G4 (Reconnaissance),76.01011154789113
GSI-2025-1113,Graphite,Chhattisgarh,23.59322478294442,83.23884651197758,G3 (Prospecting),31.971437717754995
GSI-2025-1114,Graphite,Chhattisgarh,23.071916466297367,82.62507399753812,G2 (General Exploration),74.46480081910025
GSI-2025-1115,Copper,Rajasthan,26.989494413357658,75.27514269340053,G2 (General Exploration),52.283325705055226
GSI-2025-1116,Graphite,Madhya Pradesh,22.141205411820085,79.28685356886366,G2 (General Exploration),65.63723421426988
GSI-2025-1117,Copper,Jharkhand,22.016568194560435,85.5278581830286,G3 (Prospecting),37.74236821303795
GSI-2025-1118,Lithium (Carbonate),Karnataka,12.159025064758053,77.48426838236334,G3 (Prospecting),27.906747319450957
GSI-2025-1119,Graphite,Madhya Pradesh,22.62713855679401,80.6860266096861,G2 (General Exploration),49.572175130188015
GSI-2025-1120,Lithium (Carbonate),Karnataka,12.419417970072598,77.02740940251714,G4 (Reconnaissance),50.17564484804875
GSI-2025-1121,Copper,Rajasthan,28.392985076063777,73.90799717648649,G4 (Reconnaissance),52.89184781459851
GSI-2025-1122,Lithium (Carbonate),Karnataka,12.504775204919229,77.50908140534624,G3 (Prospecting),35.44067818536707
GSI-2025-1123,Graphite,Chhattisgarh,22.6876908147301,83.48556295618647,G3 (Prospecting),66.51037397970856
GSI-2025-1124,Graphite,Chhattisgarh,23.49632008283927,83.66208105698122,G4 (Reconnaissance),69.48189740037846
GSI-2025-1125,Graphite,Madhya Pradesh,20.80476311727601,80.70619307420573,G3 (Prospecting),56.68639562767111
GSI-2025-1126,Lithium (Carbonate),Jammu & Kashmir,33.61312589889409,74.31849772761957,G2 (General Exploration),52.20068910099581
GSI-2025-1127,Lithium (Carbonate),Jammu & Kashmir,32.41791448428799,75.56428528926963,G2 (General Exploration),27.02670640919557
GSI-2025-1128,Lithium (Carbonate),Karnataka,13.38497960956801,76.4768547577293,G4 (Reconnaissance),38.19223791112235
GSI-2025-1129,Lithium (Carbonate),Jammu & Kashmir,32.833322521776616,75.13301724472753,G2 (General Exploration),76.36477163047732
GSI-2025-1130,Lithium (Carbonate),Karnataka,12.731711637287926,77.39663860286213,G3 (Prospecting),82.39137588529283
GSI-2025-1131,Graphite,Madhya Pradesh,21.22061077911083,78.90827436833086,G2 (General Exploration),63.096994192422684
GSI-2025-1132,Copper,Jharkhand,23.89143530956778,86.63002232481095,G2 (General Exploration),86.99561963772739
GSI-2025-1133,Graphite,Chhattisgarh,22.947185018259624,83.59660183010777,G2 (General Exploration),54.13340852760217
GSI-2025-1134,Copper,Jharkhand,22.832523737761417,86.84474207991074,G3 (Prospecting),60.40551447376597
GSI-2025-1135,Lithium (Carbonate),Karnataka,13.69588605668553,77.51458936321056,G2 (General Exploration),31.79778222827676
GSI-2025-1136,Copper,Jharkhand,21.740301798930943,86.77357696649035,G2 (General Exploration),29.415675862337384
GSI-2025-1137,Graphite,Madhya Pradesh,20.755113336206808,80.51346588547783,G3 (Prospecting),80.28341698100029
GSI-2025-1138,Lithium (Carbonate),Karnataka,11.948559018993059,76.18603866970577,G4 (Reconnaissance),53.09986317987702
GSI-2025-1139,Lithium (Carbonate),Karnataka,12.7388513440306,77.27633663641491,G4 (Reconnaissance),65.6375864423407
GSI-2025-1140,Lithium (Carbonate),Jammu & Kashmir,33.798578930882904,74.41232544719809,G4 (Reconnaissance),86.83315143189999
GSI-2025-1141,Graphite,Chhattisgarh,23.05172566532737,82.62817889939193,G3 (Prospecting),26.19849998803123
GSI-2025-1142,Copper,Jharkhand,22.134362633998354,86.33880662173048,G3 (Prospecting),83.67692143298348
GSI-2025-1143,Lithium (Carbonate),Jammu & Kashmir,33.241479712715126,74.98739950605403,G2 (General Exploration),53.11305500563587
GSI-2025-1144,Graphite,Madhya Pradesh,21.41267147934132,81.1132095022275,G3 (Prospecting),69.56961465144346
GSI-2025-1145,Copper,Rajasthan,28.271072391752142,75.34790911251717,G3 (Prospecting),45.13995661553295
GSI-2025-1146,Copper,Rajasthan,26.390414155545002,76.36190789321637,G4 (Reconnaissance),68.23208971511303
GSI-2025-1147,Graphite,Madhya Pradesh,21.012322589119897,79.8908096079018,G2 (General Exploration),57.74857498817659
GSI-2025-1148,Graphite,Chhattisgarh,24.138291321903083,81.59039742993558,G3 (Prospecting),68.16511888902716
GSI-2025-1149,Copper,Jharkhand,23.97143328558238,87.07786417910032,G3 (Prospecting),68.02632085728762
GSI-2025-1150,Copper,Rajasthan,28.21602577105563,75.99599646901842,G4 (Reconnaissance),92.15762454833951
GSI-2025-1151,Copper,Rajasthan,28.59979289116714,76.2386393196814,G2 (General Exploration),28.62582747164717
GSI-2025-1152,Lithium (Carbonate),Karnataka,13.01645039472718,76.82865080085602,G4 (Reconnaissance),28.78919557197154
GSI-2025-1153,Lithium (Carbonate),Jammu & Kashmir,33.233518736013366,74.49520570859076,G2 (General Exploration),56.54786734481299
GSI-2025-1154,Lithium (Carbonate),Karnataka,13.019050401156658,76.52707026365229,G4 (Reconnaissance),36.248298216268
GSI-2025-1155,Lithium (Carbonate),Jammu & Kashmir,32.97176710121998,74.16064873394654,G4 (Reconnaissance),78.47800416584255
GSI-2025-1156,Graphite,Madhya Pradesh,21.76455627980006,79.49001035775788,G3 (Prospecting),48.17663380641424
GSI-2025-1157,Lithium (Carbonate),Jammu & Kashmir,33.063701359933034,74.60561885349935,G4 (Reconnaissance),77.30999388061693
GSI-2025-1158,Graphite,Madhya Pradesh,22.50311352155343,80.83975683602503,G2 (General Exploration),84.55261894937816
GSI-2025-1159,Lithium (Carbonate),Jammu & Kashmir,32.285797514065564,74.70279817755561,G4 (Reconnaissance),53.7099765104445
GSI-2025-1160,Copper,Rajasthan,27.565826351272847,76.05009326497769,G2 (General Exploration),56.29806810824979
GSI-2025-1161,Lithium (Carbonate),Karnataka,13.428449885841992,77.12458033507555,G3 (Prospecting),58.8529659006207
GSI-2025-1162,Copper,Rajasthan,28.37994038786158,76.4752009989113,G2 (General Exploration),52.090547642442424
GSI-2025-1163,Lithium (Carbonate),Karnataka,12.422601889950919,76.5670761889958,G3 (Prospecting),90.81567949647813
GSI-2025-1164,Copper,Rajasthan,27.227820997962514,76.12022862930438,G4 (Reconnaissance),67.97034207510202
GSI-2025-1165,Lithium (Carbonate),Jammu & Kashmir,32.99937363520775,75.18845418585558,G4 (Reconnaissance),85.20862575724145
GSI-2025-1166,Graphite,Madhya Pradesh,22.03095736798254,80.19062545482245,G2 (General Exploration),87.86152831588699
GSI-2025-1167,Graphite,Madhya Pradesh,21.595006327580688,80.1666420993869,G3 (Prospecting),91.95820635411175
GSI-2025-1168,Copper,Rajasthan,28.23148833205453,76.42484405502694,G2 (General Exploration),54.12210607924293
GSI-2025-1169,Copper,Jharkhand,22.595207199845948,86.46403290038788,G2 (General Exploration),44.71792261505928
GSI-2025-1170,Copper,Rajasthan,28.23277706209788,74.48949744036116,G3 (Prospecting),67.60550487252348
GSI-2025-1171,Copper,Jharkhand,21.607086391179223,85.71580471785902,G4 (Reconnaissance),42.65109754716292
GSI-2025-1172,Lithium (Carbonate),Karnataka,11.887326352319334,77.30669846393833,G3 (Prospecting),72.22989534911336
GSI-2025-1173,Graphite,Chhattisgarh,22.796157256037766,83.60425184829334,G4 (Reconnaissance),20.42604133727168
GSI-2025-1174,Lithium (Carbonate),Jammu & Kashmir,32.88307397030933,75.09413353873194,G4 (Reconnaissance),47.86561942254285
GSI-2025-1175,Copper,Jharkhand,22.940728669265592,85.8947873146085,G3 (Prospecting),49.93497118966212
GSI-2025-1176,Graphite,Madhya Pradesh,21.103635050888546,79.52184443256976,G4 (Reconnaissance),28.997153185321842
GSI-2025-1177,Copper,Jharkhand,23.575963833148805,85.28279291400337,G3 (Prospecting),80.6269847455608
GSI-2025-1178,Lithium (Carbonate),Jammu & Kashmir,33.97606411764106,74.28159677166227,G4 (Reconnaissance),67.43487466774786
GSI-2025-1179,Lithium (Carbonate),Karnataka,12.123626185802811,76.46167669013087,G2 (General Exploration),24.749357975548634
GSI-2025-1180,Copper,Rajasthan,28.25211804293615,75.72083313794025,G3 (Prospecting),25.45385906087339
GSI-2025-1181,Graphite,Madhya Pradesh,22.20345844106171,79.19339553936663,G4 (Reconnaissance),64.83558314897377
GSI-2025-1182,Graphite,Chhattisgarh,22.853729652706356,83.1037741081524,G2 (General Exploration),30.497168013583654
GSI-2025-1183,Copper,Jharkhand,23.128340125488435,87.2410277710462,G3 (Prospecting),34.86939435123512
GSI-2025-1184,Copper,Jharkhand,23.833127787227433,85.2251388417384,G4 (Reconnaissance),91.17209005056583
GSI-2025-1185,Copper,Jharkhand,22.975909977422194,85.52607417155792,G3 (Prospecting),50.70382394829824
GSI-2025-1186,Copper,Jharkhand,21.839924202102186,86.76405282382808,G2 (General Exploration),37.74099587812416
GSI-2025-1187,Graphite,Chhattisgarh,23.762885110058072,83.52947450010203,G3 (Prospecting),46.75861491592379
GSI-2025-1188,Graphite,Madhya Pradesh,20.810621932258613,80.42031159526576,G3 (Prospecting),35.97744898331179
GSI-2025-1189,Lithium (Carbonate),Karnataka,11.766940180588488,76.73730617114579,G3 (Prospecting),94.02439881543728
GSI-2025-1190,Graphite,Madhya Pradesh,22.43801467235341,81.81945284806733,G3 (Prospecting),74.7901987689323
GSI-2025-1191,Graphite,Madhya Pradesh,21.404009581466354,80.32638103923168,G2 (General Exploration),91.30103922333959
GSI-2025-1192,Graphite,Chhattisgarh,22.807597598577665,84.26574759355346,G3 (Prospecting),22.21891337859072
GSI-2025-1193,Lithium (Carbonate),Karnataka,12.730308945047563,76.40531429034215,G2 (General Exploration),45.27337585801363
GSI-2025-1194,Lithium (Carbonate),Karnataka,12.47333441547357,76.28849988114047,G2 (General Exploration),82.90115505971457
GSI-2025-1195,Lithium (Carbonate),Karnataka,12.790757836860024,77.29139879277551,G4 (Reconnaissance),53.88165914408768
GSI-2025-1196,Lithium (Carbonate),Karnataka,12.152467705404032,77.95568540654797,G4 (Reconnaissance),81.193092005356
GSI-2025-1197,Lithium (Carbonate),Jammu & Kashmir,33.240187280011305,75.5584656850918,G4 (Reconnaissance),87.16159829623955
GSI-2025-1198,Copper,Rajasthan,28.83555633587484,75.5060209249946,G4 (Reconnaissance),38.48899617036437
GSI-2025-1199,Copper,Rajasthan,27.65722206585208,75.31347304915553,G4 (Reconnaissance),55.7860327373038
GSI-2025-1200,Lithium (Carbonate),Jammu & Kashmir,33.43646682814926,75.69598468422551,G4 (Reconnaissance),75.51651192852421
GSI-2025-1201,Graphite,Madhya Pradesh,20.45778451605225,80.0150137385761,G3 (Prospecting),41.64876344163129
GSI-2025-1202,Lithium (Carbonate),Karnataka,12.467063103109055,77.02103219636845,G3 (Prospecting),61.704668856516854
GSI-2025-1203,Copper,Rajasthan,27.88031924092304,75.99573136796427,G3 (Prospecting),62.442982067551576
GSI-2025-1204,Lithium (Carbonate),Jammu & Kashmir,33.34270138104168,73.97228821500941,G2 (General Exploration),61.157816794122574
GSI-2025-1205,Lithium (Carbonate),Jammu & Kashmir,32.64489210439763,74.8870302909539,G4 (Reconnaissance),84.03674777431497
GSI-2025-1206,Copper,Jharkhand,22.857638510627897,86.25580312638098,G4 (Reconnaissance),47.885099999285075
GSI-2025-1207,Copper,Rajasthan,28.311003043711814,75.81831220053009,G4 (Reconnaissance),92.73095121230028
GSI-2025-1208,Graphite,Madhya Pradesh,22.1048773763895,79.7841621216776,G4 (Reconnaissance),40.98270882017029
GSI-2025-1209,Graphite,Chhattisgarh,23.183701622485003,83.78483280653495,G4 (Reconnaissance),53.12970526811754
GSI-2025-1210,Lithium (Carbonate),Jammu & Kashmir,32.76473694690571,74.5488464113624,G2 (General Exploration),21.92061517988529
GSI-2025-1211,Lithium (Carbonate),Jammu & Kashmir,32.44834829889653,74.63375812611386,G4 (Reconnaissance),67.5904714155561
GSI-2025-1212,Copper,Rajasthan,29.682247777961056,75.81926272661848,G3 (Prospecting),90.07761398112271
GSI-2025-1213,Copper,Jharkhand,22.22532609351289,85.09077675820342,G2 (General Exploration),24.74306756953718
GSI-2025-1214,Copper,Jharkhand,23.0355553001738,86.15769590076093,G3 (Prospecting),91.65855849339364
GSI-2025-1215,Copper,Rajasthan,26.79917849733306,75.5800086362878,G4 (Reconnaissance),77.39222941810176
GSI-2025-1216,Copper,Rajasthan,28.62308425387311,75.35909030690578,G2 (General Exploration),75.89089315616387
GSI-2025-1217,Graphite,Madhya Pradesh,21.44829634648248,79.64737165718148,G3 (Prospecting),26.912468153809655
GSI-2025-1218,Copper,Rajasthan,27.658294080487345,76.54546395944011,G2 (General Exploration),45.406976003096624
GSI-2025-1219,Graphite,Chhattisgarh,23.32306699703382,83.73379357967015,G4 (Reconnaissance),93.06386744118177
GSI-2025-1220,Copper,Jharkhand,22.825741654492276,86.26615173454539,G3 (Prospecting),64.32973557353532
GSI-2025-1221,Graphite,Chhattisgarh,22.341718710198155,82.84623686930446,G4 (Reconnaissance),90.42778534933677
GSI-2025-1222,Graphite,Chhattisgarh,23.208015201028196,82.66616220455558,G4 (Reconnaissance),80.43991946245211
GSI-2025-1223,Graphite,Chhattisgarh,23.53651965562348,83.70230392252192,G4 (Reconnaissance),46.29114434631218
GSI-2025-1224,Copper,Rajasthan,27.625729046692978,76.25832693119236,G2 (General Exploration),67.89054411656161
GSI-2025-1225,Graphite,Madhya Pradesh,20.508811953316005,79.85206240532027,G2 (General Exploration),85.30169423760024
GSI-2025-1226,Lithium (Carbonate),Karnataka,12.421553266546846,77.26830394641297,G3 (Prospecting),86.11649264977812
GSI-2025-1227,Copper,Rajasthan,29.31282223336624,77.22444066770008,G4 (Reconnaissance),59.368214330670156
GSI-2025-1228,Copper,Jharkhand,22.869437516220852,87.15103852660145,G4 (Reconnaissance),69.60851874574286
GSI-2025-1229,Graphite,Chhattisgarh,23.050508124766406,83.48162885528582,G4 (Reconnaissance),26.258993193850525
GSI-2025-1230,Lithium (Carbonate),Jammu & Kashmir,33.5560854306535,73.82479320573758,G3 (Prospecting),86.13048711879705
GSI-2025-1231,Lithium (Carbonate),Jammu & Kashmir,32.91750783617018,75.34217869250033,G4 (Reconnaissance),47.8660069446707
GSI-2025-1232,Lithium (Carbonate),Jammu & Kashmir,32.41025813054706,74.71059098347979,G2 (General Exploration),60.004595496332804
GSI-2025-1233,Lithium (Carbonate),Jammu & Kashmir,33.61612075058372,74.74109343329431,G4 (Reconnaissance),64.29715824790131
GSI-2025-1234,Graphite,Chhattisgarh,22.921557931395125,83.14927135864404,G2 (General Exploration),49.65587887213862
GSI-2025-1235,Lithium (Carbonate),Jammu & Kashmir,32.8950441386916,75.48782495767671,G4 (Reconnaissance),24.664074779494
GSI-2025-1236,Lithium (Carbonate),Karnataka,11.801596100511121,76.37613956544192,G4 (Reconnaissance),61.69541953408157
GSI-2025-1237,Lithium (Carbonate),Karnataka,12.655669479670841,77.5554961866257,G3 (Prospecting),84.38993630617459
GSI-2025-1238,Lithium (Carbonate),Jammu & Kashmir,33.114214826930066,74.3011742271912,G4 (Reconnaissance),81.1985197874846
GSI-2025-1239,Copper,Jharkhand,23.245713578329735,86.66425000101161,G4 (Reconnaissance),80.05565572539538
GSI-2025-1240,Graphite,Madhya Pradesh,22.266431135014017,80.09351414904907,G4 (Reconnaissance),89.63340138009465
GSI-2025-1241,Graphite,Chhattisgarh,23.69991335495833,83.06504127560038,G4 (Reconnaissance),61.551545566418326
GSI-2025-1242,Lithium (Carbonate),Jammu & Kashmir,33.42481151621202,74.43397983630287,G4 (Reconnaissance),49.72412496165123
GSI-2025-1243,Graphite,Madhya Pradesh,21.663642010733696,80.07649731273762,G3 (Prospecting),69.17911166408916
GSI-2025-1244,Copper,Rajasthan,27.506667501599765,75.73200689098923,G2 (General Exploration),55.135279397886116
GSI-2025-1245,Graphite,Chhattisgarh,22.483244078078567,83.05818171609305,G2 (General Exploration),86.0554083972956
GSI-2025-1246,Copper,Rajasthan,27.998293804889165,75.45843776381844,G3 (Prospecting),73.56170781375188
GSI-2025-1247,Graphite,Chhattisgarh,22.15337095842796,83.89089585141556,G3 (Prospecting),88.84427841680623
GSI-2025-1248,Copper,Rajasthan,29.102151554975986,76.55449608525008,G3 (Prospecting),55.24707566305733
GSI-2025-1249,Graphite,Madhya Pradesh,22.10780774298772,79.94596596105146,G3 (Prospecting),55.31878071493543
GSI-2025-1250,Graphite,Chhattisgarh,23.13740434181422,82.98978333643318,G2 (General Exploration),56.987527979149625
GSI-2025-1251,Copper,Rajasthan,27.42204900376602,75.95060741516963,G2 (General Exploration),67.73714107270165
GSI-2025-1252,Copper,Jharkhand,22.838236672420713,87.11947193736779,G3 (Prospecting),74.2957325627163
GSI-2025-1253,Lithium (Carbonate),Jammu & Kashmir,33.97077633371338,75.87304815649476,G4 (Reconnaissance),65.34836363356791
GSI-2025-1254,Graphite,Chhattisgarh,22.98940376574359,82.6126280672453,G2 (General Exploration),27.65370397085461
GSI-2025-1255,Lithium (Carbonate),Karnataka,10.959895277563326,76.35294721198625,G3 (Prospecting),73.10438657598456
GSI-2025-1256,Graphite,Chhattisgarh,22.808942181258043,83.8764203734814,G3 (Prospecting),77.16365805072414
GSI-2025-1257,Copper,Rajasthan,27.47151855738157,76.03006402555114,G4 (Reconnaissance),26.00462470529192
GSI-2025-1258,Lithium (Carbonate),Karnataka,13.15304077242027,77.8924856109634,G3 (Prospecting),80.35863321247146
GSI-2025-1259,Graphite,Madhya Pradesh,21.524681624184637,79.56681668944645,G3 (Prospecting),62.65843712127067
GSI-2025-1260,Copper,Rajasthan,27.809063307577876,76.17859420377046,G2 (General Exploration),20.177742408822304
GSI-2025-1261,Graphite,Chhattisgarh,23.940094944635252,82.36574389710522,G2 (General Exploration),43.736607683427906
GSI-2025-1262,Graphite,Madhya Pradesh,22.220441329758714,79.98569105931833,G2 (General Exploration),87.15977659659676
GSI-2025-1263,Graphite,Chhattisgarh,23.53838931599401,83.76961165461702,G3 (Prospecting),52.843634753401005
GSI-2025-1264,Copper,Rajasthan,28.203098407527566,74.87894895611385,G2 (General Exploration),55.801160916642104
GSI-2025-1265,Lithium (Carbonate),Jammu & Kashmir,33.298622668570296,74.47210008678024,G2 (General Exploration),20.295710528188753
GSI-2025-1266,Copper,Rajasthan,27.88513258761094,75.87618626826361,G2 (General Exploration),84.55646349900233
GSI-2025-1267,Graphite,Madhya Pradesh,21.345188815638686,80.07114905014338,G3 (Prospecting),65.73941202626865
GSI-2025-1268,Lithium (Carbonate),Jammu & Kashmir,33.481478557169936,74.97070320520847,G3 (Prospecting),53.2573366872316
GSI-2025-1269,Lithium (Carbonate),Karnataka,12.23870838678536,76.61143381725032,G4 (Reconnaissance),54.970171565742824
GSI-2025-1270,Copper,Jharkhand,23.467047499664947,87.07815693080616,G2 (General Exploration),51.82858586434166
GSI-2025-1271,Graphite,Madhya Pradesh,22.152355233658458,79.42634883226978,G3 (Prospecting),61.05647799449329
GSI-2025-1272,Lithium (Carbonate),Karnataka,12.120302706719327,75.80882295511131,G2 (General Exploration),36.767513956673604
GSI-2025-1273,Graphite,Madhya Pradesh,21.491123727207057,80.15959973717275,G3 (Prospecting),21.81009629333942
GSI-2025-1274,Copper,Rajasthan,27.821165683612094,75.55293568288116,G4 (Reconnaissance),46.59395038943391
GSI-2025-1275,Copper,Rajasthan,27.638301805800264,75.36476227284771,G2 (General Exploration),59.81786386737379
GSI-2025-1276,Graphite,Chhattisgarh,22.057606626404542,82.92744829123137,G2 (General Exploration),41.134750267565636
GSI-2025-1277,Graphite,Madhya Pradesh,22.435528349057286,79.12819119723602,G2 (General Exploration),65.04916503533049
GSI-2025-1278,Graphite,Madhya Pradesh,22.838460814602524,80.07059245555372,G4 (Reconnaissance),58.06879101996372
GSI-2025-1279,Lithium (Carbonate),Jammu & Kashmir,32.64962959881454,73.14234549178384,G3 (Prospecting),93.77987027399881
GSI-2025-1280,Copper,Jharkhand,22.00618860759325,85.50607207017212,G3 (Prospecting),92.30478933522194
GSI-2025-1281,Graphite,Madhya Pradesh,22.354821379607852,80.67741399592708,G2 (General Exploration),85.1118488641029
GSI-2025-1282,Lithium (Carbonate),Karnataka,12.757975029235025,76.73644736138668,G4 (Reconnaissance),66.7232444102959
GSI-2025-1283,Copper,Rajasthan,28.474711885519298,76.10690100477811,G2 (General Exploration),33.07190926132731
GSI-2025-1284,Lithium (Carbonate),Jammu & Kashmir,32.90565116182835,74.13367489521396,G4 (Reconnaissance),61.71013287652346
GSI-2025-1285,Copper,Jharkhand,22.795038541602896,85.939674662397,G2 (General Exploration),46.58278609149919
GSI-2025-1286,Graphite,Madhya Pradesh,22.168775403770265,80.4399101300052,G2 (General Exploration),86.72292081158903
GSI-2025-1287,Copper,Jharkhand,21.887372710527657,85.7637146983711,G3 (Prospecting),24.77012949071251
GSI-2025-1288,Lithium (Carbonate),Jammu & Kashmir,33.1955276429181,75.38306642462899,G4 (Reconnaissance),47.60886650490906
GSI-2025-1289,Lithium (Carbonate),Karnataka,13.98440393476568,77.62945878737278,G4 (Reconnaissance),24.41389822293627
GSI-2025-1290,Lithium (Carbonate),Karnataka,12.824520654880038,78.02563821610211,G2 (General Exploration),27.097268638259244
GSI-2025-1291,Graphite,Madhya Pradesh,21.905682786690633,81.60897538658641,G3 (Prospecting),35.18295038805661
GSI-2025-1292,Graphite,Madhya Pradesh,21.08770204490974,78.70911269241718,G2 (General Exploration),75.18636501538398
GSI-2025-1293,Lithium (Carbonate),Jammu & Kashmir,33.81556408687207,74.01484789897538,G4 (Reconnaissance),49.76740040127761
GSI-2025-1294,Lithium (Carbonate),Karnataka,12.8229576562188,76.83928445917726,G3 (Prospecting),52.5239875818404
GSI-2025-1295,Graphite,Chhattisgarh,23.52917378462248,83.00771410624576,G4 (Reconnaissance),24.231735793625628
GSI-2025-1296,Copper,Jharkhand,23.906930352767,86.27106470916263,G2 (General Exploration),79.12436109306962
GSI-2025-1297,Lithium (Carbonate),Jammu & Kashmir,34.06263995175924,75.4608332324126,G3 (Prospecting),73.66922203655918
GSI-2025-1298,Graphite,Chhattisgarh,23.063632789701607,82.5531979015414,G2 (General Exploration),73.738800466751
GSI-2025-1299,Lithium (Carbonate),Jammu & Kashmir,33.50918556629502,73.91956661350359,G2 (General Exploration),69.50441727316063
GSI-2025-1300,Copper,Rajasthan,28.100794476766733,75.53197147313108,G2 (General Exploration),72.95928666295953
GSI-2025-1301,Copper,Jharkhand,22.274484093128013,86.28487246250343,G4 (Reconnaissance),80.74513840024801
GSI-2025-1302,Graphite,Madhya Pradesh,23.291059391044445,80.74264093583389,G3 (Prospecting),49.706880966682554
GSI-2025-1303,Graphite,Chhattisgarh,23.148981197128,83.00225189012299,G4 (Reconnaissance),38.3990256909775
GSI-2025-1304,Lithium (Carbonate),Karnataka,11.455220329600994,75.0960354924099,G4 (Reconnaissance),94.28301869659573
GSI-2025-1305,Lithium (Carbonate),Jammu & Kashmir,32.436747639972374,74.59396100601951,G4 (Reconnaissance),80.10881178611587
GSI-2025-1306,Copper,Jharkhand,23.023103044520454,86.03994095401038,G3 (Prospecting),50.80136327335478
GSI-2025-1307,Copper,Rajasthan,27.65357593157283,76.14964362496067,G4 (Reconnaissance),23.807188664624867
GSI-2025-1308,Lithium (Carbonate),Jammu & Kashmir,32.723750680048056,74.67100127509828,G3 (Prospecting),69.42124518642484
GSI-2025-1309,Lithium (Carbonate),Jammu & Kashmir,32.99341220139868,75.1136013330176,G3 (Prospecting),57.2927980663588
GSI-2025-1310,Lithium (Carbonate),Karnataka,12.107823057806545,76.76450934576144,G4 (Reconnaissance),64.69062231155048
GSI-2025-1311,Graphite,Madhya Pradesh,21.187285881508622,79.81910937263504,G2 (General Exploration),75.74917979052594
GSI-2025-1312,Graphite,Chhattisgarh,22.961231759240423,83.08795898523097,G2 (General Exploration),68.77492754573632
GSI-2025-1313,Copper,Jharkhand,23.408926211323646,86.08663880077422,G2 (General Exploration),77.58962866877488
GSI-2025-1314,Copper,Jharkhand,22.301958772171503,86.56294576422817,G4 (Reconnaissance),20.340977466776042
GSI-2025-1315,Lithium (Carbonate),Karnataka,12.356643936561522,76.79047168139103,G3 (Prospecting),67.96005113173558
GSI-2025-1316,Copper,Rajasthan,28.078160285302037,76.03714558396804,G2 (General Exploration),40.89962141723771
GSI-2025-1317,Graphite,Madhya Pradesh,21.879446308278915,79.12167772267703,G3 (Prospecting),59.629366206557364
GSI-2025-1318,Copper,Jharkhand,22.221049623662267,85.76097983590275,G2 (General Exploration),50.40480311612437
GSI-2025-1319,Lithium (Carbonate),Karnataka,11.506953128159072,76.64796218534136,G4 (Reconnaissance),89.61792990522198
GSI-2025-1320,Lithium (Carbonate),Jammu & Kashmir,32.222154683396056,74.6684449526125,G2 (General Exploration),25.675941964801925
GSI-2025-1321,Lithium (Carbonate),Karnataka,12.377808144330453,77.02567256016164,G3 (Prospecting),81.43393596945927
GSI-2025-1322,Copper,Rajasthan,27.665484721085644,75.802866779258,G2 (General Exploration),72.17720758379801
GSI-2025-1323,Graphite,Madhya Pradesh,22.150686183120566,80.16364430685222,G2 (General Exploration),34.418942247404125
GSI-2025-1324,Graphite,Chhattisgarh,23.161795664817223,83.1610536440038,G3 (Prospecting),81.06206374467104
GSI-2025-1325,Copper,Rajasthan,27.850954145092157,76.42174613881306,G4 (Reconnaissance),34.98113082342907
GSI-2025-1326,Graphite,Madhya Pradesh,21.480045062914115,80.53061343507272,G3 (Prospecting),49.777306665323266
GSI-2025-1327,Graphite,Madhya Pradesh,22.17943769421637,80.200947986507,G4 (Reconnaissance),63.591019970634456
GSI-2025-1328,Copper,Jharkhand,23.705684944925387,85.99258628577579,G3 (Prospecting),43.70535653821621
GSI-2025-1329,Lithium (Carbonate),Jammu & Kashmir,32.64247877271299,75.97056928075438,G4 (Reconnaissance),34.93630275917883
GSI-2025-1330,Graphite,Madhya Pradesh,21.616361026368907,80.04267917931875,G3 (Prospecting),66.97068391178632
GSI-2025-1331,Copper,Rajasthan,28.325638316665774,74.99732621708583,G4 (Reconnaissance),67.92365445447382
GSI-2025-1332,Graphite,Madhya Pradesh,20.51986248349987,80.7894711773246,G3 (Prospecting),50.11952798067848
GSI-2025-1333,Lithium (Carbonate),Jammu & Kashmir,32.55105975877501,74.9817843542995,G4 (Reconnaissance),56.76186415812853
GSI-2025-1334,Graphite,Chhattisgarh,22.035695790805182,83.71730647760728,G3 (Prospecting),90.85897597747173
GSI-2025-1335,Graphite,Madhya Pradesh,22.408904093811653,79.56416548992797,G4 (Reconnaissance),29.968808702135096
GSI-2025-1336,Copper,Rajasthan,28.830720290424278,75.51933089335316,G2 (General Exploration),60.67153218855361
GSI-2025-1337,Lithium (Carbonate),Jammu & Kashmir,32.21470003249118,74.06474688666407,G4 (Reconnaissance),77.26835136365588
GSI-2025-1338,Lithium (Carbonate),Karnataka,12.112562756364412,76.66103497232534,G3 (Prospecting),21.736895394300188
GSI-2025-1339,Copper,Jharkhand,23.79904282630294,86.12618542370463,G4 (Reconnaissance),79.85181335897585
GSI-2025-1340,Graphite,Madhya Pradesh,22.428243570455052,80.0894252434142,G2 (General Exploration),22.392705962115357
GSI-2025-1341,Copper,Rajasthan,27.537376513602265,76.85070391872654,G2 (General Exploration),39.32672344228173
GSI-2025-1342,Lithium (Carbonate),Jammu & Kashmir,33.23777638008263,74.80368116880328,G2 (General Exploration),88.00013770721765
GSI-2025-1343,Graphite,Chhattisgarh,23.38735598827827,83.21250465079191,G2 (General Exploration),35.95933311097799
GSI-2025-1344,Lithium (Carbonate),Karnataka,13.42583109847848,77.159125837948,G3 (Prospecting),72.5196060245282
GSI-2025-1345,Graphite,Madhya Pradesh,21.227296335708168,81.72103170270826,G2 (General Exploration),69.74052356254127
GSI-2025-1346,Copper,Rajasthan,27.901521954899064,75.25246309286985,G2 (General Exploration),23.772480445895958
GSI-2025-1347,Copper,Rajasthan,28.111194631667377,76.59689566786712,G2 (General Exploration),64.18371689725927
GSI-2025-1348,Lithium (Carbonate),Karnataka,12.88264132204796,77.96053672146869,G3 (Prospecting),48.815405890661296
GSI-2025-1349,Graphite,Madhya Pradesh,21.661160606005765,79.98549049752076,G4 (Reconnaissance),55.876836519676594
GSI-2025-1350,Copper,Rajasthan,28.650070849693133,76.34490493593673,G3 (Prospecting),94.82850423017538
GSI-2025-1351,Graphite,Madhya Pradesh,22.24776220528988,79.82061449928084,G2 (General Exploration),74.53986708253497
GSI-2025-1352,Copper,Jharkhand,22.86890329564045,85.14997873865364,G4 (Reconnaissance),69.06042640871709
GSI-2025-1353,Lithium (Carbonate),Jammu & Kashmir,32.93691430961361,74.92949913534028,G2 (General Exploration),20.00036176804905
GSI-2025-1354,Lithium (Carbonate),Karnataka,13.180854995840194,76.64127728836003,G2 (General Exploration),46.80508388997613
GSI-2025-1355,Copper,Jharkhand,22.875048775798312,86.67702674990983,G4 (Reconnaissance),64.83832585785532
GSI-2025-1356,Lithium (Carbonate),Jammu & Kashmir,33.22602408899237,74.73897505752359,G2 (General Exploration),87.49206352219427
GSI-2025-1357,Lithium (Carbonate),Jammu & Kashmir,32.85261554706662,76.94777001256813,G4 (Reconnaissance),67.85859362124918
GSI-2025-1358,Copper,Jharkhand,23.25688769334489,86.6955418820374,G2 (General Exploration),45.51559776261189
GSI-2025-1359,Graphite,Chhattisgarh,22.267189261577162,83.87592838601948,G4 (Reconnaissance),88.7035369732982
GSI-2025-1360,Graphite,Madhya Pradesh,21.211610669474354,79.53996750285607,G4 (Reconnaissance),53.75632834360703
GSI-2025-1361,Copper,Rajasthan,27.778714429646936,74.79765771748802,G2 (General Exploration),49.840643322142455
GSI-2025-1362,Copper,Rajasthan,28.388784433809132,75.78103621128545,G2 (General Exploration),61.702916956107
GSI-2025-1363,Lithium (Carbonate),Karnataka,12.56712391002951,77.06895454090244,G3 (Prospecting),86.28898303947497
GSI-2025-1364,Lithium (Carbonate),Jammu & Kashmir,34.045598396502946,74.9506428842628,G4 (Reconnaissance),53.478560146581366
GSI-2025-1365,Graphite,Chhattisgarh,22.956141526815394,83.37557295141713,G4 (Reconnaissance),66.20784397189465
GSI-2025-1366,Copper,Rajasthan,26.587590980479902,75.13359242510977,G4 (Reconnaissance),58.988662363652374
GSI-2025-1367,Graphite,Madhya Pradesh,21.996378303751733,79.71788531950249,G4 (Reconnaissance),58.28410025609503
GSI-2025-1368,Lithium (Carbonate),Karnataka,12.20602286020235,76.64714778336656,G4 (Reconnaissance),33.96191930561523
GSI-2025-1369,Lithium (Carbonate),Jammu & Kashmir,33.18864891110581,73.59742660097756,G2 (General Exploration),24.964548126979885
GSI-2025-1370,Copper,Jharkhand,23.16042407253921,86.24492119645792,G2 (General Exploration),42.96919795297433
GSI-2025-1371,Graphite,Madhya Pradesh,22.492108292772954,80.02624838876697,G2 (General Exploration),20.29757386064845
GSI-2025-1372,Lithium (Carbonate),Karnataka,12.576264663842931,77.11150665333376,G2 (General Exploration),62.192538134476706
GSI-2025-1373,Graphite,Madhya Pradesh,21.345863532643616,80.00215768692479,G3 (Prospecting),62.26382174489723
GSI-2025-1374,Lithium (Carbonate),Jammu & Kashmir,32.680889384723855,74.51294548795298,G4 (Reconnaissance),24.243308885145005
GSI-2025-1375,Copper,Jharkhand,23.646885177551574,86.87927045187966,G2 (General Exploration),41.85926416834259
GSI-2025-1376,Lithium (Carbonate),Karnataka,11.672803579451209,75.38532452193722,G3 (Prospecting),87.81273369077104
GSI-2025-1377,Lithium (Carbonate),Karnataka,12.790077141078354,77.80664626025086,G4 (Reconnaissance),59.651463411638154
GSI-2025-1378,Copper,Rajasthan,27.706216067177724,75.79838735144801,G4 (Reconnaissance),44.089709027230874
GSI-2025-1379,Graphite,Madhya Pradesh,21.125798260622922,80.64174626333953,G4 (Reconnaissance),56.32188058584366
GSI-2025-1380,Lithium (Carbonate),Jammu & Kashmir,32.729967880407166,74.94225668675234,G2 (General Exploration),82.15952217244273
GSI-2025-1381,Copper,Jharkhand,24.21393699956477,84.3712136702209,G2 (General Exploration),27.561825494952767
GSI-2025-1382,Copper,Jharkhand,23.172872569407218,85.7775436820583,G4 (Reconnaissance),36.132091866672965
GSI-2025-1383,Copper,Rajasthan,27.776333942774116,75.62113382673355,G4 (Reconnaissance),45.121171700096966
GSI-2025-1384,Copper,Jharkhand,22.5312844305037,84.81915185276995,G2 (General Exploration),89.35386326976504
GSI-2025-1385,Lithium (Carbonate),Jammu & Kashmir,32.93855443669687,74.92485816589921,G4 (Reconnaissance),41.2509624895842
GSI-2025-1386,Lithium (Carbonate),Karnataka,12.28519630317481,76.69200652546742,G2 (General Exploration),41.2757482421903
GSI-2025-1387,Copper,Rajasthan,27.855361265184445,75.37434031817965,G4 (Reconnaissance),34.551789961960075
GSI-2025-1388,Graphite,Chhattisgarh,22.74142077889246,83.71746818047112,G3 (Prospecting),29.869522402362634
GSI-2025-1389,Graphite,Chhattisgarh,21.857146807157616,83.75074107988821,G4 (Reconnaissance),75.12250584729883
GSI-2025-1390,Lithium (Carbonate),Jammu & Kashmir,33.00124681007251,75.01369480844124,G3 (Prospecting),60.567743907644626
GSI-2025-1391,Lithium (Carbonate),Jammu & Kashmir,33.99282363283129,74.82099932655039,G2 (General Exploration),55.83006991156609
GSI-2025-1392,Lithium (Carbonate),Karnataka,12.492801930371565,77.03121031427428,G2 (General Exploration),22.7823078543747
GSI-2025-1393,Copper,Jharkhand,22.937151312257363,86.10712247694994,G3 (Prospecting),74.12601718436902
GSI-2025-1394,Copper,Jharkhand,22.74439681569433,86.42131159603547,G4 (Reconnaissance),67.6054421534865
GSI-2025-1395,Copper,Jharkhand,22.24939970359215,86.19521367138488,G2 (General Exploration),60.70612688929198
GSI-2025-1396,Copper,Jharkhand,22.135992048405587,86.97783429802624,G4 (Reconnaissance),61.89909219231765
GSI-2025-1397,Graphite,Chhattisgarh,23.88761312661188,83.43700311844354,G3 (Prospecting),31.085445042107153
GSI-2025-1398,Copper,Jharkhand,22.96984569323756,87.80410376035688,G2 (General Exploration),70.23673758596554
GSI-2025-1399,Copper,Rajasthan,28.620275414124137,75.52447281210968,G4 (Reconnaissance),64.05379445391789
GSI-2025-1400,Copper,Jharkhand,23.56182785287028,86.78637797958812,G3 (Prospecting),41.04358088009252
GSI-2025-1401,Graphite,Chhattisgarh,23.626712186811993,83.65353690826043,G2 (General Exploration),41.90763857628794
GSI-2025-1402,Lithium (Carbonate),Jammu & Kashmir,32.68304198515313,74.69542759127407,G3 (Prospecting),85.04024332859086
GSI-2025-1403,Graphite,Madhya Pradesh,22.045237214265256,80.41119603961965,G4 (Reconnaissance),54.42544739249672
GSI-2025-1404,Graphite,Madhya Pradesh,20.73332634565593,80.10868735736216,G2 (General Exploration),85.87658793871671
GSI-2025-1405,Copper,Rajasthan,27.150562828672122,76.73481201792046,G2 (General Exploration),75.86067582273807
GSI-2025-1406,Copper,Rajasthan,27.982268394438993,77.52453988521312,G2 (General Exploration),41.26046911375771
GSI-2025-1407,Copper,Rajasthan,27.53784691096493,75.77489722453471,G3 (Prospecting),69.03588112595985
GSI-2025-1408,Graphite,Madhya Pradesh,22.271670742934862,80.00451142408654,G3 (Prospecting),80.25119886413555
GSI-2025-1409,Lithium (Carbonate),Jammu & Kashmir,33.23337611335965,74.56055802284921,G4 (Reconnaissance),45.011813620018756
GSI-2025-1410,Graphite,Chhattisgarh,22.94181099846938,83.49989327015872,G3 (Prospecting),20.873401680808673
GSI-2025-1411,Lithium (Carbonate),Jammu & Kashmir,32.98617403547223,74.34235579130856,G4 (Reconnaissance),61.54560866392131
GSI-2025-1412,Copper,Rajasthan,27.16154918230894,75.56466343477277,G4 (Reconnaissance),36.991939986605054
GSI-2025-1413,Lithium (Carbonate),Jammu & Kashmir,33.377328074124016,75.56199186459862,G4 (Reconnaissance),85.55422779765951
GSI-2025-1414,Lithium (Carbonate),Jammu & Kashmir,32.93200805042617,74.6379298171223,G4 (Reconnaissance),86.88991018504977
GSI-2025-1415,Copper,Rajasthan,28.28162854734819,76.33418676448495,G4 (Reconnaissance),26.20483028308965
GSI-2025-1416,Copper,Rajasthan,26.87899202752506,75.79264034871863,G4 (Reconnaissance),88.4346116793871
GSI-2025-1417,Lithium (Carbonate),Karnataka,12.36403367263023,77.6188884426122,G4 (Reconnaissance),69.35065532838541
GSI-2025-1418,Lithium (Carbonate),Karnataka,12.269933879240428,76.0083906481021,G3 (Prospecting),65.10616167648674
GSI-2025-1419,Lithium (Carbonate),Jammu & Kashmir,31.752822878685656,74.56915763817943,G4 (Reconnaissance),91.8588503853131
GSI-2025-1420,Graphite,Chhattisgarh,23.369610347312786,82.93320714419964,G3 (Prospecting),50.01168749203204
GSI-2025-1421,Copper,Jharkhand,24.031030087707666,85.20087543647294,G3 (Prospecting),65.17502368670824
GSI-2025-1422,Copper,Rajasthan,27.327727300356223,75.13878277738861,G2 (General Exploration),53.89475819282251
GSI-2025-1423,Graphite,Chhattisgarh,22.839383047106296,83.5204651552462,G3 (Prospecting),27.708789731870876
GSI-2025-1424,Copper,Jharkhand,22.27033348139578,85.57848964794277,G2 (General Exploration),45.664926592372666
GSI-2025-1425,Lithium (Carbonate),Jammu & Kashmir,32.454219126100185,75.14461705921728,G4 (Reconnaissance),47.77907880548896
GSI-2025-1426,Lithium (Carbonate),Karnataka,12.342087098763152,77.9364377874503,G4 (Reconnaissance),39.86672467141031
GSI-2025-1427,Copper,Rajasthan,29.528426565347846,75.39767890485994,G3 (Prospecting),38.81319672083229
GSI-2025-1428,Graphite,Chhattisgarh,23.33868244021147,81.97420184009695,G3 (Prospecting),57.07704849280969
GSI-2025-1429,Graphite,Chhattisgarh,22.451398959433398,83.47579771175606,G2 (General Exploration),36.25604472269457
GSI-2025-1430,Copper,Rajasthan,28.437335462628273,75.73745283491698,G2 (General Exploration),79.14365764246654
GSI-2025-1431,Lithium (Carbonate),Jammu & Kashmir,33.2638850746606,74.65317028121056,G2 (General Exploration),75.29010496773307
GSI-2025-1432,Graphite,Madhya Pradesh,22.648613056560425,81.03440071960787,G2 (General Exploration),70.35068661258582
GSI-2025-1433,Graphite,Chhattisgarh,23.453621689930163,82.46036983078174,G4 (Reconnaissance),36.66078435014781
GSI-2025-1434,Lithium (Carbonate),Jammu & Kashmir,32.8001136926757,73.75271063992089,G4 (Reconnaissance),92.42010891765449
GSI-2025-1435,Graphite,Madhya Pradesh,21.507740811176127,80.19649754371576,G2 (General Exploration),34.44932751782486
GSI-2025-1436,Copper,Rajasthan,27.90884973060364,76.24803541434805,G2 (General Exploration),55.238114528757144
GSI-2025-1437,Graphite,Chhattisgarh,23.68623743830254,84.44467746599994,G4 (Reconnaissance),93.52432436422879
GSI-2025-1438,Lithium (Carbonate),Karnataka,13.321216839953188,76.66241007991448,G3 (Prospecting),89.62737242982014
GSI-2025-1439,Graphite,Madhya Pradesh,21.772857472807445,79.46832841222769,G4 (Reconnaissance),55.63781848462911
GSI-2025-1440,Copper,Jharkhand,23.504291510317202,85.85671692096804,G4 (Reconnaissance),28.116232351375103
GSI-2025-1441,Graphite,Chhattisgarh,23.9930727346536,82.75152035640602,G3 (Prospecting),76.61825890601676
GSI-2025-1442,Graphite,Chhattisgarh,24.36588898796041,83.13236260492569,G3 (Prospecting),48.18819489507692
GSI-2025-1443,Graphite,Madhya Pradesh,22.105435431737124,80.46850561639693,G2 (General Exploration),89.21654274536141
GSI-2025-1444,Copper,Rajasthan,27.07508386072252,75.9274396504763,G3 (Prospecting),81.3161064107113
GSI-2025-1445,Graphite,Chhattisgarh,22.734734671137367,82.9743426097674,G3 (Prospecting),41.94983492237344
GSI-2025-1446,Lithium (Carbonate),Jammu & Kashmir,32.26352737662823,75.32215161568291,G3 (Prospecting),75.54114455562527
GSI-2025-1447,Graphite,Chhattisgarh,24.561999456339844,83.6349415942871,G3 (Prospecting),23.993959028231476
GSI-2025-1448,Copper,Rajasthan,27.801690893312944,75.67676229818028,G3 (Prospecting),34.79067064321103
GSI-2025-1449,Copper,Jharkhand,22.57505407020577,86.78660893182544,G4 (Reconnaissance),65.03649834358879
GSI-2025-1450,Copper,Jharkhand,21.962419262626973,85.98735077748827,G3 (Prospecting),75.71051907603106
GSI-2025-1451,Copper,Rajasthan,27.366459394984428,76.2127208954412,G3 (Prospecting),22.729368935497988
GSI-2025-1452,Copper,Jharkhand,22.76172284904604,86.10710202523772,G2 (General Exploration),88.79851460860002
GSI-2025-1453,Lithium (Carbonate),Karnataka,12.309958954049945,76.48475966582966,G3 (Prospecting),25.715821118885014
GSI-2025-1454,Graphite,Chhattisgarh,23.379512699826652,82.48765909395479,G2 (General Exploration),78.38421134150019
GSI-2025-1455,Graphite,Chhattisgarh,22.405299015514817,83.27370047544618,G4 (Reconnaissance),92.25822974361174
GSI-2025-1456,Copper,Rajasthan,26.484691899554658,76.09286092107088,G2 (General Exploration),29.386927692110476
GSI-2025-1457,Copper,Rajasthan,27.420610277879465,75.45963930448396,G4 (Reconnaissance),69.31521914148759
GSI-2025-1458,Graphite,Chhattisgarh,22.271000147343035,82.58868103695858,G3 (Prospecting),36.3022765688784
GSI-2025-1459,Copper,Rajasthan,29.08539079558561,76.3582274428737,G4 (Reconnaissance),72.40244241970555
GSI-2025-1460,Lithium (Carbonate),Karnataka,12.397881447529189,77.04398955065558,G3 (Prospecting),28.513897787065506
GSI-2025-1461,Lithium (Carbonate),Karnataka,11.877050942345525,76.50197450959062,G4 (Reconnaissance),25.329574317472535
GSI-2025-1462,Graphite,Chhattisgarh,23.585728005785032,82.85197933790303,G2 (General Exploration),89.52250122082222
GSI-2025-1463,Graphite,Chhattisgarh,23.342073373040034,84.30773183212948,G3 (Prospecting),29.207608155662136
GSI-2025-1464,Copper,Jharkhand,23.079110840375296,85.14105726671009,G2 (General Exploration),64.27817467209131
GSI-2025-1465,Lithium (Carbonate),Karnataka,12.22122599328174,76.55975510090374,G2 (General Exploration),66.26102600140607
GSI-2025-1466,Graphite,Madhya Pradesh,22.080226356956235,80.35401275086289,G3 (Prospecting),24.517562056876972
GSI-2025-1467,Copper,Rajasthan,28.283204139759306,75.79979954337753,G3 (Prospecting),53.64065301476117
GSI-2025-1468,Lithium (Carbonate),Karnataka,11.06773602447683,77.33499860746683,G4 (Reconnaissance),48.366259133867246
GSI-2025-1469,Copper,Jharkhand,23.09998396237126,87.1170678554027,G3 (Prospecting),66.12265267230036
GSI-2025-1470,Lithium (Carbonate),Jammu & Kashmir,33.15198448714631,74.82725987282113,G2 (General Exploration),59.912144413089585
GSI-2025-1471,Graphite,Madhya Pradesh,20.43606707660459,81.34816605669245,G4 (Reconnaissance),65.39778109807426
GSI-2025-1472,Lithium (Carbonate),Jammu & Kashmir,34.149970011257615,73.88218667491913,G2 (General Exploration),23.002956951672402
GSI-2025-1473,Graphite,Chhattisgarh,24.046279710077897,83.06549094302437,G4 (Reconnaissance),39.54190939843676
GSI-2025-1474,Graphite,Madhya Pradesh,21.91017556626297,79.98659914395023,G3 (Prospecting),27.98702265090067
GSI-2025-1475,Graphite,Madhya Pradesh,22.0418176807954,81.39887302347022,G2 (General Exploration),84.85046801512557
GSI-2025-1476,Copper,Jharkhand,22.89486118330452,86.99767387654944,G3 (Prospecting),58.735152440042434
GSI-2025-1477,Lithium (Carbonate),Karnataka,11.91341802646477,77.28417001133073,G3 (Prospecting),63.361037947837126
GSI-2025-1478,Copper,Jharkhand,22.798098074210312,85.58137864072191,G3 (Prospecting),72.08848055335142
GSI-2025-1479,Copper,Rajasthan,27.956241534863768,76.24616713801854,G3 (Prospecting),31.65518132574271
GSI-2025-1480,Lithium (Carbonate),Karnataka,12.700630257933327,76.39293781714782,G2 (General Exploration),43.616538053743525
GSI-2025-1481,Copper,Rajasthan,28.575790312526713,75.70968717790247,G4 (Reconnaissance),56.0932630346975
GSI-2025-1482,Lithium (Carbonate),Karnataka,13.001197499215873,77.73749233856591,G2 (General Exploration),79.17374394158486
GSI-2025-1483,Graphite,Madhya Pradesh,22.34645362747382,79.97651766716298,G3 (Prospecting),88.69114506578413
GSI-2025-1484,Lithium (Carbonate),Karnataka,12.489649431356245,77.32920487533889,G4 (Reconnaissance),45.461404180084884
GSI-2025-1485,Copper,Rajasthan,28.17841659750645,75.6751528180624,G4 (Reconnaissance),36.2693620147401
GSI-2025-1486,Copper,Rajasthan,28.34668611498913,75.16165117734666,G4 (Reconnaissance),24.560626050427132
GSI-2025-1487,Copper,Rajasthan,28.50338756670484,75.38751769476166,G2 (General Exploration),54.09241537510187
GSI-2025-1488,Copper,Rajasthan,28.592650163565978,75.87909586872821,G4 (Reconnaissance),62.77328047692837
GSI-2025-1489,Copper,Rajasthan,28.984283574297102,76.30523982903088,G2 (General Exploration),79.1766886343361
GSI-2025-1490,Lithium (Carbonate),Karnataka,13.530076734695905,75.74863552961367,G4 (Reconnaissance),39.53291983980451
GSI-2025-1491,Lithium (Carbonate),Karnataka,12.51796230366669,77.28399082029291,G3 (Prospecting),82.39554231758864
GSI-2025-1492,Lithium (Carbonate),Jammu & Kashmir,33.411346872437726,75.64744169481969,G3 (Prospecting),48.93568758769181
GSI-2025-1493,Lithium (Carbonate),Karnataka,12.128437190079492,76.6487320716658,G3 (Prospecting),28.225789829754476
GSI-2025-1494,Graphite,Madhya Pradesh,21.792117915832886,78.60885282223434,G3 (Prospecting),70.07999981315031
GSI-2025-1495,Graphite,Chhattisgarh,23.714541140002446,84.05277680455909,G3 (Prospecting),92.87121406523332
GSI-2025-1496,Lithium (Carbonate),Jammu & Kashmir,32.03515288326032,74.56411691131257,G4 (Reconnaissance),33.209919489736045
GSI-2025-1497,Graphite,Chhattisgarh,23.66587854398204,82.54185234539158,G4 (Reconnaissance),87.77414806617058
GSI-2025-1498,Lithium (Carbonate),Karnataka,13.01936146498547,76.79301519587294,G2 (General Exploration),30.34571258339465
GSI-2025-1499,Copper,Rajasthan,27.36601712035848,75.989618223935,G4 (Reconnaissance),56.91364453838079
GSI-2025-1500,Graphite,Madhya Pradesh,21.84393040197096,80.30390318309152,G4 (Reconnaissance),88.92122070362365
GSI-2025-1501,Graphite,Chhattisgarh,23.054789635201576,82.21719323635917,G4 (Reconnaissance),58.34117419982699
GSI-2025-1502,Copper,Rajasthan,26.60056436020073,75.46814083828906,G4 (Reconnaissance),57.50138143750856
GSI-2025-1503,Copper,Jharkhand,23.199751225687585,86.09516508394691,G2 (General Exploration),54.12641903921759
GSI-2025-1504,Graphite,Chhattisgarh,23.59414418045311,83.34830176554509,G2 (General Exploration),65.79749672757632
GSI-2025-1505,Lithium (Carbonate),Karnataka,12.5557181069936,77.44535391560156,G3 (Prospecting),31.416680550884994
GSI-2025-1506,Copper,Jharkhand,22.835749541401487,86.50624702879742,G4 (Reconnaissance),45.786634904288626
GSI-2025-1507,Lithium (Carbonate),Jammu & Kashmir,33.0068497672315,74.98724020234427,G4 (Reconnaissance),50.09001191998077
GSI-2025-1508,Lithium (Carbonate),Jammu & Kashmir,33.39440286713171,73.99407294945424,G4 (Reconnaissance),87.8576643544999
GSI-2025-1509,Lithium (Carbonate),Jammu & Kashmir,32.975366837778346,75.58396728034992,G4 (Reconnaissance),71.97402726400927
GSI-2025-1510,Graphite,Madhya Pradesh,22.383850144331603,79.80599587064454,G3 (Prospecting),59.92342627281636
GSI-2025-1511,Graphite,Madhya Pradesh,21.745437028978664,81.78220855529385,G3 (Prospecting),77.81243519657707
GSI-2025-1512,Graphite,Chhattisgarh,22.06140949688871,83.79609703092467,G2 (General Exploration),33.65727369093035
GSI-2025-1513,Graphite,Madhya Pradesh,22.794541007162877,78.75472482956874,G4 (Reconnaissance),61.95509031475353
GSI-2025-1514,Lithium (Carbonate),Jammu & Kashmir,33.13579019929258,74.40976639831682,G2 (General Exploration),20.359817820375866
GSI-2025-1515,Copper,Jharkhand,22.764377139311915,87.42058660323207,G2 (General Exploration),55.56305365336604
GSI-2025-1516,Copper,Rajasthan,28.63090464083078,74.44325968461533,G2 (General Exploration),24.55480004451372
GSI-2025-1517,Graphite,Chhattisgarh,22.18928618334238,83.97883491217878,G4 (Reconnaissance),86.99573956254558
GSI-2025-1518,Graphite,Chhattisgarh,23.275907053865897,83.3122859496327,G4 (Reconnaissance),26.22723228054325
GSI-2025-1519,Graphite,Chhattisgarh,23.8290930988146,83.52780046882627,G3 (Prospecting),63.789245869114914
GSI-2025-1520,Graphite,Madhya Pradesh,21.784050140347347,81.15988400447834,G2 (General Exploration),85.18045220910486
GSI-2025-1521,Graphite,Madhya Pradesh,21.330723374145087,81.01901547892275,G4 (Reconnaissance),66.92023911435908
GSI-2025-1522,Copper,Jharkhand,23.218774601345928,87.15320884771373,G3 (Prospecting),74.28729114926655
GSI-2025-1523,Copper,Rajasthan,28.38453343428279,74.81672724467177,G3 (Prospecting),54.55772824410367
GSI-2025-1524,Lithium (Carbonate),Jammu & Kashmir,33.09425450051634,74.92020946185457,G3 (Prospecting),79.53910449292349
GSI-2025-1525,Copper,Jharkhand,23.400984421401752,85.87997532171838,G4 (Reconnaissance),94.84225648160881
GSI-2025-1526,Copper,Rajasthan,26.93319706041876,75.01910960009128,G3 (Prospecting),84.04819495880825
GSI-2025-1527,Graphite,Madhya Pradesh,23.41414736194836,79.23815956334627,G2 (General Exploration),73.89026760439124
GSI-2025-1528,Copper,Rajasthan,28.819473209135644,76.28735515203779,G3 (Prospecting),90.17244051772106
GSI-2025-1529,Lithium (Carbonate),Jammu & Kashmir,34.41050836864173,74.7745665825895,G4 (Reconnaissance),25.638492371186047
GSI-2025-1530,Copper,Jharkhand,22.909429443271822,86.3156409438862,G4 (Reconnaissance),74.11348962250838
GSI-2025-1531,Copper,Rajasthan,28.504755574848254,75.86300038407995,G4 (Reconnaissance),43.88725992702222
GSI-2025-1532,Lithium (Carbonate),Karnataka,12.596980293881392,76.88936825850078,G2 (General Exploration),34.0728009584448
GSI-2025-1533,Graphite,Chhattisgarh,22.442110657656716,83.49233555921901,G2 (General Exploration),36.05337048247624
GSI-2025-1534,Lithium (Carbonate),Karnataka,12.696717655797547,76.89405510527483,G3 (Prospecting),46.97596881698486
GSI-2025-1535,Copper,Jharkhand,22.02188730599805,87.02837620255008,G2 (General Exploration),50.06196067720901
GSI-2025-1536,Graphite,Madhya Pradesh,22.39737332921339,79.98305538417429,G2 (General Exploration),37.04821929444222
GSI-2025-1537,Copper,Jharkhand,21.479469271159743,86.65296074031677,G2 (General Exploration),26.833266223833736
GSI-2025-1538,Copper,Jharkhand,22.26916269159938,86.01553031001701,G4 (Reconnaissance),92.73471241302937
GSI-2025-1539,Copper,Rajasthan,28.41643611760875,75.70975600904735,G4 (Reconnaissance),87.36274188828327
GSI-2025-1540,Graphite,Chhattisgarh,21.437376015104295,84.3491197880292,G3 (Prospecting),22.48081061308118
GSI-2025-1541,Copper,Jharkhand,23.284953365941618,85.83800487661412,G2 (General Exploration),91.71597146884875
GSI-2025-1542,Copper,Jharkhand,23.101957494992455,85.56381055197372,G4 (Reconnaissance),73.91072955831228
GSI-2025-1543,Graphite,Madhya Pradesh,22.286328429972514,79.81594964434773,G4 (Reconnaissance),36.64204414554943
GSI-2025-1544,Copper,Rajasthan,27.374802397681943,75.76572551777332,G2 (General Exploration),68.40445430956673
GSI-2025-1545,Graphite,Chhattisgarh,23.32586329752433,83.9503123760476,G4 (Reconnaissance),76.72306577257098
GSI-2025-1546,Copper,Rajasthan,28.961275428167756,75.48652006177765,G3 (Prospecting),55.50323883564412
GSI-2025-1547,Graphite,Chhattisgarh,24.328337514286,82.9530587212137,G2 (General Exploration),87.05000577313339
GSI-2025-1548,Graphite,Madhya Pradesh,21.540120471525345,80.27998076336102,G3 (Prospecting),67.6543811700804
GSI-2025-1549,Graphite,Chhattisgarh,22.98282770920787,83.31973105264383,G2 (General Exploration),66.87531177821066
GSI-2025-1550,Copper,Rajasthan,27.118550170435018,76.24642382917752,G3 (Prospecting),40.43708045115232
GSI-2025-1551,Graphite,Madhya Pradesh,22.758898045532515,80.501575145249,G2 (General Exploration),69.0249936150187
GSI-2025-1552,Lithium (Carbonate),Karnataka,12.352173183393791,76.51543716881172,G2 (General Exploration),24.243475657621545
GSI-2025-1553,Graphite,Madhya Pradesh,21.476659305441565,79.62407512035746,G4 (Reconnaissance),65.70318344705143
GSI-2025-1554,Graphite,Chhattisgarh,23.3466377101129,83.19341135615574,G3 (Prospecting),25.359346640350324
GSI-2025-1555,Graphite,Madhya Pradesh,21.56104735088644,81.04006724567283,G2 (General Exploration),91.48166853097828
GSI-2025-1556,Copper,Rajasthan,29.466586005460826,75.19647412889906,G2 (General Exploration),81.24145068440691
GSI-2025-1557,Graphite,Chhattisgarh,23.062501648757532,83.156734215255,G2 (General Exploration),89.33420948989068
GSI-2025-1558,Copper,Rajasthan,27.80126796298325,76.23194987548703,G4 (Reconnaissance),87.77890126087529
GSI-2025-1559,Lithium (Carbonate),Karnataka,12.51949064783909,76.29350689446316,G4 (Reconnaissance),72.69077793626505
GSI-2025-1560,Copper,Rajasthan,28.9643491046608,76.7477031155596,G2 (General Exploration),40.71413618242106
GSI-2025-1561,Copper,Jharkhand,23.150955729020772,85.8522396605957,G2 (General Exploration),76.44914189483728
GSI-2025-1562,Graphite,Madhya Pradesh,22.839390495729262,81.18601643694196,G3 (Prospecting),69.4689442154179
GSI-2025-1563,Lithium (Carbonate),Jammu & Kashmir,31.799406241705842,74.4120964319141,G2 (General Exploration),34.5879419323323
GSI-2025-1564,Lithium (Carbonate),Karnataka,12.557104501768565,75.86746820562023,G3 (Prospecting),82.64578008802977
GSI-2025-1565,Graphite,Madhya Pradesh,22.015000723610186,79.8436052446247,G3 (Prospecting),34.19188151521203
GSI-2025-1566,Copper,Rajasthan,27.302611678494035,76.5330866042428,G4 (Reconnaissance),21.500142824368275
GSI-2025-1567,Lithium (Carbonate),Karnataka,13.002685245050133,76.75015678116432,G2 (General Exploration),74.16855356636316
GSI-2025-1568,Copper,Rajasthan,28.422887599286582,75.23958766510101,G2 (General Exploration),23.50609968295226
GSI-2025-1569,Copper,Jharkhand,22.655239356697432,86.44843607297989,G2 (General Exploration),91.82929050809919
GSI-2025-1570,Lithium (Carbonate),Jammu & Kashmir,33.17936911215074,74.10340729693561,G4 (Reconnaissance),90.91175582274447
GSI-2025-1571,Graphite,Madhya Pradesh,20.92052200916916,79.48290898501476,G2 (General Exploration),30.27414769653096
GSI-2025-1572,Lithium (Carbonate),Jammu & Kashmir,32.416810790296324,74.75054365744829,G4 (Reconnaissance),78.01097385214862
GSI-2025-1573,Lithium (Carbonate),Jammu & Kashmir,33.34120779203803,75.29052805138107,G2 (General Exploration),47.46898800598947
GSI-2025-1574,Lithium (Carbonate),Jammu & Kashmir,32.92204563101581,75.36507919910177,G2 (General Exploration),28.60013756106869
GSI-2025-1575,Lithium (Carbonate),Jammu & Kashmir,32.60541004346118,74.98540854052477,G2 (General Exploration),30.13533372755156
GSI-2025-1576,Graphite,Chhattisgarh,23.074857802514018,84.39675510834452,G2 (General Exploration),93.57870710498092
GSI-2025-1577,Lithium (Carbonate),Karnataka,11.132346793644526,76.80785388996053,G4 (Reconnaissance),91.69997928298642
GSI-2025-1578,Copper,Rajasthan,28.87308028275379,76.4733583703759,G3 (Prospecting),76.2903639547943
GSI-2025-1579,Graphite,Madhya Pradesh,21.831512083661895,80.54437243189712,G2 (General Exploration),56.764922846472956
GSI-2025-1580,Lithium (Carbonate),Karnataka,12.699852466715628,76.61205758119134,G3 (Prospecting),60.24656454494141
GSI-2025-1581,Copper,Rajasthan,28.539806721275756,75.5144691418262,G3 (Prospecting),38.061445100880874
GSI-2025-1582,Lithium (Carbonate),Karnataka,12.503019136741512,77.81311621470378,G4 (Reconnaissance),78.3810653383731
GSI-2025-1583,Copper,Rajasthan,27.656364859654058,76.31971493785693,G4 (Reconnaissance),20.68627722760397
GSI-2025-1584,Copper,Rajasthan,28.21582851136981,75.25723667111792,G3 (Prospecting),94.45330564284636
GSI-2025-1585,Copper,Jharkhand,21.357528211890532,86.25954415212152,G3 (Prospecting),27.219202116920574
GSI-2025-1586,Lithium (Carbonate),Jammu & Kashmir,32.315444550158276,74.8224711093778,G4 (Reconnaissance),79.93929216548932
GSI-2025-1587,Graphite,Chhattisgarh,23.231726129617755,81.86815706438864,G3 (Prospecting),30.66876871064435
GSI-2025-1588,Lithium (Carbonate),Jammu & Kashmir,34.10459539428281,75.38796470826217,G4 (Reconnaissance),38.86134632888698
GSI-2025-1589,Copper,Jharkhand,22.296310686390292,86.52876835223508,G4 (Reconnaissance),84.15129529128863
GSI-2025-1590,Graphite,Chhattisgarh,24.045981504971767,83.64181010253286,G4 (Reconnaissance),58.96813521947311
GSI-2025-1591,Copper,Jharkhand,22.210675396045097,86.64524135227283,G4 (Reconnaissance),22.49453563244942
GSI-2025-1592,Lithium (Carbonate),Karnataka,11.986360548243777,75.99010593519593,G4 (Reconnaissance),63.963481155368825
GSI-2025-1593,Lithium (Carbonate),Jammu & Kashmir,32.672562791167266,74.87729855902707,G2 (General Exploration),62.65613012982677
GSI-2025-1594,Copper,Rajasthan,28.54468886140872,75.20288152552313,G3 (Prospecting),42.54962711301651
GSI-2025-1595,Copper,Rajasthan,28.020031781723407,75.46753094013233,G3 (Prospecting),82.89442770963399
GSI-2025-1596,Lithium (Carbonate),Jammu & Kashmir,34.548311019497085,74.41214462751995,G3 (Prospecting),36.792436544463996
GSI-2025-1597,Graphite,Chhattisgarh,23.007593290566223,82.20250797951566,G4 (Reconnaissance),89.85571478440406
GSI-2025-1598,Graphite,Madhya Pradesh,21.64564432830215,80.46100935920079,G4 (Reconnaissance),70.37146557247047
GSI-2025-1599,Copper,Rajasthan,27.91961757465001,76.13623007943836,G3 (Prospecting),40.617709333599834
GSI-2025-1600,Lithium (Carbonate),Jammu & Kashmir,33.14871351032143,75.75830566679008,G4 (Reconnaissance),55.127854977067265
GSI-2025-1601,Copper,Jharkhand,22.45561931386235,85.05020444062288,G3 (Prospecting),93.62080737170074
GSI-2025-1602,Lithium (Carbonate),Karnataka,11.844826345281549,77.56464222384116,G2 (General Exploration),26.48505631951921
GSI-2025-1603,Copper,Rajasthan,27.668666892610105,75.65881584580835,G2 (General Exploration),80.13207740873732
GSI-2025-1604,Lithium (Carbonate),Karnataka,12.895953223877157,76.29758087226215,G2 (General Exploration),57.2773261825004
GSI-2025-1605,Copper,Jharkhand,22.706106141719594,86.5864418433131,G2 (General Exploration),65.84228472800761
GSI-2025-1606,Copper,Rajasthan,27.546608976348782,76.33074638668612,G4 (Reconnaissance),46.630333736643934
GSI-2025-1607,Copper,Jharkhand,22.513530684800074,85.81706724150516,G2 (General Exploration),62.04713205527712
GSI-2025-1608,Copper,Rajasthan,27.97917834439254,76.26913266726626,G3 (Prospecting),61.72065560770506
GSI-2025-1609,Lithium (Carbonate),Karnataka,12.945986407348002,77.06831861976777,G3 (Prospecting),56.1384742640375
GSI-2025-1610,Copper,Rajasthan,27.42787076110697,76.08356390080232,G4 (Reconnaissance),47.446305284108504
GSI-2025-1611,Graphite,Chhattisgarh,23.182631982797155,82.64236679697748,G3 (Prospecting),87.41524648886526
GSI-2025-1612,Lithium (Carbonate),Karnataka,13.860709156693003,76.75752805027068,G2 (General Exploration),25.44421276244922
GSI-2025-1613,Graphite,Madhya Pradesh,21.714683804835527,79.82260207727184,G3 (Prospecting),68.79888262450746
GSI-2025-1614,Graphite,Chhattisgarh,23.406343714370962,82.40134110966865,G3 (Prospecting),50.37002823193759
GSI-2025-1615,Graphite,Madhya Pradesh,22.366172235110987,79.78660731987162,G2 (General Exploration),39.00680534050379
GSI-2025-1616,Copper,Jharkhand,22.60254608463966,85.18729302411091,G2 (General Exploration),90.23505453504609
GSI-2025-1617,Lithium (Carbonate),Karnataka,13.205022816702119,76.51544837109068,G4 (Reconnaissance),80.60907654495065
GSI-2025-1618,Lithium (Carbonate),Jammu & Kashmir,32.43396134017732,74.43068804609739,G3 (Prospecting),34.42631223065267
GSI-2025-1619,Lithium (Carbonate),Jammu & Kashmir,34.02978402741672,75.05375085417691,G4 (Reconnaissance),33.10711472143525
GSI-2025-1620,Graphite,Chhattisgarh,23.98353491737462,83.14046491876861,G2 (General Exploration),79.43347063286618
GSI-2025-1621,Graphite,Madhya Pradesh,22.158752555525272,79.68061055509366,G3 (Prospecting),73.20475238229196
GSI-2025-1622,Lithium (Carbonate),Karnataka,12.99748702353301,76.65538819795488,G3 (Prospecting),33.45981960637089
GSI-2025-1623,Lithium (Carbonate),Jammu & Kashmir,33.1497443824154,74.05348636866465,G2 (General Exploration),48.88761215059233
GSI-2025-1624,Copper,Jharkhand,22.793655157939124,86.12131983490605,G4 (Reconnaissance),64.04096543764098
GSI-2025-1625,Lithium (Carbonate),Jammu & Kashmir,33.150451965690344,75.0923777609983,G3 (Prospecting),32.9209688417604
GSI-2025-1626,Lithium (Carbonate),Karnataka,12.404421582368473,76.36090618334651,G2 (General Exploration),73.60390468421394
GSI-2025-1627,Copper,Jharkhand,23.389873921725858,85.87507376384411,G2 (General Exploration),70.81389825295356
GSI-2025-1628,Lithium (Carbonate),Jammu & Kashmir,33.30370880051446,75.16439791876059,G2 (General Exploration),50.47265548269682
GSI-2025-1629,Copper,Jharkhand,22.15803911668216,86.83800490109012,G4 (Reconnaissance),84.17807110618861
GSI-2025-1630,Lithium (Carbonate),Jammu & Kashmir,33.45418265905281,75.15427350362147,G4 (Reconnaissance),48.219299504719906
GSI-2025-1631,Copper,Rajasthan,28.57564964907873,76.25767777866795,G2 (General Exploration),47.52380250933541
GSI-2025-1632,Copper,Rajasthan,27.77538557105071,75.62335058263888,G2 (General Exploration),59.85858623270174
GSI-2025-1633,Graphite,Chhattisgarh,22.951404554923972,82.78125911179335,G3 (Prospecting),83.51335578356311
GSI-2025-1634,Graphite,Chhattisgarh,23.227405261338696,82.77438179259094,G3 (Prospecting),85.44099256255343
GSI-2025-1635,Copper,Jharkhand,22.05283813657564,85.55916381596828,G2 (General Exploration),72.42865752262281
GSI-2025-1636,Lithium (Carbonate),Karnataka,12.947969726059533,76.15917260678725,G4 (Reconnaissance),62.18770570906853
GSI-2025-1637,Graphite,Madhya Pradesh,22.599241801017012,79.63471921317745,G2 (General Exploration),23.88151942660806
GSI-2025-1638,Copper,Jharkhand,22.630897434074758,85.8511594730724,G4 (Reconnaissance),92.2923152808631
GSI-2025-1639,Lithium (Carbonate),Karnataka,12.6837259845586,77.81966927619867,G2 (General Exploration),63.659867300889694
GSI-2025-1640,Graphite,Chhattisgarh,23.082835025984032,82.18216124483344,G4 (Reconnaissance),51.57745895476235
GSI-2025-1641,Graphite,Madhya Pradesh,22.165604876638444,80.50603282468131,G2 (General Exploration),28.875565023608566
GSI-2025-1642,Copper,Jharkhand,23.122921613905323,86.94618119736778,G2 (General Exploration),56.62652390515619
GSI-2025-1643,Graphite,Madhya Pradesh,21.05738235820378,79.26154578880325,G2 (General Exploration),82.28454891555677
GSI-2025-1644,Lithium (Carbonate),Jammu & Kashmir,32.63492539451027,75.14574895384214,G3 (Prospecting),45.472584695881025
GSI-2025-1645,Graphite,Chhattisgarh,22.452748903974143,82.8269593852733,G2 (General Exploration),69.46234579704878
GSI-2025-1646,Copper,Jharkhand,22.443256528503415,85.79435138914259,G2 (General Exploration),74.4640438996988
GSI-2025-1647,Lithium (Carbonate),Jammu & Kashmir,33.066345056560436,74.87839517790665,G2 (General Exploration),59.31912578851378
GSI-2025-1648,Graphite,Chhattisgarh,22.987211963772282,83.68985702228908,G2 (General Exploration),40.34932165239531
GSI-2025-1649,Lithium (Carbonate),Karnataka,12.888833021669218,76.29402628195244,G3 (Prospecting),86.81982898926067
GSI-2025-1650,Graphite,Chhattisgarh,24.464433502626168,83.45194492538492,G2 (General Exploration),78.31484717834824
GSI-2025-1651,Graphite,Chhattisgarh,23.061628210265553,83.56440222138737,G2 (General Exploration),49.29326178506355
GSI-2025-1652,Graphite,Chhattisgarh,22.27498053319387,83.01697277815857,G2 (General Exploration),24.7816888695069
GSI-2025-1653,Copper,Jharkhand,22.367345290954592,86.33185495577123,G2 (General Exploration),45.22217666048603
GSI-2025-1654,Copper,Rajasthan,28.253049889920767,76.1326948810684,G3 (Prospecting),32.05324234277249
GSI-2025-1655,Lithium (Carbonate),Jammu & Kashmir,32.778138841448545,75.38628740716916,G4 (Reconnaissance),91.45263706814887
GSI-2025-1656,Copper,Rajasthan,28.315189329248213,76.01611246438023,G2 (General Exploration),70.08699138022106
GSI-2025-1657,Lithium (Carbonate),Karnataka,12.686553917424977,76.46925165797855,G4 (Reconnaissance),82.58905622113173
GSI-2025-1658,Copper,Rajasthan,27.779517491270255,75.81045689538726,G2 (General Exploration),76.98626069835456
GSI-2025-1659,Lithium (Carbonate),Karnataka,13.084638012231016,76.84458228377717,G4 (Reconnaissance),21.46072457080846
GSI-2025-1660,Graphite,Chhattisgarh,22.618868281812684,84.60599418396379,G2 (General Exploration),52.88857037871455
GSI-2025-1661,Lithium (Carbonate),Karnataka,11.68918099953747,76.09125895539155,G2 (General Exploration),22.96217939327628
GSI-2025-1662,Copper,Rajasthan,28.307765394250495,75.24333981135926,G2 (General Exploration),64.3243027944049
GSI-2025-1663,Copper,Jharkhand,22.514110436834127,85.91129149450914,G4 (Reconnaissance),39.64897767959776
GSI-2025-1664,Lithium (Carbonate),Jammu & Kashmir,33.82087515996574,75.91520352536655,G4 (Reconnaissance),55.835982594024316
GSI-2025-1665,Copper,Jharkhand,22.93756892454788,85.66793093673839,G4 (Reconnaissance),88.19970826783668
GSI-2025-1666,Lithium (Carbonate),Jammu & Kashmir,33.204661583989406,75.07145708218187,G4 (Reconnaissance),78.57533453768689
GSI-2025-1667,Copper,Jharkhand,21.838177107148585,86.65639561448687,G3 (Prospecting),58.958352251101346
GSI-2025-1668,Copper,Rajasthan,27.35473203312576,75.78209906100672,G4 (Reconnaissance),47.9194881661877
GSI-2025-1669,Graphite,Madhya Pradesh,21.20141227244218,80.66429706474733,G4 (Reconnaissance),73.75859558396371
GSI-2025-1670,Copper,Rajasthan,27.751083690212354,76.11460481775327,G4 (Reconnaissance),27.331711925273098
GSI-2025-1671,Graphite,Madhya Pradesh,21.754201466435276,79.6263975473259,G4 (Reconnaissance),36.97227830676819
GSI-2025-1672,Graphite,Chhattisgarh,22.319556001330643,83.20276748226216,G3 (Prospecting),88.89654462630868
GSI-2025-1673,Copper,Rajasthan,28.46075430900417,76.07401132667142,G2 (General Exploration),47.436183709990345
GSI-2025-1674,Lithium (Carbonate),Karnataka,12.626952928616488,76.77059739979074,G2 (General Exploration),29.299347921185714
GSI-2025-1675,Lithium (Carbonate),Jammu & Kashmir,33.30661910100117,74.52554421895545,G3 (Prospecting),67.67353016304168
GSI-2025-1676,Copper,Rajasthan,27.98745091614132,75.63923277257602,G4 (Reconnaissance),86.85770675812796
GSI-2025-1677,Copper,Jharkhand,22.667070200286737,85.54920244392743,G4 (Reconnaissance),49.185580355145966
GSI-2025-1678,Graphite,Chhattisgarh,23.739342459795097,81.90682683468211,G4 (Reconnaissance),27.91402557070649
GSI-2025-1679,Copper,Rajasthan,27.958630335892778,76.3470602152668,G3 (Prospecting),83.69664595866433
GSI-2025-1680,Graphite,Madhya Pradesh,21.215325943857554,80.44642420027105,G2 (General Exploration),88.280146342813
GSI-2025-1681,Lithium (Carbonate),Karnataka,12.533313070504132,76.1351716243872,G4 (Reconnaissance),26.017180042481883
GSI-2025-1682,Graphite,Madhya Pradesh,21.096049916682652,79.92526534869344,G3 (Prospecting),47.63383109745531
GSI-2025-1683,Lithium (Carbonate),Karnataka,12.721206898168212,76.92331165742277,G2 (General Exploration),93.46051512172166
GSI-2025-1684,Graphite,Chhattisgarh,23.516894610506906,83.53101892662876,G3 (Prospecting),49.22338152645479
GSI-2025-1685,Copper,Jharkhand,22.84643207467861,87.10164125770936,G3 (Prospecting),67.12967020145584
GSI-2025-1686,Copper,Rajasthan,28.16176205854028,75.56938669895754,G3 (Prospecting),24.091613390190954
GSI-2025-1687,Graphite,Madhya Pradesh,22.075631329221928,79.75333195338439,G4 (Reconnaissance),83.9114427373468
GSI-2025-1688,Lithium (Carbonate),Karnataka,12.416491292127315,75.65298877495714,G3 (Prospecting),29.922604669077984
GSI-2025-1689,Lithium (Carbonate),Karnataka,13.512100022966179,76.27323174446298,G2 (General Exploration),39.758539553378114
GSI-2025-1690,Copper,Rajasthan,26.64071953179687,75.77836635172108,G4 (Reconnaissance),69.39514446812521
GSI-2025-1691,Copper,Jharkhand,22.497096591607246,86.7565330951468,G2 (General Exploration),79.70934441611107
GSI-2025-1692,Graphite,Madhya Pradesh,21.96832621050815,80.2615362768831,G4 (Reconnaissance),79.27138918344474
GSI-2025-1693,Lithium (Carbonate),Karnataka,11.704530049760756,76.21612987545525,G3 (Prospecting),62.4919239757823
GSI-2025-1694,Graphite,Madhya Pradesh,22.81773631526789,80.71564283699189,G4 (Reconnaissance),85.57248993274794
GSI-2025-1695,Copper,Rajasthan,26.938624671594948,75.7451928719138,G2 (General Exploration),31.241963604866783
GSI-2025-1696,Lithium (Carbonate),Jammu & Kashmir,33.67146854627679,74.8716905137566,G3 (Prospecting),60.62714299149753
GSI-2025-1697,Graphite,Chhattisgarh,22.48293858770489,82.83882320696925,G4 (Reconnaissance),57.45036529014785
GSI-2025-1698,Copper,Rajasthan,27.796190399575764,75.9824533676117,G4 (Reconnaissance),55.147107325264564
GSI-2025-1699,Graphite,Chhattisgarh,22.786467405813987,83.35658522504436,G4 (Reconnaissance),54.39530271212837
GSI-2025-1700,Lithium (Carbonate),Jammu & Kashmir,33.43654768589859,73.86690476221304,G2 (General Exploration),83.11124121968041
GSI-2025-1701,Copper,Rajasthan,28.86302418231947,74.96846667326548,G4 (Reconnaissance),93.09620417057846
GSI-2025-1702,Graphite,Chhattisgarh,23.74273752277803,83.02168593523123,G3 (Prospecting),89.51746184624588
GSI-2025-1703,Lithium (Carbonate),Karnataka,12.079567470940287,77.19422734454004,G3 (Prospecting),47.930220180132814
GSI-2025-1704,Graphite,Chhattisgarh,21.918860813032033,84.0107557350053,G3 (Prospecting),56.544505655762634
GSI-2025-1705,Graphite,Chhattisgarh,21.988225589942044,83.64755530326165,G2 (General Exploration),24.606380537888583
GSI-2025-1706,Lithium (Carbonate),Karnataka,12.949612820705251,77.35078007274474,G3 (Prospecting),65.00461937689494
GSI-2025-1707,Graphite,Chhattisgarh,22.795254263746205,82.86319090371408,G3 (Prospecting),60.860769947966524
GSI-2025-1708,Graphite,Madhya Pradesh,21.800132887581043,80.61313854555523,G3 (Prospecting),62.20636700867583
GSI-2025-1709,Graphite,Madhya Pradesh,22.748270293358974,80.63065416477903,G3 (Prospecting),42.03479007011167
GSI-2025-1710,Lithium (Carbonate),Karnataka,12.256691990757318,76.72316317558712,G2 (General Exploration),90.92833271932146
GSI-2025-1711,Graphite,Chhattisgarh,22.832286945195282,83.08954902583737,G2 (General Exploration),23.979364026156965
GSI-2025-1712,Copper,Rajasthan,27.902082170950607,75.31548613521973,G3 (Prospecting),51.44549400466711
GSI-2025-1713,Lithium (Carbonate),Karnataka,12.067561665206041,77.60649430132214,G3 (Prospecting),91.20377114268929
GSI-2025-1714,Copper,Jharkhand,22.653384058357194,86.99718733040237,G4 (Reconnaissance),40.94287665030541
GSI-2025-1715,Graphite,Chhattisgarh,22.997429950370666,83.40596559367394,G3 (Prospecting),76.34530611804345
GSI-2025-1716,Copper,Jharkhand,21.89987220604193,86.49481386713772,G2 (General Exploration),86.35501063633161
GSI-2025-1717,Graphite,Madhya Pradesh,22.208633863633178,80.38513038153857,G4 (Reconnaissance),48.80300505952525
GSI-2025-1718,Graphite,Madhya Pradesh,22.085805330536058,80.5641149086522,G2 (General Exploration),24.75668883524396
GSI-2025-1719,Lithium (Carbonate),Karnataka,12.193353643087852,76.84092464647085,G2 (General Exploration),66.48113155197922
GSI-2025-1720,Lithium (Carbonate),Karnataka,13.368390089833845,77.1796760712519,G3 (Prospecting),32.238421010893894
GSI-2025-1721,Lithium (Carbonate),Jammu & Kashmir,32.7955604317919,74.50307063206274,G4 (Reconnaissance),21.800260550204364
GSI-2025-1722,Copper,Rajasthan,28.518271732426346,75.25433683948465,G3 (Prospecting),84.77018732078058
GSI-2025-1723,Lithium (Carbonate),Jammu & Kashmir,33.10452590426597,74.34838938149976,G3 (Prospecting),31.249460232959287
GSI-2025-1724,Lithium (Carbonate),Karnataka,13.723275006604764,76.97468133083488,G2 (General Exploration),53.297756461243
GSI-2025-1725,Lithium (Carbonate),Jammu & Kashmir,32.94249352204623,76.0495973900182,G4 (Reconnaissance),33.1123377165905
GSI-2025-1726,Graphite,Chhattisgarh,22.87136470692784,83.96196286179139,G2 (General Exploration),42.13040404128091
GSI-2025-1727,Graphite,Chhattisgarh,23.867328666665497,83.26821578891028,G4 (Reconnaissance),59.89584060287829
GSI-2025-1728,Lithium (Carbonate),Karnataka,11.720462318285698,77.39463583317239,G2 (General Exploration),74.65619876690096
GSI-2025-1729,Lithium (Carbonate),Karnataka,12.675889143185398,77.01774635779294,G4 (Reconnaissance),49.932941058821676
GSI-2025-1730,Lithium (Carbonate),Karnataka,12.930625373925245,76.54398933906472,G4 (Reconnaissance),63.2170518345825
GSI-2025-1731,Lithium (Carbonate),Karnataka,12.466064457000263,77.23599780917888,G4 (Reconnaissance),28.288170077849735
GSI-2025-1732,Lithium (Carbonate),Jammu & Kashmir,32.7463875966176,75.3677990155678,G4 (Reconnaissance),59.42330027799132
GSI-2025-1733,Graphite,Madhya Pradesh,22.22637480359002,80.25229901629973,G4 (Reconnaissance),87.85102339578845
GSI-2025-1734,Copper,Jharkhand,23.391992215950864,86.52531922615833,G4 (Reconnaissance),25.82561815253407
GSI-2025-1735,Lithium (Carbonate),Karnataka,11.158262438819007,76.19890692435098,G3 (Prospecting),88.54688877485133
GSI-2025-1736,Lithium (Carbonate),Jammu & Kashmir,32.826355013740844,75.46447357752442,G4 (Reconnaissance),57.55683428978287
GSI-2025-1737,Copper,Jharkhand,22.18635261201271,85.9472249535226,G2 (General Exploration),66.0490715681907
GSI-2025-1738,Copper,Jharkhand,22.330625784328085,86.26365794991305,G2 (General Exploration),40.768067143358024
GSI-2025-1739,Copper,Jharkhand,22.853579788216134,86.35231629384933,G3 (Prospecting),61.67481732108447
GSI-2025-1740,Lithium (Carbonate),Karnataka,12.211133451894309,76.80268546109968,G4 (Reconnaissance),39.51467308345599
GSI-2025-1741,Lithium (Carbonate),Karnataka,12.731827179488958,75.94465270479103,G3 (Prospecting),33.99751242093254
GSI-2025-1742,Graphite,Madhya Pradesh,21.577279044797223,80.26788788059739,G2 (General Exploration),67.45910981818572
GSI-2025-1743,Graphite,Chhattisgarh,22.4357704871298,83.18095504138367,G2 (General Exploration),78.58155255648589
GSI-2025-1744,Lithium (Carbonate),Karnataka,13.600990239806153,76.86566646000763,G4 (Reconnaissance),54.68173512847775
GSI-2025-1745,Lithium (Carbonate),Karnataka,12.995826549917535,75.59634453026884,G4 (Reconnaissance),81.4372868608869
GSI-2025-1746,Graphite,Madhya Pradesh,21.466283175353677,79.53540146812206,G3 (Prospecting),35.66415391341777
GSI-2025-1747,Graphite,Madhya Pradesh,22.218196954998707,79.60387661396904,G4 (Reconnaissance),44.98858563829515
GSI-2025-1748,Lithium (Carbonate),Jammu & Kashmir,32.22699783484053,75.21781900768478,G3 (Prospecting),50.58082118197004
GSI-2025-1749,Graphite,Chhattisgarh,23.848994533429014,83.18714111477816,G2 (General Exploration),41.948363172546145
GSI-2025-1750,Graphite,Chhattisgarh,23.036022588810383,82.46084136270858,G2 (General Exploration),58.05746289348001
GSI-2025-1751,Copper,Rajasthan,27.532166459515786,76.78369895922974,G3 (Prospecting),47.403622122856206
GSI-2025-1752,Lithium (Carbonate),Karnataka,13.176566220659074,77.6422799405276,G3 (Prospecting),65.21743719493415
GSI-2025-1753,Graphite,Madhya Pradesh,22.225957296900535,80.50359387415567,G3 (Prospecting),45.803391704178786
GSI-2025-1754,Graphite,Chhattisgarh,23.524765310058374,82.64291506120387,G3 (Prospecting),69.12048571823553
GSI-2025-1755,Copper,Rajasthan,27.8397553430763,75.03372562707501,G4 (Reconnaissance),62.361441821341245
GSI-2025-1756,Graphite,Madhya Pradesh,21.458595625492755,80.04406933285425,G4 (Reconnaissance),67.40345038338165
GSI-2025-1757,Copper,Jharkhand,22.371661273506803,86.61061965776786,G2 (General Exploration),77.28122174226301
GSI-2025-1758,Lithium (Carbonate),Jammu & Kashmir,32.16604907661851,75.58824726206673,G3 (Prospecting),90.30750982348687
GSI-2025-1759,Graphite,Chhattisgarh,23.74511892350028,82.32495715761407,G2 (General Exploration),30.757192775609347
GSI-2025-1760,Graphite,Madhya Pradesh,21.14110346910324,80.90906108665585,G3 (Prospecting),59.543453849211275
GSI-2025-1761,Graphite,Chhattisgarh,23.31751291588567,82.68523584664543,G3 (Prospecting),80.39828995529192
GSI-2025-1762,Copper,Jharkhand,22.66304292513569,86.17698324817898,G3 (Prospecting),54.01842792078533
GSI-2025-1763,Lithium (Carbonate),Karnataka,12.590474882817839,77.31524787672302,G4 (Reconnaissance),34.42347323492581
GSI-2025-1764,Graphite,Chhattisgarh,23.75287691528698,83.49707294210491,G2 (General Exploration),83.80748387788097
GSI-2025-1765,Copper,Jharkhand,22.730011044613416,86.51631174552614,G3 (Prospecting),27.572556605715555
GSI-2025-1766,Copper,Jharkhand,21.98462816100602,86.13094392504176,G4 (Reconnaissance),47.435351831318755
GSI-2025-1767,Graphite,Chhattisgarh,22.46788773333015,83.71825492923672,G2 (General Exploration),36.67903692287504
GSI-2025-1768,Copper,Rajasthan,29.141289426515677,75.92901566030578,G2 (General Exploration),42.626510867899086
GSI-2025-1769,Graphite,Madhya Pradesh,21.500068141944713,79.77224452006408,G4 (Reconnaissance),27.72383227839169
GSI-2025-1770,Copper,Rajasthan,29.406599098564655,76.27206174884262,G4 (Reconnaissance),24.68275980568138
GSI-2025-1771,Graphite,Chhattisgarh,22.866458135690266,83.29068868234121,G3 (Prospecting),66.65126737293507
GSI-2025-1772,Graphite,Madhya Pradesh,22.6846539081476,80.1380606447264,G4 (Reconnaissance),47.974412459506595
GSI-2025-1773,Copper,Rajasthan,28.251809687575836,75.94927819390101,G4 (Reconnaissance),65.51606285917907
GSI-2025-1774,Lithium (Carbonate),Karnataka,11.995500930819015,76.7688012017044,G4 (Reconnaissance),57.11999592003243
GSI-2025-1775,Copper,Rajasthan,27.99210349486491,76.10912910512621,G3 (Prospecting),46.22687601752119
GSI-2025-1776,Graphite,Chhattisgarh,24.14760779025975,83.09909952225745,G2 (General Exploration),44.07747330956934
GSI-2025-1777,Lithium (Carbonate),Karnataka,12.32215564615063,77.7482238800007,G2 (General Exploration),61.489474416102304
GSI-2025-1778,Copper,Rajasthan,28.244861823548458,75.59682428104246,G4 (Reconnaissance),84.4428630950726
GSI-2025-1779,Graphite,Madhya Pradesh,22.44646832866152,79.86396155077493,G3 (Prospecting),52.3848826721754
GSI-2025-1780,Graphite,Chhattisgarh,22.558198578569275,83.42544050411973,G2 (General Exploration),84.67476441485849
GSI-2025-1781,Graphite,Madhya Pradesh,22.607935816679674,81.02318097732494,G3 (Prospecting),62.52738921886517
GSI-2025-1782,Lithium (Carbonate),Karnataka,12.206671825586758,77.93353756898118,G2 (General Exploration),44.2511423999814
GSI-2025-1783,Lithium (Carbonate),Karnataka,12.50472250988269,77.29563320933184,G2 (General Exploration),47.51000010745526
GSI-2025-1784,Graphite,Chhattisgarh,22.490230015126855,83.41119183003629,G4 (Reconnaissance),60.963384493423305
GSI-2025-1785,Graphite,Chhattisgarh,23.1499272113021,83.11938493586254,G2 (General Exploration),24.825044092608117
GSI-2025-1786,Lithium (Carbonate),Jammu & Kashmir,33.57660872747483,75.18033265299114,G4 (Reconnaissance),65.9717103459524
GSI-2025-1787,Graphite,Madhya Pradesh,21.915610306177605,80.414746603588,G3 (Prospecting),49.44415218457782
GSI-2025-1788,Lithium (Carbonate),Jammu & Kashmir,33.37144471147197,73.92871086357478,G2 (General Exploration),70.62536796693658
GSI-2025-1789,Copper,Rajasthan,27.669693175202838,75.66060366200901,G4 (Reconnaissance),68.44443821644867
GSI-2025-1790,Copper,Jharkhand,22.402757411789633,86.6444515377223,G2 (General Exploration),51.88327830482606
GSI-2025-1791,Lithium (Carbonate),Jammu & Kashmir,34.21845147078806,74.67971347626919,G2 (General Exploration),87.56712487802993
GSI-2025-1792,Copper,Jharkhand,22.963873612790323,85.97071126194868,G3 (Prospecting),87.33526089503081
GSI-2025-1793,Graphite,Madhya Pradesh,21.649590302205617,80.06641555570107,G2 (General Exploration),57.03960043433712
GSI-2025-1794,Lithium (Carbonate),Karnataka,12.07139612209631,76.46049351662283,G2 (General Exploration),26.227641571055475
GSI-2025-1795,Lithium (Carbonate),Jammu & Kashmir,34.85181158466918,74.3595604371185,G3 (Prospecting),50.594550288726694
GSI-2025-1796,Copper,Rajasthan,27.278969940190038,75.63559834798626,G4 (Reconnaissance),60.19956113678156
GSI-2025-1797,Copper,Rajasthan,28.237223643328146,75.8362647028641,G2 (General Exploration),84.23131140695189
GSI-2025-1798,Graphite,Madhya Pradesh,22.14754222520955,81.07947390827935,G2 (General Exploration),60.3939100139525
GSI-2025-1799,Lithium (Carbonate),Jammu & Kashmir,33.76379930321997,75.19782778692729,G2 (General Exploration),78.95034048949871
GSI-2025-1800,Copper,Jharkhand,22.914649377966146,86.2343075454888,G3 (Prospecting),62.612812807952395
GSI-2025-1801,Copper,Rajasthan,28.628681767415312,75.68654880845725,G2 (General Exploration),65.87568775372031
GSI-2025-1802,Lithium (Carbonate),Karnataka,12.63329107202728,75.99714671706077,G2 (General Exploration),69.77519353887067
GSI-2025-1803,Lithium (Carbonate),Karnataka,13.591086186239504,77.44354309247771,G4 (Reconnaissance),42.18875853208257
GSI-2025-1804,Lithium (Carbonate),Karnataka,12.07555097668015,77.10424097271866,G2 (General Exploration),40.863646755074924
GSI-2025-1805,Graphite,Chhattisgarh,23.500927162156515,84.1423652391045,G2 (General Exploration),79.06374951290425
GSI-2025-1806,Copper,Rajasthan,28.151668365553565,76.5385472916839,G4 (Reconnaissance),22.694334004558332
GSI-2025-1807,Lithium (Carbonate),Karnataka,13.429888791026475,78.40189069751413,G4 (Reconnaissance),23.42803557705173
GSI-2025-1808,Graphite,Madhya Pradesh,21.556987066214493,80.11477487201701,G3 (Prospecting),34.58878442305726
GSI-2025-1809,Graphite,Chhattisgarh,23.717626129701205,82.41535431778725,G2 (General Exploration),51.37263092758634
GSI-2025-1810,Copper,Rajasthan,28.114118282273314,76.11840473634099,G3 (Prospecting),94.61627424800203
GSI-2025-1811,Graphite,Madhya Pradesh,20.936012637297942,79.79719981183835,G4 (Reconnaissance),23.115825864378674
GSI-2025-1812,Copper,Rajasthan,28.432460233921347,76.81390086355138,G2 (General Exploration),71.28431921442404
GSI-2025-1813,Copper,Jharkhand,22.346664279186292,86.41652906076662,G2 (General Exploration),40.47355639932911
GSI-2025-1814,Graphite,Chhattisgarh,24.033348608720782,82.7445882980897,G3 (Prospecting),50.115067263718274
GSI-2025-1815,Lithium (Carbonate),Jammu & Kashmir,33.631004362144296,74.94268307701518,G4 (Reconnaissance),45.993552596916345
GSI-2025-1816,Lithium (Carbonate),Jammu & Kashmir,33.30711748744951,74.83505279089557,G3 (Prospecting),78.14865858328574
GSI-2025-1817,Lithium (Carbonate),Karnataka,12.054885490671163,77.2617643086076,G3 (Prospecting),24.79092321059192
GSI-2025-1818,Lithium (Carbonate),Karnataka,13.104489147420608,77.56894274628871,G2 (General Exploration),33.48317047495158
GSI-2025-1819,Copper,Rajasthan,27.76618619725664,76.33199487160206,G4 (Reconnaissance),35.58905038173747
GSI-2025-1820,Lithium (Carbonate),Karnataka,12.179831422826954,76.50514027025164,G2 (General Exploration),27.29832817447154
GSI-2025-1821,Copper,Jharkhand,23.330611259144895,84.70916299979146,G2 (General Exploration),51.386997375319325
GSI-2025-1822,Copper,Rajasthan,28.817396197264916,74.99979666511221,G4 (Reconnaissance),89.8020230548471
GSI-2025-1823,Graphite,Chhattisgarh,24.054836596334162,84.17371148517879,G3 (Prospecting),48.64946049851738
GSI-2025-1824,Copper,Rajasthan,28.139522121914617,74.64657494346997,G3 (Prospecting),88.05721761457298
GSI-2025-1825,Lithium (Carbonate),Karnataka,12.24497038833079,76.6497991088702,G4 (Reconnaissance),23.022663785772046
GSI-2025-1826,Graphite,Madhya Pradesh,22.361976970576748,80.92523976257084,G4 (Reconnaissance),59.13002484395628
GSI-2025-1827,Copper,Jharkhand,22.46774637722134,86.40206109683353,G4 (Reconnaissance),34.81325003253623
GSI-2025-1828,Copper,Rajasthan,28.23528818574763,75.17900520658729,G3 (Prospecting),49.45667850444069
GSI-2025-1829,Lithium (Carbonate),Jammu & Kashmir,33.080474645865046,74.97189927240221,G2 (General Exploration),67.62441012227902
GSI-2025-1830,Lithium (Carbonate),Karnataka,11.951658443660401,76.71601706326878,G2 (General Exploration),90.96672695520145
GSI-2025-1831,Graphite,Madhya Pradesh,22.490618180268136,79.5599374942682,G3 (Prospecting),34.70429609028836
GSI-2025-1832,Lithium (Carbonate),Jammu & Kashmir,32.94776650012514,75.55890812029789,G2 (General Exploration),85.3717493081579
GSI-2025-1833,Lithium (Carbonate),Karnataka,12.24457537441801,76.14035441969395,G4 (Reconnaissance),42.77015275329207
GSI-2025-1834,Lithium (Carbonate),Karnataka,13.267084067579955,77.90516544381401,G2 (General Exploration),83.09354827986704
GSI-2025-1835,Lithium (Carbonate),Karnataka,12.319374933880479,76.00059674904169,G4 (Reconnaissance),30.966059927425952
GSI-2025-1836,Copper,Rajasthan,27.725096374234546,75.25003393749384,G4 (Reconnaissance),34.75794949291007
GSI-2025-1837,Graphite,Chhattisgarh,23.986904909107064,83.86540814157811,G4 (Reconnaissance),80.78965530131765
GSI-2025-1838,Copper,Rajasthan,28.42334627867622,75.81711757420561,G2 (General Exploration),80.24529912038854
GSI-2025-1839,Copper,Rajasthan,28.63875807038499,74.95642062110036,G2 (General Exploration),54.148644265150566
GSI-2025-1840,Lithium (Carbonate),Karnataka,12.554838440711269,77.07588893330832,G3 (Prospecting),60.77633468362331
GSI-2025-1841,Copper,Rajasthan,28.601825324547995,75.43536032740526,G3 (Prospecting),39.57068912301554
GSI-2025-1842,Lithium (Carbonate),Karnataka,12.00043270895147,76.61354161201334,G3 (Prospecting),45.001580588131965
GSI-2025-1843,Copper,Rajasthan,28.244892291777248,76.26468787054822,G3 (Prospecting),79.74329081905614
GSI-2025-1844,Lithium (Carbonate),Karnataka,13.15682790724636,77.58853031151176,G2 (General Exploration),22.45001612910483
GSI-2025-1845,Lithium (Carbonate),Karnataka,12.28893515274415,76.92930629359553,G2 (General Exploration),81.14612490935433
GSI-2025-1846,Graphite,Chhattisgarh,24.403234071834127,83.80187608613203,G3 (Prospecting),51.11806069903812
GSI-2025-1847,Graphite,Chhattisgarh,23.822970815953475,84.26135735724277,G3 (Prospecting),59.05656744702824
GSI-2025-1848,Graphite,Chhattisgarh,22.902787138696088,82.89483059408424,G4 (Reconnaissance),33.15650648669695
GSI-2025-1849,Graphite,Chhattisgarh,23.240764279234213,83.88638048111211,G3 (Prospecting),73.66350384952722
GSI-2025-1850,Copper,Rajasthan,27.836854477268407,76.85654584206777,G2 (General Exploration),72.63555244452738
GSI-2025-1851,Graphite,Chhattisgarh,23.090897142055315,83.24123460497258,G2 (General Exploration),43.62265166984484
GSI-2025-1852,Copper,Rajasthan,28.092654096479382,76.48488845914576,G2 (General Exploration),37.428669059628604
GSI-2025-1853,Graphite,Chhattisgarh,23.41404578604959,83.00799043573456,G4 (Reconnaissance),69.47024605411195
GSI-2025-1854,Graphite,Madhya Pradesh,22.96021876472749,81.5923615776011,G2 (General Exploration),50.31093571210126
GSI-2025-1855,Graphite,Madhya Pradesh,22.157150929291767,80.90619322785092,G3 (Prospecting),44.456314657113985
GSI-2025-1856,Lithium (Carbonate),Karnataka,12.140474930680686,76.94485207385493,G2 (General Exploration),79.18060463576013
GSI-2025-1857,Copper,Rajasthan,28.84931319559419,75.00741023590051,G3 (Prospecting),29.183938718092314
GSI-2025-1858,Graphite,Madhya Pradesh,21.56036153515095,80.15786069668421,G4 (Reconnaissance),61.82694561634474
GSI-2025-1859,Graphite,Madhya Pradesh,21.533313355321066,80.3605501630918,G2 (General Exploration),33.53618937952866
GSI-2025-1860,Lithium (Carbonate),Jammu & Kashmir,34.38544297013324,76.47425737698255,G2 (General Exploration),26.106142763098283
GSI-2025-1861,Graphite,Madhya Pradesh,22.13382759034008,79.98959771164306,G4 (Reconnaissance),73.9820360672694
GSI-2025-1862,Copper,Rajasthan,28.146982364618555,75.32535305655874,G4 (Reconnaissance),60.58196633799863
GSI-2025-1863,Copper,Rajasthan,28.056553108804394,76.28211235577638,G3 (Prospecting),83.8106842209754
GSI-2025-1864,Graphite,Chhattisgarh,22.306370491247893,83.3022343418199,G2 (General Exploration),64.27606941067101
GSI-2025-1865,Lithium (Carbonate),Karnataka,13.229631986785222,77.17648623746682,G2 (General Exploration),62.01134099027005
GSI-2025-1866,Lithium (Carbonate),Karnataka,12.505509800061736,76.41078923393766,G3 (Prospecting),68.96943557596809
GSI-2025-1867,Graphite,Madhya Pradesh,21.353736891751463,79.6259719943668,G2 (General Exploration),79.81196192973894
GSI-2025-1868,Copper,Rajasthan,28.198111323307558,76.61452921061938,G3 (Prospecting),50.20614034037996
GSI-2025-1869,Graphite,Madhya Pradesh,21.473019709275952,79.11363328068437,G4 (Reconnaissance),83.27247422519409
GSI-2025-1870,Lithium (Carbonate),Karnataka,12.208908963824095,76.83048508719943,G4 (Reconnaissance),46.266993536478736
GSI-2025-1871,Copper,Rajasthan,28.27208532317724,74.8787738146688,G3 (Prospecting),73.16243399776828
GSI-2025-1872,Graphite,Madhya Pradesh,22.1646535754193,78.88969023560695,G2 (General Exploration),73.17957424277161
GSI-2025-1873,Lithium (Carbonate),Karnataka,12.53477885931899,77.48160156018781,G2 (General Exploration),42.008879739288275
GSI-2025-1874,Graphite,Chhattisgarh,22.969134156519186,83.77187155840323,G2 (General Exploration),85.12322588143603
GSI-2025-1875,Graphite,Madhya Pradesh,20.96784797974344,79.57285624832801,G2 (General Exploration),81.42251570244801
GSI-2025-1876,Copper,Jharkhand,22.38489408185442,85.61853620097165,G3 (Prospecting),33.93970705045881
GSI-2025-1877,Graphite,Chhattisgarh,22.93318750526788,83.03234749840365,G2 (General Exploration),64.06176976040189
GSI-2025-1878,Copper,Jharkhand,21.809402759318164,86.5329299014103,G4 (Reconnaissance),76.177865781919
GSI-2025-1879,Graphite,Madhya Pradesh,21.400194591256902,80.40665180180743,G2 (General Exploration),26.18090338209779
GSI-2025-1880,Lithium (Carbonate),Jammu & Kashmir,32.023302189330124,74.46084737769688,G2 (General Exploration),91.35480198463331
GSI-2025-1881,Copper,Jharkhand,23.021386816765084,85.83467087303436,G4 (Reconnaissance),59.54083151933141
GSI-2025-1882,Graphite,Madhya Pradesh,22.403390463874803,80.26304498157096,G2 (General Exploration),70.03050915008811
GSI-2025-1883,Graphite,Madhya Pradesh,21.65149173020296,79.43191574299193,G3 (Prospecting),50.246550777890704
GSI-2025-1884,Copper,Rajasthan,27.764144131436684,76.61893757128043,G4 (Reconnaissance),82.76267065020298
GSI-2025-1885,Copper,Jharkhand,22.776021020357632,86.85409956050168,G4 (Reconnaissance),94.18208878529182
GSI-2025-1886,Lithium (Carbonate),Jammu & Kashmir,33.26616434514645,73.60660200064254,G2 (General Exploration),80.96042588172
GSI-2025-1887,Copper,Rajasthan,28.02358202529487,76.37700447376568,G3 (Prospecting),94.95334802009151
GSI-2025-1888,Graphite,Chhattisgarh,23.540957411330435,83.4217307478494,G4 (Reconnaissance),59.25962928818779
GSI-2025-1889,Lithium (Carbonate),Karnataka,12.479438932550245,77.18168746716593,G3 (Prospecting),94.84806030900704
GSI-2025-1890,Lithium (Carbonate),Jammu & Kashmir,33.743516725897955,74.3338906955076,G2 (General Exploration),26.857843314558725
GSI-2025-1891,Lithium (Carbonate),Jammu & Kashmir,33.166966424790445,75.16183191225116,G3 (Prospecting),26.848756341398243
GSI-2025-1892,Copper,Jharkhand,22.124171750034062,86.27326340056936,G4 (Reconnaissance),87.49715984855017
GSI-2025-1893,Copper,Rajasthan,28.666078018957446,76.08380741986932,G2 (General Exploration),32.70217359076186
GSI-2025-1894,Graphite,Chhattisgarh,22.650259333373885,83.85206924530365,G2 (General Exploration),52.05359144847067
GSI-2025-1895,Lithium (Carbonate),Karnataka,11.274332752851032,76.91779532816606,G3 (Prospecting),78.38058719029729
GSI-2025-1896,Lithium (Carbonate),Karnataka,12.30366349303012,76.39031761770146,G2 (General Exploration),80.39605439802898
GSI-2025-1897,Graphite,Madhya Pradesh,21.886130473477795,80.85699306220276,G2 (General Exploration),94.57555346349123
GSI-2025-1898,Lithium (Carbonate),Karnataka,13.406320376654953,76.5746013054088,G4 (Reconnaissance),26.20308709410559
GSI-2025-1899,Copper,Rajasthan,27.82437001984725,75.13233600697984,G3 (Prospecting),30.20845918623654
GSI-2025-1900,Lithium (Carbonate),Karnataka,12.2040076959789,77.04992800945081,G4 (Reconnaissance),30.607654200788538
GSI-2025-1901,Copper,Jharkhand,21.855609186279104,86.79307241358839,G2 (General Exploration),65.21676006903192
GSI-2025-1902,Copper,Jharkhand,22.585494018966802,85.58145455730082,G4 (Reconnaissance),21.08875297911605
GSI-2025-1903,Lithium (Carbonate),Jammu & Kashmir,32.8077893272024,74.6125754688638,G3 (Prospecting),77.80005621213844
GSI-2025-1904,Graphite,Chhattisgarh,22.778008720478475,83.1433246710855,G2 (General Exploration),35.54844355025894
GSI-2025-1905,Copper,Jharkhand,23.28996887092334,86.40828914043794,G3 (Prospecting),38.22372251558042
GSI-2025-1906,Lithium (Carbonate),Karnataka,13.18138002545881,77.30690403045006,G4 (Reconnaissance),93.721597913745
GSI-2025-1907,Copper,Rajasthan,27.93928188097742,76.10034971829329,G4 (Reconnaissance),65.96669981050637
GSI-2025-1908,Lithium (Carbonate),Jammu & Kashmir,33.9568604407113,74.62114220531096,G4 (Reconnaissance),43.144040473296954
GSI-2025-1909,Graphite,Madhya Pradesh,21.898067411712002,80.10175822929054,G4 (Reconnaissance),61.191959194200315
GSI-2025-1910,Lithium (Carbonate),Karnataka,12.802892575292022,77.60577632587096,G3 (Prospecting),81.77682081088696
GSI-2025-1911,Copper,Rajasthan,29.004875085843757,76.71163782312053,G2 (General Exploration),66.41604838614788
GSI-2025-1912,Lithium (Carbonate),Jammu & Kashmir,33.203222863119784,74.90834739670738,G2 (General Exploration),46.68075108296862
GSI-2025-1913,Graphite,Madhya Pradesh,21.042638603375984,80.27606789458486,G4 (Reconnaissance),27.201250584594778
GSI-2025-1914,Copper,Jharkhand,23.550583784142248,84.67426415178421,G4 (Reconnaissance),67.92113672640804
GSI-2025-1915,Graphite,Madhya Pradesh,22.81878509248318,80.32951148484767,G3 (Prospecting),78.99934691976257
GSI-2025-1916,Copper,Jharkhand,22.300534138464837,85.98826007936442,G4 (Reconnaissance),27.274773188440424
GSI-2025-1917,Copper,Jharkhand,21.458837214998688,86.41485962136207,G3 (Prospecting),70.64741488343195
GSI-2025-1918,Graphite,Chhattisgarh,23.196055844674223,83.79143509789895,G3 (Prospecting),76.84824495548816
GSI-2025-1919,Graphite,Chhattisgarh,22.741137011626563,83.02312351753113,G3 (Prospecting),39.642579047794854
GSI-2025-1920,Graphite,Chhattisgarh,22.524091564276446,82.48988446930949,G3 (Prospecting),36.82717489811411
GSI-2025-1921,Lithium (Carbonate),Jammu & Kashmir,33.196679245792744,73.26552260106648,G2 (General Exploration),20.627702197954118
GSI-2025-1922,Lithium (Carbonate),Jammu & Kashmir,32.83496986213609,75.42400160357944,G2 (General Exploration),33.54693314498171
GSI-2025-1923,Copper,Rajasthan,28.307760544291686,76.88374119237665,G4 (Reconnaissance),44.62462019447189
GSI-2025-1924,Lithium (Carbonate),Jammu & Kashmir,33.276787818544875,75.20168230687773,G3 (Prospecting),23.556200889543916
GSI-2025-1925,Graphite,Madhya Pradesh,21.766552123490502,79.48739601279205,G2 (General Exploration),21.474086829869826
GSI-2025-1926,Graphite,Madhya Pradesh,21.628047426144974,79.58755450046932,G2 (General Exploration),46.80840747955774
GSI-2025-1927,Lithium (Carbonate),Jammu & Kashmir,33.025299550681225,74.47105404710832,G2 (General Exploration),68.32859158887564
GSI-2025-1928,Lithium (Carbonate),Karnataka,11.42379084819496,77.43735148566628,G3 (Prospecting),88.19609501021911
GSI-2025-1929,Lithium (Carbonate),Jammu & Kashmir,34.30134943803053,74.72909410003791,G2 (General Exploration),51.218749367954956
GSI-2025-1930,Lithium (Carbonate),Karnataka,11.544790985081548,76.54918241974461,G3 (Prospecting),50.821359730192796
GSI-2025-1931,Graphite,Chhattisgarh,23.7173665941912,83.83919806901837,G4 (Reconnaissance),91.35767399347338
GSI-2025-1932,Graphite,Chhattisgarh,22.67437624628617,83.81845194122141,G3 (Prospecting),33.73204650944122
GSI-2025-1933,Lithium (Carbonate),Jammu & Kashmir,33.4629502603896,74.98018176011591,G2 (General Exploration),53.046627816015175
GSI-2025-1934,Copper,Jharkhand,24.158602626021306,85.70608263287492,G2 (General Exploration),75.40633826638924
GSI-2025-1935,Graphite,Madhya Pradesh,21.78564948953341,81.22273228791548,G3 (Prospecting),32.47392193879777
GSI-2025-1936,Copper,Jharkhand,23.369462848617673,87.35793810715688,G3 (Prospecting),26.233010381890747
GSI-2025-1937,Copper,Jharkhand,23.639565856755556,85.89352274560044,G2 (General Exploration),75.33150086369311
GSI-2025-1938,Copper,Jharkhand,21.71162640798915,86.15953339371981,G3 (Prospecting),65.85295461074021
GSI-2025-1939,Graphite,Madhya Pradesh,21.23703685431356,80.6692202292573,G4 (Reconnaissance),51.0801838102817
GSI-2025-1940,Graphite,Chhattisgarh,23.345048249648368,82.50928182910891,G3 (Prospecting),36.13602898132958
GSI-2025-1941,Graphite,Chhattisgarh,23.58265129033382,82.59696515663533,G2 (General Exploration),83.56202265879173
GSI-2025-1942,Graphite,Chhattisgarh,24.14423154857053,82.63326424756453,G2 (General Exploration),93.33659720303103
GSI-2025-1943,Graphite,Chhattisgarh,22.553254453208062,83.24589753003936,G4 (Reconnaissance),59.05545163435725
GSI-2025-1944,Graphite,Chhattisgarh,23.72682336162713,83.3497387324634,G3 (Prospecting),37.14414837259146
GSI-2025-1945,Graphite,Chhattisgarh,23.05116768293199,82.88968810903641,G3 (Prospecting),93.28678202384268
GSI-2025-1946,Copper,Jharkhand,22.17404466913835,85.35886990440113,G3 (Prospecting),79.8730037341692
GSI-2025-1947,Copper,Jharkhand,22.3301972299154,86.81492292096773,G3 (Prospecting),34.43605468502344
GSI-2025-1948,Lithium (Carbonate),Karnataka,12.106827306742959,76.62532396600312,G3 (Prospecting),22.633443598834127
GSI-2025-1949,Graphite,Madhya Pradesh,22.11982819564051,79.92617412078783,G2 (General Exploration),77.85190688880184
GSI-2025-1950,Lithium (Carbonate),Karnataka,12.92103585617274,77.51355627433183,G3 (Prospecting),76.9751739511542
GSI-2025-1951,Lithium (Carbonate),Karnataka,13.073385236850177,75.63324199590205,G3 (Prospecting),77.0324776988787
GSI-2025-1952,Copper,Rajasthan,27.709096799997766,75.60941076014707,G4 (Reconnaissance),46.192887270193125
GSI-2025-1953,Lithium (Carbonate),Jammu & Kashmir,32.27791412711159,74.10221496993817,G3 (Prospecting),45.73318778709857
GSI-2025-1954,Lithium (Carbonate),Jammu & Kashmir,34.34026579833562,74.78939123061615,G3 (Prospecting),83.0097600031593
GSI-2025-1955,Graphite,Madhya Pradesh,22.679370447176446,80.3568295454307,G4 (Reconnaissance),68.82479411596779
GSI-2025-1956,Lithium (Carbonate),Karnataka,12.091085566614494,78.50779783319722,G4 (Reconnaissance),84.02142780097839
GSI-2025-1957,Graphite,Madhya Pradesh,21.09714609210783,80.0804841081162,G4 (Reconnaissance),54.77578532170878
GSI-2025-1958,Lithium (Carbonate),Jammu & Kashmir,33.47302277308225,74.65687853679312,G4 (Reconnaissance),22.20570288848056
GSI-2025-1959,Graphite,Chhattisgarh,24.017696193397633,83.62507678828844,G2 (General Exploration),89.99859425664715
GSI-2025-1960,Lithium (Carbonate),Jammu & Kashmir,33.82023572021159,76.03553021074806,G2 (General Exploration),64.12184144014002
GSI-2025-1961,Lithium (Carbonate),Jammu & Kashmir,33.37818118524446,73.87036270556656,G4 (Reconnaissance),69.33638179140146
GSI-2025-1962,Lithium (Carbonate),Karnataka,11.570671797957493,76.98242246581515,G3 (Prospecting),88.0125183084907
GSI-2025-1963,Graphite,Chhattisgarh,24.420084459247555,83.0014433429019,G4 (Reconnaissance),44.062546897400445
GSI-2025-1964,Lithium (Carbonate),Jammu & Kashmir,32.555786889437385,75.11499766374203,G3 (Prospecting),89.37009846077953
GSI-2025-1965,Graphite,Chhattisgarh,23.065817648126487,82.97051226961493,G3 (Prospecting),45.94818343794083
GSI-2025-1966,Lithium (Carbonate),Karnataka,11.757634703053927,76.53045172881613,G4 (Reconnaissance),22.12932663930044
GSI-2025-1967,Graphite,Chhattisgarh,23.516257331015762,82.76078249669736,G3 (Prospecting),43.38774866792113
GSI-2025-1968,Graphite,Madhya Pradesh,22.038450032653728,80.08646363588485,G4 (Reconnaissance),59.202618558656994
GSI-2025-1969,Copper,Rajasthan,27.58073499138081,75.75671255003188,G2 (General Exploration),31.38947036186132
GSI-2025-1970,Graphite,Chhattisgarh,23.018424309128047,83.51696687828134,G4 (Reconnaissance),61.05638453788273
GSI-2025-1971,Graphite,Chhattisgarh,22.848285500279008,82.68853702451082,G4 (Reconnaissance),69.6097124105543
GSI-2025-1972,Copper,Jharkhand,22.52313985228212,87.00526149388432,G2 (General Exploration),56.53027133620176
GSI-2025-1973,Lithium (Carbonate),Jammu & Kashmir,33.38005357525222,75.5386798953286,G2 (General Exploration),44.06140984853603
GSI-2025-1974,Copper,Rajasthan,28.174527735414085,75.80943205783798,G4 (Reconnaissance),54.650593864563625
GSI-2025-1975,Lithium (Carbonate),Karnataka,13.763015433755404,77.01760363797979,G2 (General Exploration),62.629651105251035
GSI-2025-1976,Graphite,Chhattisgarh,23.6194887338161,82.41629346326572,G4 (Reconnaissance),76.24054465402486
GSI-2025-1977,Graphite,Chhattisgarh,23.337250736994378,82.65370300113507,G3 (Prospecting),36.609746894421065
GSI-2025-1978,Lithium (Carbonate),Jammu & Kashmir,32.48859639925475,75.12991850869271,G4 (Reconnaissance),94.13775127138167
GSI-2025-1979,Lithium (Carbonate),Jammu & Kashmir,32.03733733709097,74.14078363342504,G2 (General Exploration),38.457061495964155
GSI-2025-1980,Lithium (Carbonate),Karnataka,13.007015861955667,77.240075229449,G3 (Prospecting),43.953255505806055
GSI-2025-1981,Copper,Rajasthan,28.571954846797432,76.36281145185721,G2 (General Exploration),42.62211800706738
GSI-2025-1982,Lithium (Carbonate),Karnataka,13.480077753807821,76.76431246173054,G4 (Reconnaissance),37.39670188234552
GSI-2025-1983,Copper,Jharkhand,23.45884013786658,86.58777251808338,G2 (General Exploration),90.20650263459578
GSI-2025-1984,Graphite,Madhya Pradesh,21.669966594653935,79.34381437488253,G2 (General Exploration),74.92272120093008
GSI-2025-1985,Copper,Rajasthan,28.125459257344378,75.55970498199567,G2 (General Exploration),76.2507099007273
GSI-2025-1986,Copper,Rajasthan,27.91624537121875,75.42896396895159,G3 (Prospecting),30.284853261004663
GSI-2025-1987,Copper,Jharkhand,22.19948999322057,86.82283287402247,G2 (General Exploration),64.36973018799759
GSI-2025-1988,Copper,Jharkhand,22.636772453708655,85.25674494420916,G3 (Prospecting),24.838533417101527
GSI-2025-1989,Graphite,Chhattisgarh,22.99659297646317,84.32369503507454,G3 (Prospecting),39.08449644894442
GSI-2025-1990,Copper,Jharkhand,23.26217963250497,86.7778316823073,G4 (Reconnaissance),43.287035956039894
GSI-2025-1991,Graphite,Chhattisgarh,23.180915206186093,83.6925615058274,G4 (Reconnaissance),46.22019385010961
GSI-2025-1992,Copper,Rajasthan,28.55850503080465,76.06106329957443,G2 (General Exploration),71.99061230159504
GSI-2025-1993,Graphite,Madhya Pradesh,20.283553345168283,81.48695773669672,G3 (Prospecting),37.4224133919651
GSI-2025-1994,Copper,Rajasthan,27.575141480433917,76.74380528176643,G4 (Reconnaissance),35.27248371903754
GSI-2025-1995,Lithium (Carbonate),Karnataka,13.999469899670961,77.17839669876821,G4 (Reconnaissance),57.97768264214385
GSI-2025-1996,Graphite,Chhattisgarh,23.878362962415366,83.12061149119451,G3 (Prospecting),79.13197035212077
GSI-2025-1997,Copper,Rajasthan,28.324388301543053,75.202610447297,G2 (General Exploration),56.6672008836845
GSI-2025-1998,Lithium (Carbonate),Jammu & Kashmir,33.32990460763345,73.74188656605992,G3 (Prospecting),21.30655381782143
GSI-2025-1999,Lithium (Carbonate),Jammu & Kashmir,33.112307022819756,74.72814191006496,G3 (Prospecting),50.54776504286632
GSI-2025-2000,Lithium (Carbonate),Jammu & Kashmir,32.39404968361872,75.28773496533466,G2 (General Exploration),25.570369442316483
GSI-2025-2001,Graphite,Madhya Pradesh,22.113266593967744,80.84844834857796,G2 (General Exploration),33.823969597796356
GSI-2025-2002,Copper,Rajasthan,27.789281340809136,74.73730140968078,G4 (Reconnaissance),41.03483652935185
GSI-2025-2003,Copper,Rajasthan,28.210610244555966,74.73567100138209,G2 (General Exploration),25.084401534860184
GSI-2025-2004,Graphite,Madhya Pradesh,21.77295426010398,80.16881978615591,G4 (Reconnaissance),58.12405079195451
GSI-2025-2005,Lithium (Carbonate),Jammu & Kashmir,32.45094733130301,75.95321907770246,G4 (Reconnaissance),89.41494613214331
GSI-2025-2006,Lithium (Carbonate),Jammu & Kashmir,32.9325226079451,75.57036753938506,G4 (Reconnaissance),44.82887323101065
GSI-2025-2007,Graphite,Chhattisgarh,22.88511160661005,83.60059730533277,G4 (Reconnaissance),58.00291512109878
GSI-2025-2008,Graphite,Madhya Pradesh,22.049346312376272,79.13647509990408,G2 (General Exploration),88.675424368907
GSI-2025-2009,Graphite,Madhya Pradesh,22.588982611575343,80.27837326646106,G4 (Reconnaissance),51.28221823281059
GSI-2025-2010,Lithium (Carbonate),Jammu & Kashmir,33.26185047499169,74.26291194662092,G3 (Prospecting),57.44713797082085
GSI-2025-2011,Lithium (Carbonate),Jammu & Kashmir,31.757641354197535,74.82841386786785,G2 (General Exploration),76.70874312795402
GSI-2025-2012,Lithium (Carbonate),Karnataka,12.436043026499506,77.40081940066635,G2 (General Exploration),64.07905638388799
GSI-2025-2013,Graphite,Madhya Pradesh,21.73888702726323,81.30028536047976,G2 (General Exploration),46.146607703508074
GSI-2025-2014,Graphite,Madhya Pradesh,21.672138778255125,79.97328465123029,G3 (Prospecting),94.03949593872717
GSI-2025-2015,Graphite,Chhattisgarh,22.847871918448426,82.12750008883275,G3 (Prospecting),25.653395915290417
GSI-2025-2016,Graphite,Madhya Pradesh,21.50795325388357,79.55252022460445,G3 (Prospecting),64.5773444081384
GSI-2025-2017,Copper,Rajasthan,27.73461810709619,76.52460638595711,G4 (Reconnaissance),32.405459370892345
GSI-2025-2018,Graphite,Madhya Pradesh,22.765352809434017,79.57285209394988,G2 (General Exploration),53.93999737403032
GSI-2025-2019,Lithium (Carbonate),Jammu & Kashmir,32.60749957056399,75.83336312530969,G3 (Prospecting),59.504458922446766
GSI-2025-2020,Graphite,Madhya Pradesh,20.91089983402949,80.18054034959754,G4 (Reconnaissance),84.59497203701797
GSI-2025-2021,Graphite,Chhattisgarh,22.866743138964825,83.50370090028498,G3 (Prospecting),65.60694378480311
GSI-2025-2022,Copper,Jharkhand,22.437365400098496,85.66799570980389,G3 (Prospecting),57.61356312430221
GSI-2025-2023,Graphite,Chhattisgarh,22.739245411639388,84.07728702822061,G4 (Reconnaissance),41.7891901981698
GSI-2025-2024,Lithium (Carbonate),Karnataka,13.758445383473294,76.77576258094216,G2 (General Exploration),69.9279182115798
GSI-2025-2025,Copper,Rajasthan,27.996152343667088,77.06485506569962,G3 (Prospecting),55.55259499261321
GSI-2025-2026,Graphite,Madhya Pradesh,21.481870708255563,80.41610104466656,G3 (Prospecting),86.6461263233318
GSI-2025-2027,Copper,Rajasthan,28.517452772272996,76.07387435026068,G3 (Prospecting),74.54310636815651
GSI-2025-2028,Lithium (Carbonate),Karnataka,12.70090944400878,77.49586228945724,G4 (Reconnaissance),64.81584773371691
GSI-2025-2029,Lithium (Carbonate),Jammu & Kashmir,32.971109724053534,74.52360172732864,G3 (Prospecting),80.17782705115093
GSI-2025-2030,Copper,Jharkhand,21.919162195188484,86.21352806056466,G2 (General Exploration),74.38996132745604
GSI-2025-2031,Lithium (Carbonate),Karnataka,11.343024698638846,76.89988264491008,G4 (Reconnaissance),25.481357597489314
GSI-2025-2032,Graphite,Madhya Pradesh,21.968017138527074,79.26910208946427,G4 (Reconnaissance),58.275401452038096
GSI-2025-2033,Graphite,Chhattisgarh,23.676758647840746,82.95319218436762,G3 (Prospecting),68.87561903240506
GSI-2025-2034,Graphite,Chhattisgarh,23.259769406658915,83.16566468957251,G4 (Reconnaissance),76.47454650681215
GSI-2025-2035,Copper,Rajasthan,28.0821932296515,74.83249424235174,G4 (Reconnaissance),83.61410013260897
GSI-2025-2036,Copper,Jharkhand,21.762838884794846,85.15008794583284,G3 (Prospecting),62.13833669983109
GSI-2025-2037,Lithium (Carbonate),Karnataka,13.556863519503382,77.38848860918851,G4 (Reconnaissance),69.89701481392848
GSI-2025-2038,Copper,Rajasthan,27.797016176136733,75.48520147918755,G2 (General Exploration),92.83729960799337
GSI-2025-2039,Lithium (Carbonate),Jammu & Kashmir,31.93816073332557,75.48931124014943,G4 (Reconnaissance),23.824406867611508
GSI-2025-2040,Copper,Jharkhand,22.671287654994792,86.48223167016347,G3 (Prospecting),42.858025185773094
GSI-2025-2041,Lithium (Carbonate),Karnataka,12.697810810466786,77.40049279350858,G2 (General Exploration),58.903786233664604
GSI-2025-2042,Lithium (Carbonate),Jammu & Kashmir,34.0259980379305,74.60191153373253,G4 (Reconnaissance),40.518196907926594
GSI-2025-2043,Lithium (Carbonate),Karnataka,12.34893527080237,76.01896256492225,G4 (Reconnaissance),52.08052527579878
GSI-2025-2044,Copper,Jharkhand,22.770748643234015,86.52130430440577,G4 (Reconnaissance),65.04965643615282
GSI-2025-2045,Lithium (Carbonate),Jammu & Kashmir,32.917056303238176,74.10866247355122,G3 (Prospecting),71.7979591491158
GSI-2025-2046,Lithium (Carbonate),Karnataka,11.980636155749137,76.66161785329973,G4 (Reconnaissance),50.474229125202996
GSI-2025-2047,Copper,Jharkhand,22.100524576958193,86.62686544066304,G3 (Prospecting),92.97724578130612
GSI-2025-2048,Graphite,Chhattisgarh,23.294478435610653,82.3914945114735,G2 (General Exploration),67.76335193097069
GSI-2025-2049,Lithium (Carbonate),Karnataka,12.512483204028783,76.73520867427202,G4 (Reconnaissance),48.399987741555265
GSI-2025-2050,Copper,Rajasthan,28.767049708705137,76.39902385248877,G2 (General Exploration),24.627429153605473
GSI-2025-2051,Lithium (Carbonate),Jammu & Kashmir,33.772053324681714,75.59187071757127,G2 (General Exploration),32.40825104339221
GSI-2025-2052,Graphite,Chhattisgarh,22.541039248256965,83.52166767064072,G2 (General Exploration),52.19549376321022
GSI-2025-2053,Copper,Jharkhand,21.85506586792142,86.42794987260261,G3 (Prospecting),83.9046390164927
GSI-2025-2054,Copper,Jharkhand,22.225091578303378,86.02508867548175,G3 (Prospecting),58.513416440459835
GSI-2025-2055,Copper,Jharkhand,22.220312308925163,86.50482128263825,G4 (Reconnaissance),45.4856085035958
GSI-2025-2056,Lithium (Carbonate),Jammu & Kashmir,32.94244752380845,74.35642250811672,G2 (General Exploration),70.67235122086203
GSI-2025-2057,Lithium (Carbonate),Jammu & Kashmir,32.49222423257195,73.90404022300847,G2 (General Exploration),93.87481790402039
GSI-2025-2058,Graphite,Madhya Pradesh,20.971669569515363,79.72801606385919,G2 (General Exploration),31.70978940953973
GSI-2025-2059,Graphite,Madhya Pradesh,22.298416115131346,80.17740022580688,G2 (General Exploration),68.15191852167519
GSI-2025-2060,Graphite,Chhattisgarh,22.55793108350759,84.45205287083319,G3 (Prospecting),56.42463475273138
GSI-2025-2061,Lithium (Carbonate),Jammu & Kashmir,32.43508450905408,74.42486158965606,G3 (Prospecting),33.11590660385791
GSI-2025-2062,Copper,Rajasthan,27.191930952444913,75.398260263262,G4 (Reconnaissance),25.526222277728152
GSI-2025-2063,Lithium (Carbonate),Karnataka,13.543354819555258,76.83595818013713,G4 (Reconnaissance),74.15004004095167
GSI-2025-2064,Copper,Rajasthan,28.78115099622297,76.349900758351,G4 (Reconnaissance),41.31072997298746
GSI-2025-2065,Graphite,Madhya Pradesh,22.05642129611088,79.72507413301335,G2 (General Exploration),55.18603022927604
GSI-2025-2066,Graphite,Chhattisgarh,23.058018201894072,83.07634574406545,G4 (Reconnaissance),28.982914122078945
GSI-2025-2067,Copper,Jharkhand,23.51750156275511,86.28730102175189,G2 (General Exploration),59.92997835427985
GSI-2025-2068,Graphite,Chhattisgarh,22.839337913199806,81.66228285516256,G2 (General Exploration),35.363705376183646
GSI-2025-2069,Copper,Rajasthan,27.796467736724004,76.43983404588343,G4 (Reconnaissance),83.68693535891589
GSI-2025-2070,Lithium (Carbonate),Karnataka,13.420579661927048,77.22546432337082,G2 (General Exploration),54.49410371001142
GSI-2025-2071,Lithium (Carbonate),Karnataka,12.674027090952658,75.61009016596925,G2 (General Exploration),39.90227732496711
GSI-2025-2072,Graphite,Madhya Pradesh,22.220654700334258,80.45171835687746,G2 (General Exploration),90.76941867493522
GSI-2025-2073,Lithium (Carbonate),Jammu & Kashmir,33.34823404973659,74.71228677889528,G2 (General Exploration),79.93459624121076
GSI-2025-2074,Lithium (Carbonate),Jammu & Kashmir,33.407405795081054,73.7051282860659,G2 (General Exploration),52.34043146867332
GSI-2025-2075,Graphite,Madhya Pradesh,22.64254648295704,81.26029217863629,G4 (Reconnaissance),80.54832161410614
GSI-2025-2076,Graphite,Madhya Pradesh,22.122934108632272,78.53251850322208,G2 (General Exploration),40.499323314344736
GSI-2025-2077,Graphite,Madhya Pradesh,22.088195315338982,80.09524617149623,G4 (Reconnaissance),35.40451254452776
GSI-2025-2078,Graphite,Madhya Pradesh,20.48550647142632,80.77051052223709,G4 (Reconnaissance),92.38420285165
GSI-2025-2079,Lithium (Carbonate),Jammu & Kashmir,33.456414905498626,74.47156560567338,G2 (General Exploration),86.51503429730349
GSI-2025-2080,Graphite,Chhattisgarh,22.418915056550407,82.98569579175117,G4 (Reconnaissance),73.38191866259461
GSI-2025-2081,Copper,Rajasthan,27.32351148659481,75.38468334757034,G4 (Reconnaissance),49.03907942680587
GSI-2025-2082,Graphite,Madhya Pradesh,22.092881962968608,81.07195439921675,G4 (Reconnaissance),39.38625989934273
GSI-2025-2083,Lithium (Carbonate),Jammu & Kashmir,32.93097063703479,74.62950153546703,G2 (General Exploration),57.532955441715956
GSI-2025-2084,Copper,Rajasthan,28.140970467366195,76.15648406808971,G3 (Prospecting),85.03699032106675
GSI-2025-2085,Lithium (Carbonate),Jammu & Kashmir,32.46204341655951,73.60798175465115,G3 (Prospecting),56.592661085510805
GSI-2025-2086,Graphite,Madhya Pradesh,21.912521918465924,80.55889306234548,G2 (General Exploration),60.25323197845806
GSI-2025-2087,Lithium (Carbonate),Karnataka,11.504020498119763,77.86100096902119,G2 (General Exploration),81.14416615130713
GSI-2025-2088,Lithium (Carbonate),Jammu & Kashmir,33.47333541428416,74.94394149719722,G4 (Reconnaissance),61.88437696768591
GSI-2025-2089,Lithium (Carbonate),Jammu & Kashmir,33.78633211808908,75.85692773212885,G3 (Prospecting),90.21051952384724
GSI-2025-2090,Lithium (Carbonate),Jammu & Kashmir,32.21410687359718,74.7765412366869,G3 (Prospecting),38.374218557051684
GSI-2025-2091,Graphite,Madhya Pradesh,20.76312343043181,80.20124852648158,G3 (Prospecting),50.320710772808255
GSI-2025-2092,Lithium (Carbonate),Karnataka,11.926418458219697,77.17078783207371,G4 (Reconnaissance),68.15182816577605
GSI-2025-2093,Graphite,Madhya Pradesh,21.31281185500684,79.15983289252658,G3 (Prospecting),53.69568378035541
GSI-2025-2094,Lithium (Carbonate),Karnataka,12.790261115926173,76.27201596557627,G3 (Prospecting),22.287780992116755
GSI-2025-2095,Graphite,Madhya Pradesh,22.20470725729283,80.26239158916394,G4 (Reconnaissance),73.38206079915233
GSI-2025-2096,Copper,Jharkhand,22.982324165875987,86.37559852813932,G4 (Reconnaissance),56.2648389874035
GSI-2025-2097,Lithium (Carbonate),Jammu & Kashmir,33.54625343463909,74.88609213779516,G2 (General Exploration),85.45439351033747
GSI-2025-2098,Copper,Rajasthan,28.75393810354257,75.94244891335882,G3 (Prospecting),47.13503032451342
GSI-2025-2099,Lithium (Carbonate),Jammu & Kashmir,32.65257812089796,75.26346623852993,G4 (Reconnaissance),39.2530726965695
GSI-2025-2100,Graphite,Chhattisgarh,23.74985601496289,82.81978846551308,G3 (Prospecting),34.56810190752221
GSI-2025-2101,Graphite,Chhattisgarh,22.243530474081318,83.05313009517995,G4 (Reconnaissance),23.84554762857868
GSI-2025-2102,Graphite,Madhya Pradesh,22.453234981082822,80.39858270952575,G2 (General Exploration),50.88821309888679
GSI-2025-2103,Lithium (Carbonate),Karnataka,11.73267085871751,78.19333687755483,G3 (Prospecting),33.84029642740057
GSI-2025-2104,Lithium (Carbonate),Jammu & Kashmir,32.6654474657789,73.07359419803144,G2 (General Exploration),24.101880488309718
GSI-2025-2105,Graphite,Madhya Pradesh,20.894483189711135,80.88675879599997,G2 (General Exploration),40.80728040881684
GSI-2025-2106,Graphite,Madhya Pradesh,21.65757517643059,80.27204612436415,G3 (Prospecting),26.203650858226393
GSI-2025-2107,Graphite,Chhattisgarh,21.9928856031877,83.14558845837638,G4 (Reconnaissance),49.50459374261983
GSI-2025-2108,Lithium (Carbonate),Jammu & Kashmir,31.21063906056569,76.13976816859943,G4 (Reconnaissance),70.06345726553663
GSI-2025-2109,Copper,Jharkhand,22.84340231601899,85.77834050942971,G2 (General Exploration),78.6453221113325
GSI-2025-2110,Copper,Jharkhand,23.036724011635584,85.8327490305598,G4 (Reconnaissance),29.14260179250538
GSI-2025-2111,Copper,Rajasthan,27.4642839764416,76.53715954616858,G3 (Prospecting),76.13122102634324
GSI-2025-2112,Copper,Rajasthan,29.113923532631084,76.35370740136419,G2 (General Exploration),52.011062470446966
GSI-2025-2113,Lithium (Carbonate),Jammu & Kashmir,31.978167759986594,74.87525253740745,G3 (Prospecting),73.32266289585814
GSI-2025-2114,Graphite,Madhya Pradesh,21.99125605385594,78.93808528044252,G2 (General Exploration),54.56238321681886
GSI-2025-2115,Graphite,Chhattisgarh,23.084016344042794,82.82224553710144,G4 (Reconnaissance),35.77063862515686
GSI-2025-2116,Copper,Rajasthan,27.386830840493282,76.66625302562134,G4 (Reconnaissance),25.665643324618493
GSI-2025-2117,Graphite,Chhattisgarh,23.38867592086969,83.52151146995519,G3 (Prospecting),35.11974945430724
GSI-2025-2118,Lithium (Carbonate),Karnataka,12.775569193086584,77.73802385681653,G2 (General Exploration),49.8961911266464
GSI-2025-2119,Graphite,Madhya Pradesh,20.54246987397901,79.80144075078321,G3 (Prospecting),36.04179686401859
GSI-2025-2120,Graphite,Madhya Pradesh,22.210261871455803,79.36943734783921,G4 (Reconnaissance),62.594513588352314
GSI-2025-2121,Graphite,Chhattisgarh,23.487878933358342,83.18036111234322,G4 (Reconnaissance),47.39676506855746
GSI-2025-2122,Copper,Jharkhand,22.805147434051815,86.34601537199703,G3 (Prospecting),72.73921851250645
GSI-2025-2123,Graphite,Madhya Pradesh,21.907957457429116,80.37938998751076,G4 (Reconnaissance),23.83802405235618
GSI-2025-2124,Copper,Jharkhand,23.343062596022722,86.43673035096867,G2 (General Exploration),50.67691333202816
GSI-2025-2125,Copper,Rajasthan,28.77223663305896,76.20753694337179,G3 (Prospecting),60.75748331390789
GSI-2025-2126,Copper,Jharkhand,23.18391487858407,85.38231823840003,G4 (Reconnaissance),32.038635945319015
GSI-2025-2127,Graphite,Chhattisgarh,23.08173546867431,83.25748828524435,G2 (General Exploration),72.11905377954803
GSI-2025-2128,Graphite,Chhattisgarh,23.632264466703145,83.58907467988294,G3 (Prospecting),64.2622900003165
GSI-2025-2129,Graphite,Madhya Pradesh,20.680180426694257,80.74252554367855,G3 (Prospecting),42.387440450022176
GSI-2025-2130,Graphite,Madhya Pradesh,21.308707012900403,80.08522841921359,G2 (General Exploration),40.82636188784836
GSI-2025-2131,Copper,Jharkhand,23.01487414594276,86.42939303053191,G2 (General Exploration),90.23792519800617
GSI-2025-2132,Copper,Jharkhand,21.85056668381176,86.51794534802234,G3 (Prospecting),28.78597119366339
GSI-2025-2133,Copper,Rajasthan,27.784229481507534,75.74765323883047,G2 (General Exploration),55.138322781066755
GSI-2025-2134,Graphite,Chhattisgarh,22.291647656495226,82.98391912983705,G3 (Prospecting),73.06900146280432
GSI-2025-2135,Graphite,Chhattisgarh,22.952556456661217,84.0150451797108,G2 (General Exploration),52.85977432844427
GSI-2025-2136,Graphite,Chhattisgarh,22.82588012947762,83.29119162893204,G2 (General Exploration),83.33214662082996
GSI-2025-2137,Copper,Jharkhand,22.366791067117738,85.61381059776548,G2 (General Exploration),72.03142673923082
GSI-2025-2138,Lithium (Carbonate),Karnataka,12.151478285496067,76.9835041488852,G2 (General Exploration),66.60324698060866
GSI-2025-2139,Lithium (Carbonate),Karnataka,12.238150915887218,76.47860025063125,G4 (Reconnaissance),38.905465564312365
GSI-2025-2140,Lithium (Carbonate),Jammu & Kashmir,32.40389024298542,74.41543285956134,G3 (Prospecting),54.361247700682085
GSI-2025-2141,Copper,Jharkhand,22.67960163645536,87.45786270248709,G3 (Prospecting),69.84233566586971
GSI-2025-2142,Copper,Jharkhand,22.734505921887123,86.6566746247657,G4 (Reconnaissance),54.35426638332194
GSI-2025-2143,Copper,Jharkhand,22.762733436213534,86.06854982756393,G2 (General Exploration),69.75953946221497
GSI-2025-2144,Graphite,Chhattisgarh,23.523025695976973,84.09857293835996,G4 (Reconnaissance),53.23732300015995
GSI-2025-2145,Lithium (Carbonate),Jammu & Kashmir,32.52082837956445,74.64388644844213,G2 (General Exploration),79.38254445152248
GSI-2025-2146,Graphite,Chhattisgarh,23.57027195418003,84.00580939882948,G3 (Prospecting),21.81034103461768
GSI-2025-2147,Lithium (Carbonate),Jammu & Kashmir,32.68504350962431,74.93194269461246,G2 (General Exploration),67.29494077358879
GSI-2025-2148,Lithium (Carbonate),Karnataka,12.675168071271289,76.38108346739293,G3 (Prospecting),62.40285080126525
GSI-2025-2149,Copper,Jharkhand,21.801581981297332,85.738814704771,G3 (Prospecting),92.15116331459294
GSI-2025-2150,Graphite,Madhya Pradesh,21.89685210301708,80.10121410681393,G4 (Reconnaissance),51.08222842036476
GSI-2025-2151,Graphite,Madhya Pradesh,22.173289386639087,80.72980477913546,G4 (Reconnaissance),65.89071492121704
GSI-2025-2152,Lithium (Carbonate),Jammu & Kashmir,33.003465229567986,75.51859657232198,G4 (Reconnaissance),92.19585670117665
GSI-2025-2153,Graphite,Madhya Pradesh,21.463119327037248,80.38843333248546,G3 (Prospecting),63.82043273812516
GSI-2025-2154,Copper,Jharkhand,23.471273832452862,85.32898965990248,G4 (Reconnaissance),21.69914242862299
GSI-2025-2155,Copper,Rajasthan,28.47501033708183,75.0438010177176,G2 (General Exploration),72.70130027530858
GSI-2025-2156,Graphite,Chhattisgarh,22.89100186640902,83.04624038957108,G2 (General Exploration),34.16401114313317
GSI-2025-2157,Lithium (Carbonate),Karnataka,13.373272984970765,77.05981630546172,G2 (General Exploration),46.161029996109505
GSI-2025-2158,Copper,Rajasthan,28.64735331733769,75.22152073723747,G3 (Prospecting),94.62023021275081
GSI-2025-2159,Lithium (Carbonate),Jammu & Kashmir,33.634821909122365,75.30115041377756,G3 (Prospecting),33.03806278052961
GSI-2025-2160,Graphite,Madhya Pradesh,21.953443824666017,80.14636360756354,G3 (Prospecting),42.32587069446119
GSI-2025-2161,Lithium (Carbonate),Jammu & Kashmir,32.18787698608519,74.60730123482902,G4 (Reconnaissance),83.35564690866227
GSI-2025-2162,Copper,Jharkhand,21.899010652470395,85.32249200619061,G2 (General Exploration),80.27607537813955
GSI-2025-2163,Graphite,Madhya Pradesh,22.104419083962657,80.27521054566107,G2 (General Exploration),88.38024496855341
GSI-2025-2164,Lithium (Carbonate),Karnataka,12.131783464263613,77.60484215187785,G2 (General Exploration),40.64006596873143
GSI-2025-2165,Graphite,Chhattisgarh,22.71100335453873,83.28544660992473,G4 (Reconnaissance),57.95223409247663
GSI-2025-2166,Graphite,Chhattisgarh,21.232564041988518,83.83093936505098,G2 (General Exploration),29.25915032524268
GSI-2025-2167,Lithium (Carbonate),Karnataka,11.654021221732082,76.94804284706854,G4 (Reconnaissance),66.79716194912349
GSI-2025-2168,Graphite,Chhattisgarh,22.951355855918763,83.58848247882109,G3 (Prospecting),78.23794381180258
GSI-2025-2169,Graphite,Madhya Pradesh,21.595236462110144,80.77144026573076,G4 (Reconnaissance),28.52397186555868
GSI-2025-2170,Copper,Jharkhand,22.54937051717865,86.23294241674738,G4 (Reconnaissance),94.72734719840477
GSI-2025-2171,Lithium (Carbonate),Jammu & Kashmir,33.26649536818329,75.0992177003814,G3 (Prospecting),92.27930300507755
GSI-2025-2172,Lithium (Carbonate),Karnataka,13.819727345471529,76.50362526623987,G2 (General Exploration),91.64138054220038
GSI-2025-2173,Copper,Rajasthan,28.148874274293902,74.45147155990811,G3 (Prospecting),91.33116260414806
GSI-2025-2174,Copper,Jharkhand,21.967917079673274,86.64892935879347,G2 (General Exploration),22.6755289465914
GSI-2025-2175,Lithium (Carbonate),Jammu & Kashmir,32.9543923818925,75.1736972997783,G4 (Reconnaissance),85.88039090306563
GSI-2025-2176,Graphite,Chhattisgarh,22.289952685812246,82.88526085470473,G4 (Reconnaissance),56.27425026755567
GSI-2025-2177,Graphite,Chhattisgarh,23.45421695924128,83.39659352626133,G2 (General Exploration),63.30559651599507
GSI-2025-2178,Lithium (Carbonate),Jammu & Kashmir,32.029531573008605,74.25605590938217,G4 (Reconnaissance),79.31376915984978
GSI-2025-2179,Lithium (Carbonate),Jammu & Kashmir,33.17263030996083,74.3718539412026,G4 (Reconnaissance),87.98393818377482
GSI-2025-2180,Lithium (Carbonate),Jammu & Kashmir,33.575687134891936,75.81559369474658,G2 (General Exploration),77.65641249877487
GSI-2025-2181,Lithium (Carbonate),Karnataka,12.253350535576761,77.2529479118,G2 (General Exploration),35.05312066021885
GSI-2025-2182,Graphite,Chhattisgarh,23.900599145751634,83.15272885207654,G3 (Prospecting),25.338134602287266
GSI-2025-2183,Lithium (Carbonate),Karnataka,12.313445171022764,76.47020402827218,G3 (Prospecting),68.19341845749474
GSI-2025-2184,Graphite,Madhya Pradesh,21.450476597046812,80.1768861189123,G2 (General Exploration),26.7875376045013
GSI-2025-2185,Lithium (Carbonate),Jammu & Kashmir,32.117511157029796,74.41962672887124,G3 (Prospecting),44.96633083962088
GSI-2025-2186,Lithium (Carbonate),Karnataka,12.789623216687728,76.87001073766905,G3 (Prospecting),80.8982631925362
GSI-2025-2187,Copper,Rajasthan,28.716121798371724,75.07679637133648,G3 (Prospecting),30.928116202849324
GSI-2025-2188,Copper,Rajasthan,28.53798382647927,73.55209924639028,G4 (Reconnaissance),80.79526644456229
GSI-2025-2189,Lithium (Carbonate),Karnataka,12.338134510814196,76.68288067249527,G2 (General Exploration),28.33581773827674
GSI-2025-2190,Graphite,Chhattisgarh,23.53867487735355,83.0178244506862,G3 (Prospecting),93.42587400887291
GSI-2025-2191,Lithium (Carbonate),Jammu & Kashmir,33.77598632195336,73.74359093029003,G4 (Reconnaissance),20.281787589644438
GSI-2025-2192,Graphite,Chhattisgarh,21.692838030929096,83.2568612010102,G4 (Reconnaissance),31.421645754277957
GSI-2025-2193,Copper,Rajasthan,27.38567551879357,76.25017725690354,G3 (Prospecting),94.2331518390603
GSI-2025-2194,Copper,Jharkhand,23.517350972982907,86.01241944179031,G4 (Reconnaissance),86.53061021957105
GSI-2025-2195,Lithium (Carbonate),Jammu & Kashmir,33.451059825439486,74.55641538824683,G3 (Prospecting),60.77301339886032
GSI-2025-2196,Copper,Jharkhand,22.05403095583769,86.85287498052688,G2 (General Exploration),88.96069535662755
GSI-2025-2197,Graphite,Chhattisgarh,23.66329708189069,82.81432814538408,G4 (Reconnaissance),83.3850601187502
GSI-2025-2198,Graphite,Madhya Pradesh,21.74759721234013,81.34444402761719,G2 (General Exploration),25.760200101156176
GSI-2025-2199,Copper,Rajasthan,27.333294394359218,75.99727320293867,G3 (Prospecting),92.93765107020067
