HSN,Commodity,Country,Year,Month,Trade Type,Value (Rs Cr),Quantity,Unit
2603,Copper ores,Chile,2017,4,Import,1935.2465823520763,47585.001014085894,MT
2603,Copper ores,Australia,2017,4,Import,3686.770314875885,30334.265725654794,MT
2603,Copper ores,Indonesia,2017,4,Import,864.4913381679389,8643.73149647393,MT
2603,Copper ores,Peru,2017,4,Import,384.6096996241774,43442.631142971826,MT
2603,Copper ores,USA,2017,4,Import,3045.4635575417233,35695.55631200623,MT
2603,Copper ores,Chile,2017,4,Export,200.86402204943198,48525.58275593772,MT
2603,Copper ores,Australia,2017,4,Export,4178.968939922066,11404.616423235531,MT
2603,Copper ores,Indonesia,2017,4,Export,990.942339314793,9986.820982818257,MT
2603,Copper ores,Peru,2017,4,Export,1590.7869905017349,26713.065149979655,MT
2603,Copper ores,USA,2017,4,Export,2216.530591346367,15270.227869704053,MT
2530,Lithium ores,Australia,2017,4,Import,3098.0791841396594,7835.19917195005,MT
2530,Lithium ores,Chile,2017,4,Import,1531.5087778225688,18951.730321390893,MT
2530,Lithium ores,China,2017,4,Import,2334.742922663476,39473.62210825767,MT
2530,Lithium ores,Argentina,2017,4,Import,1078.4015325759628,26197.48748226697,MT
2530,Lithium ores,Zimbabwe,2017,4,Import,3002.831387424008,3276.0702232798885,MT
2530,Lithium ores,Australia,2017,4,Export,3076.969774317048,9355.682060677285,MT
2530,Lithium ores,Chile,2017,4,Export,418.75280562786963,47495.39132541333,MT
2530,Lithium ores,China,2017,4,Export,4831.59696206534,40611.470057706596,MT
2530,Lithium ores,Argentina,2017,4,Export,1592.6074689495163,5785.93358631281,MT
2530,Lithium ores,Zimbabwe,2017,4,Export,3452.741829909569,22567.472193240465,MT
2508,Graphite ores,China,2017,4,Import,697.9873507394162,25263.66859545224,MT
2508,Graphite ores,Madagascar,2017,4,Import,268.50375346457014,45556.69970186032,MT
2508,Graphite ores,Mozambique,2017,4,Import,1368.0219098400828,33463.59193334512,MT
2508,Graphite ores,Sri Lanka,2017,4,Import,1627.3842728381137,26483.33303771273,MT
2508,Graphite ores,Canada,2017,4,Import,2778.8803687820705,10057.868320750826,MT
2508,Graphite ores,China,2017,4,Export,4850.9646760463365,38981.508344694616,MT
2508,Graphite ores,Madagascar,2017,4,Export,4703.544813664526,44846.540170954795,MT
2508,Graphite ores,Mozambique,2017,4,Export,3029.7098961743172,46171.83751613273,MT
2508,Graphite ores,Sri Lanka,2017,4,Export,533.6132600544056,10603.160258538115,MT
2508,Graphite ores,Canada,2017,4,Export,321.61371566163655,16941.18620739995,MT
2603,Copper ores,Chile,2017,5,Import,2004.518719478462,14296.1025569209,MT
2603,Copper ores,Australia,2017,5,Import,4160.813794844454,18480.913007985873,MT
2603,Copper ores,Indonesia,2017,5,Import,1476.5790974681656,27592.108074754175,MT
2603,Copper ores,Peru,2017,5,Import,790.5287023763369,40307.65205694795,MT
2603,Copper ores,USA,2017,5,Import,465.298154030877,49357.459893425344,MT
2603,Copper ores,Chile,2017,5,Export,3883.9993695536214,10737.068395174449,MT
2603,Copper ores,Australia,2017,5,Export,127.05837390565176,40957.609994286875,MT
2603,Copper ores,Indonesia,2017,5,Export,3563.600984853324,36721.351234008376,MT
2603,Copper ores,Peru,2017,5,Export,3879.2246987611343,4628.187934970428,MT
2603,Copper ores,USA,2017,5,Export,1856.4820698669357,6677.583916731356,MT
2530,Lithium ores,Australia,2017,5,Import,4329.206786790408,31541.60821455034,MT
2530,Lithium ores,Chile,2017,5,Import,1721.400321777981,4114.359164015158,MT
2530,Lithium ores,China,2017,5,Import,1623.8133764067447,16933.982779310605,MT
2530,Lithium ores,Argentina,2017,5,Import,3675.0702738565137,32240.316096405444,MT
2530,Lithium ores,Zimbabwe,2017,5,Import,4447.342438624,24138.531332935516,MT
2530,Lithium ores,Australia,2017,5,Export,686.0118050976783,35948.99457392676,MT
2530,Lithium ores,Chile,2017,5,Export,3827.8467382227973,28502.582680905314,MT
2530,Lithium ores,China,2017,5,Export,3877.7391817773487,25195.984221855146,MT
2530,Lithium ores,Argentina,2017,5,Export,2661.390863971771,21949.509899568933,MT
2530,Lithium ores,Zimbabwe,2017,5,Export,224.5537210460664,6286.679922671918,MT
2508,Graphite ores,China,2017,5,Import,254.00300986499784,32184.11015192524,MT
2508,Graphite ores,Madagascar,2017,5,Import,1640.3443072740008,25919.963867070437,MT
2508,Graphite ores,Mozambique,2017,5,Import,4547.075722237856,13215.319228294873,MT
2508,Graphite ores,Sri Lanka,2017,5,Import,2110.8763228745856,38022.005788609385,MT
2508,Graphite ores,Canada,2017,5,Import,1221.11101090895,4772.015581610856,MT
2508,Graphite ores,China,2017,5,Export,1519.7821192774634,8899.843075446217,MT
2508,Graphite ores,Madagascar,2017,5,Export,4655.518496478608,40597.89859865643,MT
2508,Graphite ores,Mozambique,2017,5,Export,3203.678406901075,43701.568919198166,MT
2508,Graphite ores,Sri Lanka,2017,5,Export,4037.993176805661,10141.932885415756,MT
2508,Graphite ores,Canada,2017,5,Export,4473.539092600891,27427.769853866885,MT
2603,Copper ores,Chile,2017,6,Import,4056.4567603039063,44908.47369625117,MT
2603,Copper ores,Australia,2017,6,Import,1658.217027362133,6392.544301856161,MT
2603,Copper ores,Indonesia,2017,6,Import,1216.8822964555143,21928.28164268656,MT
2603,Copper ores,Peru,2017,6,Import,4108.2723530202165,43175.798579560826,MT
2603,Copper ores,USA,2017,6,Import,134.06543960283443,26026.61782630072,MT
2603,Copper ores,Chile,2017,6,Export,2145.313915429017,11883.282713065782,MT
2603,Copper ores,Australia,2017,6,Export,687.3402999350458,17543.14339877777,MT
2603,Copper ores,Indonesia,2017,6,Export,4720.257549171344,16836.943669017004,MT
2603,Copper ores,Peru,2017,6,Export,2642.0740465424938,35447.92898586371,MT
2603,Copper ores,USA,2017,6,Export,1881.7850516585404,48617.32205332707,MT
2530,Lithium ores,Australia,2017,6,Import,4815.991745216345,13337.332495442844,MT
2530,Lithium ores,Chile,2017,6,Import,2536.5176788726885,15743.037181021713,MT
2530,Lithium ores,China,2017,6,Import,1495.7184224495913,2807.460420372107,MT
2530,Lithium ores,Argentina,2017,6,Import,3086.8652365014946,25631.27213821421,MT
2530,Lithium ores,Zimbabwe,2017,6,Import,352.2458811249478,14653.67674759396,MT
2530,Lithium ores,Australia,2017,6,Export,4550.502841236603,12738.532642681648,MT
2530,Lithium ores,Chile,2017,6,Export,809.9848732469932,24983.185253600586,MT
2530,Lithium ores,China,2017,6,Export,4929.687225141944,12860.70830406352,MT
2530,Lithium ores,Argentina,2017,6,Export,3393.4641822888047,38319.361151107165,MT
2530,Lithium ores,Zimbabwe,2017,6,Export,1264.4239655627584,36682.60108198112,MT
2508,Graphite ores,China,2017,6,Import,1902.1373503243408,31982.985699085395,MT
2508,Graphite ores,Madagascar,2017,6,Import,3204.295582728384,27252.959519663167,MT
2508,Graphite ores,Mozambique,2017,6,Import,542.4198732666007,41929.82228387266,MT
2508,Graphite ores,Sri Lanka,2017,6,Import,1671.8223183615055,10139.407009592858,MT
2508,Graphite ores,Canada,2017,6,Import,299.7981936183432,29953.75421622385,MT
2508,Graphite ores,China,2017,6,Export,3420.065373027184,1812.8036174649515,MT
2508,Graphite ores,Madagascar,2017,6,Export,2609.2559856664766,12098.29298469896,MT
2508,Graphite ores,Mozambique,2017,6,Export,3261.346673006304,9543.955021244581,MT
2508,Graphite ores,Sri Lanka,2017,6,Export,3485.594916702083,19950.031968726333,MT
2508,Graphite ores,Canada,2017,6,Export,4689.976944809999,7738.526263153669,MT
2603,Copper ores,Chile,2017,7,Import,1771.2251201462666,6560.202540788864,MT
2603,Copper ores,Australia,2017,7,Import,4630.998729564958,43989.62831566807,MT
2603,Copper ores,Indonesia,2017,7,Import,1363.9139758042625,33339.21825567477,MT
2603,Copper ores,Peru,2017,7,Import,4104.388780985957,28204.839768373655,MT
2603,Copper ores,USA,2017,7,Import,2695.287833944432,12850.762254122132,MT
2603,Copper ores,Chile,2017,7,Export,556.2035622489061,44963.57213971301,MT
2603,Copper ores,Australia,2017,7,Export,4512.0484801003195,32021.97140639013,MT
2603,Copper ores,Indonesia,2017,7,Export,1761.2459761386333,18111.269156020382,MT
2603,Copper ores,Peru,2017,7,Export,3657.182826464173,44958.402737676275,MT
2603,Copper ores,USA,2017,7,Export,4446.7234788990745,39213.90174702357,MT
2530,Lithium ores,Australia,2017,7,Import,3245.95506615601,5122.8582847573925,MT
2530,Lithium ores,Chile,2017,7,Import,891.9806990636075,45029.15523782688,MT
2530,Lithium ores,China,2017,7,Import,3071.5023923319904,1450.6555292148528,MT
2530,Lithium ores,Argentina,2017,7,Import,597.2105600435573,33511.58668629473,MT
2530,Lithium ores,Zimbabwe,2017,7,Import,124.80176084647157,8879.594519457434,MT
2530,Lithium ores,Australia,2017,7,Export,2788.795567896272,34902.86468694197,MT
2530,Lithium ores,Chile,2017,7,Export,3294.6101715627424,11989.196163567429,MT
2530,Lithium ores,China,2017,7,Export,3589.6781846029257,12625.205287343204,MT
2530,Lithium ores,Argentina,2017,7,Export,1694.4585209804118,37578.07885078318,MT
2530,Lithium ores,Zimbabwe,2017,7,Export,3283.201205331352,42611.947114214716,MT
2508,Graphite ores,China,2017,7,Import,3322.3031722716823,28847.121563438108,MT
2508,Graphite ores,Madagascar,2017,7,Import,559.0063623576532,19018.074349912244,MT
2508,Graphite ores,Mozambique,2017,7,Import,1399.4916016404547,12955.492525575095,MT
2508,Graphite ores,Sri Lanka,2017,7,Import,4867.751718286983,20261.78850867126,MT
2508,Graphite ores,Canada,2017,7,Import,4471.028120367855,31925.792673865883,MT
2508,Graphite ores,China,2017,7,Export,3994.575387354077,25629.217562154412,MT
2508,Graphite ores,Madagascar,2017,7,Export,2926.8290346691597,25133.366997124333,MT
2508,Graphite ores,Mozambique,2017,7,Export,1056.690640210418,36400.153647813764,MT
2508,Graphite ores,Sri Lanka,2017,7,Export,1475.7845759601935,2191.4823551412383,MT
2508,Graphite ores,Canada,2017,7,Export,3262.8142499451224,9678.423290945399,MT
2603,Copper ores,Chile,2017,8,Import,4708.24706332928,47742.50027312678,MT
2603,Copper ores,Australia,2017,8,Import,4582.835512080198,19137.776312516777,MT
2603,Copper ores,Indonesia,2017,8,Import,175.7374209914504,46487.60956679854,MT
2603,Copper ores,Peru,2017,8,Import,2198.1023267548403,48366.08613313981,MT
2603,Copper ores,USA,2017,8,Import,4821.7378877373385,42797.46331790064,MT
2603,Copper ores,Chile,2017,8,Export,1542.7995711409699,19869.788701494337,MT
2603,Copper ores,Australia,2017,8,Export,4270.569690432599,16529.178252657606,MT
2603,Copper ores,Indonesia,2017,8,Export,930.5144587618532,28283.26186045916,MT
2603,Copper ores,Peru,2017,8,Export,4687.158393387826,35105.46003707367,MT
2603,Copper ores,USA,2017,8,Export,2893.2997334378883,5761.648194767658,MT
2530,Lithium ores,Australia,2017,8,Import,3113.5354108259316,49512.6386551089,MT
2530,Lithium ores,Chile,2017,8,Import,786.4116746589677,26398.1529658231,MT
2530,Lithium ores,China,2017,8,Import,4399.128052446981,37297.66226995602,MT
2530,Lithium ores,Argentina,2017,8,Import,3515.377130876813,35421.720115368356,MT
2530,Lithium ores,Zimbabwe,2017,8,Import,1861.5066409768003,15386.000368960174,MT
2530,Lithium ores,Australia,2017,8,Export,4065.8696618447166,40695.55633927986,MT
2530,Lithium ores,Chile,2017,8,Export,4348.654361042508,45748.78707526709,MT
2530,Lithium ores,China,2017,8,Export,2605.5777544185953,25574.29843967278,MT
2530,Lithium ores,Argentina,2017,8,Export,4011.646376937198,32848.23260811049,MT
2530,Lithium ores,Zimbabwe,2017,8,Export,3539.637698562746,39993.84080236895,MT
2508,Graphite ores,China,2017,8,Import,4461.026174906075,17561.762685725254,MT
2508,Graphite ores,Madagascar,2017,8,Import,1940.3564679357257,5605.115052202581,MT
2508,Graphite ores,Mozambique,2017,8,Import,2933.5726908812526,2761.171416040362,MT
2508,Graphite ores,Sri Lanka,2017,8,Import,2381.4302888490547,27589.587100671255,MT
2508,Graphite ores,Canada,2017,8,Import,1504.0521354285936,29950.829767881525,MT
2508,Graphite ores,China,2017,8,Export,249.4512247013422,2830.061248711507,MT
2508,Graphite ores,Madagascar,2017,8,Export,4130.742747232325,18649.341429151882,MT
2508,Graphite ores,Mozambique,2017,8,Export,722.5965119942355,26589.919742685415,MT
2508,Graphite ores,Sri Lanka,2017,8,Export,3872.968410183193,11575.230347345316,MT
2508,Graphite ores,Canada,2017,8,Export,3152.163331513101,5182.0257846946315,MT
2603,Copper ores,Chile,2017,9,Import,353.2404337261777,27036.376946839253,MT
2603,Copper ores,Australia,2017,9,Import,2749.112095889522,32234.06517341212,MT
2603,Copper ores,Indonesia,2017,9,Import,3657.8475352410414,48816.75189366419,MT
2603,Copper ores,Peru,2017,9,Import,2629.8717066758572,16824.867174121053,MT
2603,Copper ores,USA,2017,9,Import,3996.412354366648,14270.780311841636,MT
2603,Copper ores,Chile,2017,9,Export,2250.959961457617,4844.3626857710315,MT
2603,Copper ores,Australia,2017,9,Export,224.2186427357418,48169.772319218326,MT
2603,Copper ores,Indonesia,2017,9,Export,4196.302590509808,35102.7360985912,MT
2603,Copper ores,Peru,2017,9,Export,2103.8694276299225,9491.421683471443,MT
2603,Copper ores,USA,2017,9,Export,866.5415090883216,13261.90201006517,MT
2530,Lithium ores,Australia,2017,9,Import,2791.2106570599904,36015.200212303054,MT
2530,Lithium ores,Chile,2017,9,Import,3334.967145916883,14716.7609503512,MT
2530,Lithium ores,China,2017,9,Import,4778.839875249651,37156.948918092654,MT
2530,Lithium ores,Argentina,2017,9,Import,2816.3348573058634,30974.31656548326,MT
2530,Lithium ores,Zimbabwe,2017,9,Import,2156.0403058961706,13138.818485556716,MT
2530,Lithium ores,Australia,2017,9,Export,1844.2661253911817,38134.459412754084,MT
2530,Lithium ores,Chile,2017,9,Export,170.52809428580377,6687.559384838895,MT
2530,Lithium ores,China,2017,9,Export,325.41294590658845,2995.7113136295366,MT
2530,Lithium ores,Argentina,2017,9,Export,4291.756861653936,35479.23510962116,MT
2530,Lithium ores,Zimbabwe,2017,9,Export,2423.4517625278936,5793.873871899073,MT
2508,Graphite ores,China,2017,9,Import,2508.9177880724787,24200.116768247717,MT
2508,Graphite ores,Madagascar,2017,9,Import,948.6891625590744,22258.73081266068,MT
2508,Graphite ores,Mozambique,2017,9,Import,2052.6731985471297,31176.654804558606,MT
2508,Graphite ores,Sri Lanka,2017,9,Import,3211.958889251455,3219.8964788301814,MT
2508,Graphite ores,Canada,2017,9,Import,1935.601811669709,31667.135869997583,MT
2508,Graphite ores,China,2017,9,Export,2565.3676670424297,42968.00221822779,MT
2508,Graphite ores,Madagascar,2017,9,Export,3327.5987949328305,8983.786926990055,MT
2508,Graphite ores,Mozambique,2017,9,Export,445.78686226210624,32478.544632109464,MT
2508,Graphite ores,Sri Lanka,2017,9,Export,229.9054216539469,29703.0034823997,MT
2508,Graphite ores,Canada,2017,9,Export,4707.128182982292,29198.234715918068,MT
2603,Copper ores,Chile,2017,10,Import,2002.0326384119574,32521.122703675304,MT
2603,Copper ores,Australia,2017,10,Import,2345.4391634084313,27735.22267648081,MT
2603,Copper ores,Indonesia,2017,10,Import,4713.177563004973,19919.02925223794,MT
2603,Copper ores,Peru,2017,10,Import,4809.833762737179,45362.18145584712,MT
2603,Copper ores,USA,2017,10,Import,1059.3765604675525,4398.703742883107,MT
2603,Copper ores,Chile,2017,10,Export,593.8122067493906,1892.8694569259367,MT
2603,Copper ores,Australia,2017,10,Export,562.7705077040491,34467.331897401484,MT
2603,Copper ores,Indonesia,2017,10,Export,448.82437745512203,16629.805884394304,MT
2603,Copper ores,Peru,2017,10,Export,4239.889023750327,2140.3248510554677,MT
2603,Copper ores,USA,2017,10,Export,4090.8955646857853,14810.883963896596,MT
2530,Lithium ores,Australia,2017,10,Import,679.0076553461156,35140.12110284338,MT
2530,Lithium ores,Chile,2017,10,Import,3181.8199492214317,43996.12866282559,MT
2530,Lithium ores,China,2017,10,Import,3701.8481146390404,40370.56558885758,MT
2530,Lithium ores,Argentina,2017,10,Import,1481.9694055994019,9694.537645206417,MT
2530,Lithium ores,Zimbabwe,2017,10,Import,3778.012283040206,40534.90222409594,MT
2530,Lithium ores,Australia,2017,10,Export,4953.475195803299,21218.2661686599,MT
2530,Lithium ores,Chile,2017,10,Export,1922.8886203846375,39044.23507635784,MT
2530,Lithium ores,China,2017,10,Export,1769.9373472397874,46607.10895457467,MT
2530,Lithium ores,Argentina,2017,10,Export,4306.222484030758,22020.7073413759,MT
2530,Lithium ores,Zimbabwe,2017,10,Export,3779.2682321783373,37972.60083014944,MT
2508,Graphite ores,China,2017,10,Import,605.3069572960698,45225.09242729877,MT
2508,Graphite ores,Madagascar,2017,10,Import,2575.7366249945,41496.41583927934,MT
2508,Graphite ores,Mozambique,2017,10,Import,1668.2430450499976,44880.63819631383,MT
2508,Graphite ores,Sri Lanka,2017,10,Import,2007.0882257973992,1531.0449225346197,MT
2508,Graphite ores,Canada,2017,10,Import,4536.3716844543915,5473.047162520545,MT
2508,Graphite ores,China,2017,10,Export,1664.636824193033,47553.03638548944,MT
2508,Graphite ores,Madagascar,2017,10,Export,4757.9750199940245,29098.45651804102,MT
2508,Graphite ores,Mozambique,2017,10,Export,3196.0023396320166,22973.830576937668,MT
2508,Graphite ores,Sri Lanka,2017,10,Export,1536.732781320516,17104.562723125884,MT
2508,Graphite ores,Canada,2017,10,Export,3395.340434777488,37866.35194244632,MT
2603,Copper ores,Chile,2017,11,Import,3978.737314256658,39691.28899693314,MT
2603,Copper ores,Australia,2017,11,Import,546.9099049385828,25226.59493042649,MT
2603,Copper ores,Indonesia,2017,11,Import,382.037924081557,27926.91523386304,MT
2603,Copper ores,Peru,2017,11,Import,2263.4994567295475,44497.50495515669,MT
2603,Copper ores,USA,2017,11,Import,1819.4835615051857,6736.283804952687,MT
2603,Copper ores,Chile,2017,11,Export,800.6592420588956,38314.02095415614,MT
2603,Copper ores,Australia,2017,11,Export,3129.2685102496794,5955.011130016722,MT
2603,Copper ores,Indonesia,2017,11,Export,512.1233499634875,35347.48744149688,MT
2603,Copper ores,Peru,2017,11,Export,456.5387311845483,41271.142905227454,MT
2603,Copper ores,USA,2017,11,Export,3560.5869130668316,4986.090251453088,MT
2530,Lithium ores,Australia,2017,11,Import,515.7047990174403,49345.339346557594,MT
2530,Lithium ores,Chile,2017,11,Import,1933.9268992049895,19161.465206277655,MT
2530,Lithium ores,China,2017,11,Import,4082.7178795617624,47415.180291809076,MT
2530,Lithium ores,Argentina,2017,11,Import,4931.405212732067,37915.53107768814,MT
2530,Lithium ores,Zimbabwe,2017,11,Import,1943.6719691014873,5091.5351182347695,MT
2530,Lithium ores,Australia,2017,11,Export,3908.0198880444404,28361.808237054447,MT
2530,Lithium ores,Chile,2017,11,Export,2178.687845310184,45411.364869642064,MT
2530,Lithium ores,China,2017,11,Export,644.8676633001415,25138.6301102521,MT
2530,Lithium ores,Argentina,2017,11,Export,155.63285936035345,23964.371457712186,MT
2530,Lithium ores,Zimbabwe,2017,11,Export,375.886050841003,6822.077897135524,MT
2508,Graphite ores,China,2017,11,Import,675.878609207814,32811.30480368712,MT
2508,Graphite ores,Madagascar,2017,11,Import,3755.6199084005743,29585.069489760823,MT
2508,Graphite ores,Mozambique,2017,11,Import,4814.645487525256,19368.6583966615,MT
2508,Graphite ores,Sri Lanka,2017,11,Import,1499.9892227811176,43561.357281283555,MT
2508,Graphite ores,Canada,2017,11,Import,1195.619608745318,48197.90443258995,MT
2508,Graphite ores,China,2017,11,Export,159.55692598010006,48524.06250867431,MT
2508,Graphite ores,Madagascar,2017,11,Export,311.483568557823,44666.01257120549,MT
2508,Graphite ores,Mozambique,2017,11,Export,2685.735434522869,49655.27500984572,MT
2508,Graphite ores,Sri Lanka,2017,11,Export,461.6031672034544,28138.859935664717,MT
2508,Graphite ores,Canada,2017,11,Export,4849.582424533585,26631.794364337293,MT
2603,Copper ores,Chile,2017,12,Import,3184.0533268627864,35091.68576024624,MT
2603,Copper ores,Australia,2017,12,Import,2327.251217362089,31750.34592411911,MT
2603,Copper ores,Indonesia,2017,12,Import,2963.140128423191,45156.74251405846,MT
2603,Copper ores,Peru,2017,12,Import,322.68726367314355,14767.196290019287,MT
2603,Copper ores,USA,2017,12,Import,4757.016271975138,44622.9254106549,MT
2603,Copper ores,Chile,2017,12,Export,2332.718088649993,31386.4972922753,MT
2603,Copper ores,Australia,2017,12,Export,1459.1677966075501,10217.936826464304,MT
2603,Copper ores,Indonesia,2017,12,Export,2372.1221842059126,18314.259173276587,MT
2603,Copper ores,Peru,2017,12,Export,2959.914948069273,4808.997211284257,MT
2603,Copper ores,USA,2017,12,Export,4874.534557564216,49324.32647950054,MT
2530,Lithium ores,Australia,2017,12,Import,3520.992398696751,27268.7219508619,MT
2530,Lithium ores,Chile,2017,12,Import,1616.685319803006,40875.95596564048,MT
2530,Lithium ores,China,2017,12,Import,3455.1827455140083,8968.230027899674,MT
2530,Lithium ores,Argentina,2017,12,Import,4563.543204019828,41304.32490323528,MT
2530,Lithium ores,Zimbabwe,2017,12,Import,4754.019575130428,36560.255911029635,MT
2530,Lithium ores,Australia,2017,12,Export,3105.7344600853703,21493.908778240326,MT
2530,Lithium ores,Chile,2017,12,Export,4670.369568434665,43437.13058552001,MT
2530,Lithium ores,China,2017,12,Export,321.5714835203281,2291.9817503653485,MT
2530,Lithium ores,Argentina,2017,12,Export,1944.670497702443,40717.11320830981,MT
2530,Lithium ores,Zimbabwe,2017,12,Export,4937.653033643228,8370.427664072882,MT
2508,Graphite ores,China,2017,12,Import,3011.240505225462,19663.651974920052,MT
2508,Graphite ores,Madagascar,2017,12,Import,4852.580549291556,42263.827233649725,MT
2508,Graphite ores,Mozambique,2017,12,Import,4207.810653084575,23965.964829953544,MT
2508,Graphite ores,Sri Lanka,2017,12,Import,2132.6155614545596,14396.946524604606,MT
2508,Graphite ores,Canada,2017,12,Import,376.2399335895429,43371.396436497605,MT
2508,Graphite ores,China,2017,12,Export,4083.21494473738,49986.165991020396,MT
2508,Graphite ores,Madagascar,2017,12,Export,4983.520501662137,28216.153574528744,MT
2508,Graphite ores,Mozambique,2017,12,Export,3868.0383343845015,47293.52076423897,MT
2508,Graphite ores,Sri Lanka,2017,12,Export,4263.272214319316,13120.056985416686,MT
2508,Graphite ores,Canada,2017,12,Export,2307.6662630194583,7328.811342423254,MT
2603,Copper ores,Chile,2018,1,Import,4774.85003356774,30702.557088093123,MT
2603,Copper ores,Australia,2018,1,Import,1220.3497469669674,33913.33353588698,MT
2603,Copper ores,Indonesia,2018,1,Import,3128.8283782436897,18549.973183609185,MT
2603,Copper ores,Peru,2018,1,Import,656.4322017781822,33907.08658404718,MT
2603,Copper ores,USA,2018,1,Import,2649.5077344285874,38843.60119504633,MT
2603,Copper ores,Chile,2018,1,Export,2648.8011554487675,42756.89351560846,MT
2603,Copper ores,Australia,2018,1,Export,2804.3435099949793,28485.960605233926,MT
2603,Copper ores,Indonesia,2018,1,Export,4395.6026530258905,20770.660444407455,MT
2603,Copper ores,Peru,2018,1,Export,756.6746194081396,2410.3511393536096,MT
2603,Copper ores,USA,2018,1,Export,3800.1725528007332,31395.168016319767,MT
2530,Lithium ores,Australia,2018,1,Import,3549.9908636861956,11435.243913936625,MT
2530,Lithium ores,Chile,2018,1,Import,768.2202303751718,1712.6886177262145,MT
2530,Lithium ores,China,2018,1,Import,1817.8790381523252,29905.966655877022,MT
2530,Lithium ores,Argentina,2018,1,Import,2021.9958209886884,22436.271179162723,MT
2530,Lithium ores,Zimbabwe,2018,1,Import,4530.377603019368,18064.51788414172,MT
2530,Lithium ores,Australia,2018,1,Export,2618.548496883073,39398.99762431601,MT
2530,Lithium ores,Chile,2018,1,Export,2043.0596333742237,31482.2483111658,MT
2530,Lithium ores,China,2018,1,Export,4325.582172859052,47526.510559224465,MT
2530,Lithium ores,Argentina,2018,1,Export,820.6600565522859,46402.79363291323,MT
2530,Lithium ores,Zimbabwe,2018,1,Export,2511.369836089737,13653.97502664896,MT
2508,Graphite ores,China,2018,1,Import,2349.7652055674803,49021.59618898838,MT
2508,Graphite ores,Madagascar,2018,1,Import,2513.828660565061,17108.828904087903,MT
2508,Graphite ores,Mozambique,2018,1,Import,3203.664186151956,12767.13532013146,MT
2508,Graphite ores,Sri Lanka,2018,1,Import,471.7303077324532,7315.106373621812,MT
2508,Graphite ores,Canada,2018,1,Import,727.424610893085,8443.231982102423,MT
2508,Graphite ores,China,2018,1,Export,780.2531459821097,32402.862495357516,MT
2508,Graphite ores,Madagascar,2018,1,Export,991.2124135558097,17937.6968828693,MT
2508,Graphite ores,Mozambique,2018,1,Export,4494.263208539458,24224.120372880745,MT
2508,Graphite ores,Sri Lanka,2018,1,Export,3371.0329187530333,9443.673688879862,MT
2508,Graphite ores,Canada,2018,1,Export,1042.2161921624868,3002.5621970574643,MT
2603,Copper ores,Chile,2018,2,Import,927.7818090536063,14650.926612565972,MT
2603,Copper ores,Australia,2018,2,Import,967.3513729560594,5346.424154095725,MT
2603,Copper ores,Indonesia,2018,2,Import,691.115768392944,23578.15963360356,MT
2603,Copper ores,Peru,2018,2,Import,1111.0352201883834,18849.223191355697,MT
2603,Copper ores,USA,2018,2,Import,2566.744627188799,34829.3466028389,MT
2603,Copper ores,Chile,2018,2,Export,292.6294852213848,40171.10954654309,MT
2603,Copper ores,Australia,2018,2,Export,3176.711908505448,5006.192565494724,MT
2603,Copper ores,Indonesia,2018,2,Export,4380.535258123208,46122.747626058845,MT
2603,Copper ores,Peru,2018,2,Export,399.28200328883236,14567.004759212983,MT
2603,Copper ores,USA,2018,2,Export,4050.3862709860005,37664.72482879926,MT
2530,Lithium ores,Australia,2018,2,Import,1004.1529948462489,11258.116843498805,MT
2530,Lithium ores,Chile,2018,2,Import,1915.3133036777717,24741.626274360045,MT
2530,Lithium ores,China,2018,2,Import,3129.44838049845,19076.76833891885,MT
2530,Lithium ores,Argentina,2018,2,Import,2366.420109052425,37626.07596855407,MT
2530,Lithium ores,Zimbabwe,2018,2,Import,279.74769416392974,13369.410272857016,MT
2530,Lithium ores,Australia,2018,2,Export,3595.412970834307,44865.13504667277,MT
2530,Lithium ores,Chile,2018,2,Export,2607.219466366764,27073.56077800047,MT
2530,Lithium ores,China,2018,2,Export,625.1428555649027,22923.20597434928,MT
2530,Lithium ores,Argentina,2018,2,Export,2709.8246056296134,12881.054678101753,MT
2530,Lithium ores,Zimbabwe,2018,2,Export,1419.2918316519667,19486.92399212651,MT
2508,Graphite ores,China,2018,2,Import,198.3488691108592,16781.879113575735,MT
2508,Graphite ores,Madagascar,2018,2,Import,1136.0952342830687,17047.37025671782,MT
2508,Graphite ores,Mozambique,2018,2,Import,686.834445914331,44635.83675625485,MT
2508,Graphite ores,Sri Lanka,2018,2,Import,3008.6030224148385,34276.01363807999,MT
2508,Graphite ores,Canada,2018,2,Import,3966.9390691759577,25423.667747523807,MT
2508,Graphite ores,China,2018,2,Export,525.9094116283761,27318.220549108843,MT
2508,Graphite ores,Madagascar,2018,2,Export,2975.5214783023075,37526.534235032166,MT
2508,Graphite ores,Mozambique,2018,2,Export,2215.131776525429,7251.434836982624,MT
2508,Graphite ores,Sri Lanka,2018,2,Export,1490.50193841375,18791.03252353312,MT
2508,Graphite ores,Canada,2018,2,Export,3264.994482524846,28968.136928776683,MT
2603,Copper ores,Chile,2018,3,Import,1844.8739568994465,49339.247190856004,MT
2603,Copper ores,Australia,2018,3,Import,3068.296614848747,12624.11279506373,MT
2603,Copper ores,Indonesia,2018,3,Import,598.7341158399784,8490.09782003227,MT
2603,Copper ores,Peru,2018,3,Import,1305.1928690840898,8873.387289718228,MT
2603,Copper ores,USA,2018,3,Import,1014.1784178513982,14969.663265998508,MT
2603,Copper ores,Chile,2018,3,Export,949.5306169442987,44941.50580669483,MT
2603,Copper ores,Australia,2018,3,Export,493.14535374204684,26701.05808894248,MT
2603,Copper ores,Indonesia,2018,3,Export,2110.9444522493413,49136.552228521716,MT
2603,Copper ores,Peru,2018,3,Export,648.9906206234565,20494.92435324134,MT
2603,Copper ores,USA,2018,3,Export,4850.405123049308,43409.849168805034,MT
2530,Lithium ores,Australia,2018,3,Import,4103.653147651472,13637.238525202052,MT
2530,Lithium ores,Chile,2018,3,Import,937.3491782113225,33763.517776297114,MT
2530,Lithium ores,China,2018,3,Import,4653.94234672517,28281.38175768256,MT
2530,Lithium ores,Argentina,2018,3,Import,2900.9021784025094,14718.975589353924,MT
2530,Lithium ores,Zimbabwe,2018,3,Import,3870.515372640491,10165.143679318646,MT
2530,Lithium ores,Australia,2018,3,Export,1686.0282583807941,21846.385492204423,MT
2530,Lithium ores,Chile,2018,3,Export,2587.2908555538297,12878.076888338932,MT
2530,Lithium ores,China,2018,3,Export,662.7004412220973,30920.382079639996,MT
2530,Lithium ores,Argentina,2018,3,Export,1514.2897108772534,29480.672849708,MT
2530,Lithium ores,Zimbabwe,2018,3,Export,856.3773048435913,24575.864990886057,MT
2508,Graphite ores,China,2018,3,Import,2709.6882195027706,3539.3533042989184,MT
2508,Graphite ores,Madagascar,2018,3,Import,1749.3609631502109,7586.319170009738,MT
2508,Graphite ores,Mozambique,2018,3,Import,410.53735531656196,49508.05138710732,MT
2508,Graphite ores,Sri Lanka,2018,3,Import,1679.5338403761425,40683.847846877106,MT
2508,Graphite ores,Canada,2018,3,Import,1347.739208342443,34393.633388972536,MT
2508,Graphite ores,China,2018,3,Export,3825.116513459464,30186.29828978437,MT
2508,Graphite ores,Madagascar,2018,3,Export,2410.723323895776,21180.20479321616,MT
2508,Graphite ores,Mozambique,2018,3,Export,1809.454506060677,46546.92806814347,MT
2508,Graphite ores,Sri Lanka,2018,3,Export,4170.035098159873,48286.31862265911,MT
2508,Graphite ores,Canada,2018,3,Export,709.0563950791692,36812.50628497857,MT
2603,Copper ores,Chile,2018,4,Import,4697.868238423085,9880.420242117347,MT
2603,Copper ores,Australia,2018,4,Import,425.83171009720974,37314.911815212894,MT
2603,Copper ores,Indonesia,2018,4,Import,2914.9182545815684,42249.610061155334,MT
2603,Copper ores,Peru,2018,4,Import,784.8846454688186,39968.09828113462,MT
2603,Copper ores,USA,2018,4,Import,1087.9738682339482,9019.14120041952,MT
2603,Copper ores,Chile,2018,4,Export,904.9024098618654,40914.161291337725,MT
2603,Copper ores,Australia,2018,4,Export,3359.4663814113806,26630.205813686847,MT
2603,Copper ores,Indonesia,2018,4,Export,1858.2693722051622,43982.826499842304,MT
2603,Copper ores,Peru,2018,4,Export,2022.9810263709135,41013.37253410728,MT
2603,Copper ores,USA,2018,4,Export,2251.7610519940704,19470.27704182047,MT
2530,Lithium ores,Australia,2018,4,Import,2367.1309497810716,15767.515834042963,MT
2530,Lithium ores,Chile,2018,4,Import,3763.2859628636306,25633.299114531477,MT
2530,Lithium ores,China,2018,4,Import,1237.8422062194047,45079.154090453856,MT
2530,Lithium ores,Argentina,2018,4,Import,1981.0669847287359,27634.090194585442,MT
2530,Lithium ores,Zimbabwe,2018,4,Import,4541.71334372628,31587.661799785612,MT
2530,Lithium ores,Australia,2018,4,Export,672.800399470984,47051.774057060284,MT
2530,Lithium ores,Chile,2018,4,Export,3175.7694600499476,17410.37511819722,MT
2530,Lithium ores,China,2018,4,Export,782.4331560505975,39907.2342742445,MT
2530,Lithium ores,Argentina,2018,4,Export,3138.356504049716,27139.593506839756,MT
2530,Lithium ores,Zimbabwe,2018,4,Export,4480.073656949692,39641.26335000201,MT
2508,Graphite ores,China,2018,4,Import,843.2069106904808,16274.381321981864,MT
2508,Graphite ores,Madagascar,2018,4,Import,1317.5967850908821,37453.36833606117,MT
2508,Graphite ores,Mozambique,2018,4,Import,264.308930205319,28924.59455869451,MT
2508,Graphite ores,Sri Lanka,2018,4,Import,3836.047560129384,43961.51620132572,MT
2508,Graphite ores,Canada,2018,4,Import,1776.2005687079466,41241.60792892863,MT
2508,Graphite ores,China,2018,4,Export,642.0955110805154,42476.162294991394,MT
2508,Graphite ores,Madagascar,2018,4,Export,724.6944454267139,20467.077237457997,MT
2508,Graphite ores,Mozambique,2018,4,Export,4006.747292319813,8345.953940089916,MT
2508,Graphite ores,Sri Lanka,2018,4,Export,1223.3318366399433,36390.37585126025,MT
2508,Graphite ores,Canada,2018,4,Export,3628.1790290757644,32416.23401137957,MT
2603,Copper ores,Chile,2018,5,Import,3500.34737788879,27593.49772403221,MT
2603,Copper ores,Australia,2018,5,Import,1333.8153886440684,17939.103681692053,MT
2603,Copper ores,Indonesia,2018,5,Import,989.8288123269858,45514.07750534779,MT
2603,Copper ores,Peru,2018,5,Import,2958.61979435399,20641.719421418355,MT
2603,Copper ores,USA,2018,5,Import,2363.8284378562503,47416.88364097895,MT
2603,Copper ores,Chile,2018,5,Export,851.421875268793,29725.261768823064,MT
2603,Copper ores,Australia,2018,5,Export,2578.8545265338835,30961.257536297744,MT
2603,Copper ores,Indonesia,2018,5,Export,188.73990072211848,43734.07153826342,MT
2603,Copper ores,Peru,2018,5,Export,4667.379584169701,28691.525995871238,MT
2603,Copper ores,USA,2018,5,Export,3513.589036996772,46202.46967768749,MT
2530,Lithium ores,Australia,2018,5,Import,3565.469308135653,8474.413102798806,MT
2530,Lithium ores,Chile,2018,5,Import,2923.8129648173845,30729.03727275994,MT
2530,Lithium ores,China,2018,5,Import,2178.2402893816916,37085.767545611416,MT
2530,Lithium ores,Argentina,2018,5,Import,4678.398372368173,46352.857132432044,MT
2530,Lithium ores,Zimbabwe,2018,5,Import,2309.1129198802473,6548.664246197008,MT
2530,Lithium ores,Australia,2018,5,Export,4925.721874915439,42106.00623585077,MT
2530,Lithium ores,Chile,2018,5,Export,710.8471378960076,46121.25224825124,MT
2530,Lithium ores,China,2018,5,Export,4362.492174104428,26423.064799177533,MT
2530,Lithium ores,Argentina,2018,5,Export,2997.249635150153,20551.132489636384,MT
2530,Lithium ores,Zimbabwe,2018,5,Export,368.3320302279535,17424.664840649144,MT
2508,Graphite ores,China,2018,5,Import,4033.981898130256,1226.96912722554,MT
2508,Graphite ores,Madagascar,2018,5,Import,1734.1459412866066,20510.265985956223,MT
2508,Graphite ores,Mozambique,2018,5,Import,2733.238454395822,46072.92520422526,MT
2508,Graphite ores,Sri Lanka,2018,5,Import,1797.09537239321,18000.706892915157,MT
2508,Graphite ores,Canada,2018,5,Import,3713.7561157377672,23158.679103600552,MT
2508,Graphite ores,China,2018,5,Export,1200.5636324059117,23169.536290501976,MT
2508,Graphite ores,Madagascar,2018,5,Export,790.1993998610193,9642.962338804942,MT
2508,Graphite ores,Mozambique,2018,5,Export,2542.0020864234507,21527.347025722847,MT
2508,Graphite ores,Sri Lanka,2018,5,Export,4582.74491523369,18757.301056715023,MT
2508,Graphite ores,Canada,2018,5,Export,2944.8829163624127,31980.95010805699,MT
2603,Copper ores,Chile,2018,6,Import,164.1628372828348,33513.33122881882,MT
2603,Copper ores,Australia,2018,6,Import,972.3762376617819,48092.4455560033,MT
2603,Copper ores,Indonesia,2018,6,Import,828.4473659902535,21316.582062624162,MT
2603,Copper ores,Peru,2018,6,Import,518.2133735853549,49846.83834045142,MT
2603,Copper ores,USA,2018,6,Import,2560.7555506230888,30173.865848682144,MT
2603,Copper ores,Chile,2018,6,Export,428.6747392032947,37748.063049559714,MT
2603,Copper ores,Australia,2018,6,Export,1128.5374061683701,45004.66018259498,MT
2603,Copper ores,Indonesia,2018,6,Export,1105.184238361835,10343.698312519662,MT
2603,Copper ores,Peru,2018,6,Export,279.0933724556649,24131.280310389964,MT
2603,Copper ores,USA,2018,6,Export,2867.7215529868204,4219.723331989266,MT
2530,Lithium ores,Australia,2018,6,Import,3900.0853218055518,23211.152902653354,MT
2530,Lithium ores,Chile,2018,6,Import,2669.512319705142,22597.37459997318,MT
2530,Lithium ores,China,2018,6,Import,2063.7389982890973,28422.376234102678,MT
2530,Lithium ores,Argentina,2018,6,Import,860.6772050604912,9914.478394268284,MT
2530,Lithium ores,Zimbabwe,2018,6,Import,4322.749542966235,47359.657644548,MT
2530,Lithium ores,Australia,2018,6,Export,1929.2156497707895,14266.488984034135,MT
2530,Lithium ores,Chile,2018,6,Export,3255.597761871177,21027.974383806722,MT
2530,Lithium ores,China,2018,6,Export,224.39314273568982,8651.477270943327,MT
2530,Lithium ores,Argentina,2018,6,Export,3608.263921352248,33287.273153597416,MT
2530,Lithium ores,Zimbabwe,2018,6,Export,232.77036326706911,11876.635934714523,MT
2508,Graphite ores,China,2018,6,Import,1232.2665032815498,33922.74443633769,MT
2508,Graphite ores,Madagascar,2018,6,Import,196.58163499638437,6101.3205172441185,MT
2508,Graphite ores,Mozambique,2018,6,Import,4019.588818328628,9748.688440662347,MT
2508,Graphite ores,Sri Lanka,2018,6,Import,3298.455928474186,12670.9562712896,MT
2508,Graphite ores,Canada,2018,6,Import,587.2628245207914,12915.43735897325,MT
2508,Graphite ores,China,2018,6,Export,3639.10796609273,42929.126937208,MT
2508,Graphite ores,Madagascar,2018,6,Export,4168.077336378259,20461.992951304288,MT
2508,Graphite ores,Mozambique,2018,6,Export,3373.6171691961663,11044.230475375227,MT
2508,Graphite ores,Sri Lanka,2018,6,Export,1536.423878278965,44920.45510753487,MT
2508,Graphite ores,Canada,2018,6,Export,163.70942520260658,5189.9180118689355,MT
2603,Copper ores,Chile,2018,7,Import,1118.6426502155339,2300.077989817166,MT
2603,Copper ores,Australia,2018,7,Import,989.0336319400068,29569.036487514917,MT
2603,Copper ores,Indonesia,2018,7,Import,2164.98029790324,44740.91384277177,MT
2603,Copper ores,Peru,2018,7,Import,4105.47345251836,17749.05023319592,MT
2603,Copper ores,USA,2018,7,Import,1371.1748238133332,19604.92800019608,MT
2603,Copper ores,Chile,2018,7,Export,2992.445218322558,14135.118400320936,MT
2603,Copper ores,Australia,2018,7,Export,3158.3296484607567,21061.17095737078,MT
2603,Copper ores,Indonesia,2018,7,Export,2805.031186174703,22370.199927630518,MT
2603,Copper ores,Peru,2018,7,Export,1542.8822217553966,47474.21204114568,MT
2603,Copper ores,USA,2018,7,Export,3841.668391382828,7865.545612556175,MT
2530,Lithium ores,Australia,2018,7,Import,4355.493081899773,24884.128714226168,MT
2530,Lithium ores,Chile,2018,7,Import,4483.305911781048,40192.90754141845,MT
2530,Lithium ores,China,2018,7,Import,2183.5461718992437,2100.9961076857526,MT
2530,Lithium ores,Argentina,2018,7,Import,1416.519060986236,27540.07651838248,MT
2530,Lithium ores,Zimbabwe,2018,7,Import,3204.0432771481214,13636.496586226913,MT
2530,Lithium ores,Australia,2018,7,Export,782.8447629568383,41911.58160316566,MT
2530,Lithium ores,Chile,2018,7,Export,4923.570685447406,26758.818932831604,MT
2530,Lithium ores,China,2018,7,Export,941.2285006566872,14343.058999449078,MT
2530,Lithium ores,Argentina,2018,7,Export,190.11431508258698,45800.64152146445,MT
2530,Lithium ores,Zimbabwe,2018,7,Export,676.9803061616916,29249.307300198423,MT
2508,Graphite ores,China,2018,7,Import,1442.8705813673093,28154.722123273878,MT
2508,Graphite ores,Madagascar,2018,7,Import,3291.959902924135,41657.34838165288,MT
2508,Graphite ores,Mozambique,2018,7,Import,1111.4642316269558,1538.7956042655433,MT
2508,Graphite ores,Sri Lanka,2018,7,Import,770.7395873371556,45100.91345055715,MT
2508,Graphite ores,Canada,2018,7,Import,4382.061380056325,30273.242006345106,MT
2508,Graphite ores,China,2018,7,Export,3042.5326161249013,33586.79705276652,MT
2508,Graphite ores,Madagascar,2018,7,Export,959.319265254903,45806.18535032303,MT
2508,Graphite ores,Mozambique,2018,7,Export,2151.9755719711584,19773.787884225374,MT
2508,Graphite ores,Sri Lanka,2018,7,Export,2642.6967558859037,3301.332371977697,MT
2508,Graphite ores,Canada,2018,7,Export,914.7885069047891,37163.64720489215,MT
2603,Copper ores,Chile,2018,8,Import,505.7134728331197,30554.453363853023,MT
2603,Copper ores,Australia,2018,8,Import,1302.2106374384728,20075.485088056852,MT
2603,Copper ores,Indonesia,2018,8,Import,1514.5993101764293,18427.963106782507,MT
2603,Copper ores,Peru,2018,8,Import,3623.324935402803,15558.964065535576,MT
2603,Copper ores,USA,2018,8,Import,2875.3827374547964,24326.469707755885,MT
2603,Copper ores,Chile,2018,8,Export,3351.988710276976,46904.65722691314,MT
2603,Copper ores,Australia,2018,8,Export,3689.6032763302264,11532.07855094708,MT
2603,Copper ores,Indonesia,2018,8,Export,252.7973618002949,13850.938170691428,MT
2603,Copper ores,Peru,2018,8,Export,3015.8818604312487,3519.864860728267,MT
2603,Copper ores,USA,2018,8,Export,2532.1946112860583,30245.299596927573,MT
2530,Lithium ores,Australia,2018,8,Import,1737.795065003108,38774.69798354527,MT
2530,Lithium ores,Chile,2018,8,Import,622.3314403554818,4681.7513050546295,MT
2530,Lithium ores,China,2018,8,Import,3668.124905397656,25279.074494103726,MT
2530,Lithium ores,Argentina,2018,8,Import,3473.1717424959065,22306.539591583565,MT
2530,Lithium ores,Zimbabwe,2018,8,Import,1307.3699628716233,41136.013566035785,MT
2530,Lithium ores,Australia,2018,8,Export,4017.1378069479983,35040.12707186691,MT
2530,Lithium ores,Chile,2018,8,Export,1433.5111724268172,29921.302676585266,MT
2530,Lithium ores,China,2018,8,Export,1868.7720950061314,5487.521593005074,MT
2530,Lithium ores,Argentina,2018,8,Export,4594.83651976499,7704.112915029109,MT
2530,Lithium ores,Zimbabwe,2018,8,Export,4756.163033721932,22854.282874939832,MT
2508,Graphite ores,China,2018,8,Import,1007.1513513092362,27553.14642153955,MT
2508,Graphite ores,Madagascar,2018,8,Import,4377.434595794401,36879.0194340685,MT
2508,Graphite ores,Mozambique,2018,8,Import,4052.1496245211038,33280.38496882515,MT
2508,Graphite ores,Sri Lanka,2018,8,Import,3492.155166137477,42610.58692670064,MT
2508,Graphite ores,Canada,2018,8,Import,1323.3732434100111,24981.823218513884,MT
2508,Graphite ores,China,2018,8,Export,1183.926264916051,49395.7323918357,MT
2508,Graphite ores,Madagascar,2018,8,Export,4725.890764464405,2931.913757056789,MT
2508,Graphite ores,Mozambique,2018,8,Export,3557.3183453268734,46337.167553367624,MT
2508,Graphite ores,Sri Lanka,2018,8,Export,984.8191911239343,28829.316297078843,MT
2508,Graphite ores,Canada,2018,8,Export,4585.892658181405,2663.352950704143,MT
2603,Copper ores,Chile,2018,9,Import,3517.3593095095157,15570.101361254987,MT
2603,Copper ores,Australia,2018,9,Import,4629.541357344999,48581.85401310302,MT
2603,Copper ores,Indonesia,2018,9,Import,4726.905796655827,24236.496616215725,MT
2603,Copper ores,Peru,2018,9,Import,4324.008989847636,42382.92052821845,MT
2603,Copper ores,USA,2018,9,Import,1663.5923188919526,41616.85823338319,MT
2603,Copper ores,Chile,2018,9,Export,281.3374101059138,30217.2240456206,MT
2603,Copper ores,Australia,2018,9,Export,1227.043302709745,6907.777403086661,MT
2603,Copper ores,Indonesia,2018,9,Export,477.07068798312486,35118.15001802885,MT
2603,Copper ores,Peru,2018,9,Export,1765.387322463524,36513.57180490931,MT
2603,Copper ores,USA,2018,9,Export,420.2460699148176,16449.226553699904,MT
2530,Lithium ores,Australia,2018,9,Import,2743.5073326391525,39745.435077109214,MT
2530,Lithium ores,Chile,2018,9,Import,1661.8872643671425,31668.677445413447,MT
2530,Lithium ores,China,2018,9,Import,4441.290966357317,31177.296220932923,MT
2530,Lithium ores,Argentina,2018,9,Import,1241.5014262928055,2195.638296270363,MT
2530,Lithium ores,Zimbabwe,2018,9,Import,4363.484482114556,2042.2011316689698,MT
2530,Lithium ores,Australia,2018,9,Export,4386.038196152577,26917.91956733339,MT
2530,Lithium ores,Chile,2018,9,Export,4701.431722713191,40140.378552909606,MT
2530,Lithium ores,China,2018,9,Export,4989.877141613353,18184.8789571338,MT
2530,Lithium ores,Argentina,2018,9,Export,3859.222615762522,20694.614766852865,MT
2530,Lithium ores,Zimbabwe,2018,9,Export,2451.3905394891535,31747.767697700136,MT
2508,Graphite ores,China,2018,9,Import,4381.01785951306,49220.08999076546,MT
2508,Graphite ores,Madagascar,2018,9,Import,3864.539727936139,21470.572326199355,MT
2508,Graphite ores,Mozambique,2018,9,Import,2164.6493111576438,37141.53277785568,MT
2508,Graphite ores,Sri Lanka,2018,9,Import,1270.0080142646814,6413.231543438338,MT
2508,Graphite ores,Canada,2018,9,Import,1837.648572439805,15074.710591050005,MT
2508,Graphite ores,China,2018,9,Export,1551.9097902343515,12446.779801445588,MT
2508,Graphite ores,Madagascar,2018,9,Export,306.2566292181732,1875.8228019372768,MT
2508,Graphite ores,Mozambique,2018,9,Export,4939.8397097065545,21960.883553057254,MT
2508,Graphite ores,Sri Lanka,2018,9,Export,1983.2005710824403,34302.716851960424,MT
2508,Graphite ores,Canada,2018,9,Export,1169.4440505388145,47548.098013561044,MT
2603,Copper ores,Chile,2018,10,Import,3953.090570636205,5381.139113300716,MT
2603,Copper ores,Australia,2018,10,Import,2146.145801346149,44076.79707054607,MT
2603,Copper ores,Indonesia,2018,10,Import,4729.18690922791,23902.674051243615,MT
2603,Copper ores,Peru,2018,10,Import,3105.715807132468,9184.663358511687,MT
2603,Copper ores,USA,2018,10,Import,4956.726268071185,12351.913367788726,MT
2603,Copper ores,Chile,2018,10,Export,4719.385693262116,32832.68580062606,MT
2603,Copper ores,Australia,2018,10,Export,3077.9102949064095,26121.737039808922,MT
2603,Copper ores,Indonesia,2018,10,Export,1230.2820774170175,9649.873568269904,MT
2603,Copper ores,Peru,2018,10,Export,1180.3824244438592,10135.474845068471,MT
2603,Copper ores,USA,2018,10,Export,3919.963920477091,18156.137699169776,MT
2530,Lithium ores,Australia,2018,10,Import,383.4291151606422,48486.028876899756,MT
2530,Lithium ores,Chile,2018,10,Import,4430.5508363207855,46459.86187656543,MT
2530,Lithium ores,China,2018,10,Import,4975.048330967533,9520.867211754878,MT
2530,Lithium ores,Argentina,2018,10,Import,2041.5858926230278,38153.68530950048,MT
2530,Lithium ores,Zimbabwe,2018,10,Import,3510.501028463582,8540.899410652899,MT
2530,Lithium ores,Australia,2018,10,Export,4097.5823124540275,11997.588019996372,MT
2530,Lithium ores,Chile,2018,10,Export,1196.706312630853,27311.746721777265,MT
2530,Lithium ores,China,2018,10,Export,3005.4056807243455,29424.224184052746,MT
2530,Lithium ores,Argentina,2018,10,Export,548.2855032489988,43995.58226888864,MT
2530,Lithium ores,Zimbabwe,2018,10,Export,1401.4402086846596,7346.231142857405,MT
2508,Graphite ores,China,2018,10,Import,4454.865591357988,47826.923413257915,MT
2508,Graphite ores,Madagascar,2018,10,Import,4324.425324600708,40666.287661519025,MT
2508,Graphite ores,Mozambique,2018,10,Import,3310.6857051312063,27992.011159847825,MT
2508,Graphite ores,Sri Lanka,2018,10,Import,526.2351235659097,21014.207440464237,MT
2508,Graphite ores,Canada,2018,10,Import,1926.1737333603385,13727.935404255984,MT
2508,Graphite ores,China,2018,10,Export,3644.758557074066,25297.91101885977,MT
2508,Graphite ores,Madagascar,2018,10,Export,497.1264579474749,11788.976895540756,MT
2508,Graphite ores,Mozambique,2018,10,Export,3447.96794193202,4730.412115024709,MT
2508,Graphite ores,Sri Lanka,2018,10,Export,4270.913878838966,25262.179823684743,MT
2508,Graphite ores,Canada,2018,10,Export,2454.8742289005754,30027.98144831636,MT
2603,Copper ores,Chile,2018,11,Import,4140.936733033232,18042.65118720746,MT
2603,Copper ores,Australia,2018,11,Import,3422.2791475394115,28720.86623579376,MT
2603,Copper ores,Indonesia,2018,11,Import,1408.4385238301645,44052.86933140274,MT
2603,Copper ores,Peru,2018,11,Import,4007.3875058739477,33264.139898262845,MT
2603,Copper ores,USA,2018,11,Import,4267.850472561785,43497.415847030315,MT
2603,Copper ores,Chile,2018,11,Export,3570.9785859036706,42013.65308981993,MT
2603,Copper ores,Australia,2018,11,Export,3517.6101621794896,34326.89781625472,MT
2603,Copper ores,Indonesia,2018,11,Export,3131.195753254403,37883.115338324424,MT
2603,Copper ores,Peru,2018,11,Export,877.1650159360611,44162.66720074749,MT
2603,Copper ores,USA,2018,11,Export,4372.033285951637,2433.116868693398,MT
2530,Lithium ores,Australia,2018,11,Import,4146.502077767337,7314.6235061988145,MT
2530,Lithium ores,Chile,2018,11,Import,1742.0823858697952,37431.90455828878,MT
2530,Lithium ores,China,2018,11,Import,887.7234906367102,41080.384181834044,MT
2530,Lithium ores,Argentina,2018,11,Import,4177.457471992935,25865.918954280973,MT
2530,Lithium ores,Zimbabwe,2018,11,Import,131.29077141248453,15064.868525570726,MT
2530,Lithium ores,Australia,2018,11,Export,3122.9419000411367,49078.12272334375,MT
2530,Lithium ores,Chile,2018,11,Export,3195.886282381675,13730.375472143829,MT
2530,Lithium ores,China,2018,11,Export,3206.6279451880955,27459.28360607692,MT
2530,Lithium ores,Argentina,2018,11,Export,3921.2424362406036,6242.051302520962,MT
2530,Lithium ores,Zimbabwe,2018,11,Export,3829.036722259937,27522.062355129405,MT
2508,Graphite ores,China,2018,11,Import,4818.660818909074,17751.73613589562,MT
2508,Graphite ores,Madagascar,2018,11,Import,3199.847276356346,46669.377169990854,MT
2508,Graphite ores,Mozambique,2018,11,Import,602.2976671543283,46924.195874586105,MT
2508,Graphite ores,Sri Lanka,2018,11,Import,3470.6400392739856,4324.0158961534235,MT
2508,Graphite ores,Canada,2018,11,Import,1574.7214780393997,35700.4323436188,MT
2508,Graphite ores,China,2018,11,Export,430.0179471969813,29526.35254863739,MT
2508,Graphite ores,Madagascar,2018,11,Export,1794.826979069488,31424.860370606377,MT
2508,Graphite ores,Mozambique,2018,11,Export,324.135965681313,43705.303501466435,MT
2508,Graphite ores,Sri Lanka,2018,11,Export,4870.095948969245,48475.014908998884,MT
2508,Graphite ores,Canada,2018,11,Export,3773.2939755403313,7374.225766400967,MT
2603,Copper ores,Chile,2018,12,Import,3815.4896600522106,2204.758906481274,MT
2603,Copper ores,Australia,2018,12,Import,208.40540249208655,16856.90073832752,MT
2603,Copper ores,Indonesia,2018,12,Import,2494.351632982862,38749.96347258187,MT
2603,Copper ores,Peru,2018,12,Import,3448.1473453718754,22849.23261246067,MT
2603,Copper ores,USA,2018,12,Import,1440.7706647801629,49859.100507727846,MT
2603,Copper ores,Chile,2018,12,Export,2188.2883809562672,23117.964192154097,MT
2603,Copper ores,Australia,2018,12,Export,901.756723839179,39945.66788874654,MT
2603,Copper ores,Indonesia,2018,12,Export,3499.0429063292945,11817.71102664926,MT
2603,Copper ores,Peru,2018,12,Export,503.6671235176292,34344.46580166094,MT
2603,Copper ores,USA,2018,12,Export,3307.1049499775627,14389.716822912256,MT
2530,Lithium ores,Australia,2018,12,Import,4759.231455027011,8401.836697264112,MT
2530,Lithium ores,Chile,2018,12,Import,2218.440525108749,47237.18008821234,MT
2530,Lithium ores,China,2018,12,Import,2156.6638529379993,32287.77143554019,MT
2530,Lithium ores,Argentina,2018,12,Import,2048.2125500176917,14436.54491508483,MT
2530,Lithium ores,Zimbabwe,2018,12,Import,4921.490475003158,21057.366309437108,MT
2530,Lithium ores,Australia,2018,12,Export,4481.086098027758,12267.775688663223,MT
2530,Lithium ores,Chile,2018,12,Export,1144.2130497229082,2525.5700613410568,MT
2530,Lithium ores,China,2018,12,Export,3293.167444341837,19057.790842464296,MT
2530,Lithium ores,Argentina,2018,12,Export,4335.355424214222,24187.2854278863,MT
2530,Lithium ores,Zimbabwe,2018,12,Export,4844.1477967821365,10090.750269452936,MT
2508,Graphite ores,China,2018,12,Import,4356.2535229824925,39053.24578679534,MT
2508,Graphite ores,Madagascar,2018,12,Import,3877.5170387558546,42394.37817772749,MT
2508,Graphite ores,Mozambique,2018,12,Import,3829.0175556206946,31684.795759939356,MT
2508,Graphite ores,Sri Lanka,2018,12,Import,743.0999006436991,2593.7827950713436,MT
2508,Graphite ores,Canada,2018,12,Import,4612.154454296866,31215.865411516163,MT
2508,Graphite ores,China,2018,12,Export,4003.032725783264,24594.595224114953,MT
2508,Graphite ores,Madagascar,2018,12,Export,674.8101259157329,7134.103817924972,MT
2508,Graphite ores,Mozambique,2018,12,Export,3459.2699074219595,22084.98885007367,MT
2508,Graphite ores,Sri Lanka,2018,12,Export,1082.5711608316499,25088.132790330408,MT
2508,Graphite ores,Canada,2018,12,Export,414.623791668157,29516.59869380554,MT
2603,Copper ores,Chile,2019,1,Import,1418.0676817319786,40080.39593122222,MT
2603,Copper ores,Australia,2019,1,Import,1620.7735987255114,23305.78730500826,MT
2603,Copper ores,Indonesia,2019,1,Import,156.9406455496931,4549.897501933385,MT
2603,Copper ores,Peru,2019,1,Import,2023.2184263927556,24517.00290113905,MT
2603,Copper ores,USA,2019,1,Import,3040.100685784588,15291.466356755858,MT
2603,Copper ores,Chile,2019,1,Export,3505.4112420200586,43145.99746227102,MT
2603,Copper ores,Australia,2019,1,Export,3921.269845577414,2941.3224420695,MT
2603,Copper ores,Indonesia,2019,1,Export,2454.4840415633616,6141.578742490568,MT
2603,Copper ores,Peru,2019,1,Export,1286.0205777263845,49346.46707009018,MT
2603,Copper ores,USA,2019,1,Export,798.2281602174148,25445.519519116446,MT
2530,Lithium ores,Australia,2019,1,Import,3128.9630981587834,35420.783556661096,MT
2530,Lithium ores,Chile,2019,1,Import,2842.278549085879,1478.7715235399992,MT
2530,Lithium ores,China,2019,1,Import,1699.6604103955603,26367.87052585086,MT
2530,Lithium ores,Argentina,2019,1,Import,530.5458458096834,18180.719629249856,MT
2530,Lithium ores,Zimbabwe,2019,1,Import,262.6952330776962,4850.346360596017,MT
2530,Lithium ores,Australia,2019,1,Export,2044.9240533878208,7503.071948109958,MT
2530,Lithium ores,Chile,2019,1,Export,2880.950156481635,34783.783487726025,MT
2530,Lithium ores,China,2019,1,Export,4022.874825634506,10807.361967995694,MT
2530,Lithium ores,Argentina,2019,1,Export,920.6646530694418,6123.824176385612,MT
2530,Lithium ores,Zimbabwe,2019,1,Export,3218.50822276382,35617.31059785816,MT
2508,Graphite ores,China,2019,1,Import,254.77210964564597,46874.4000659408,MT
2508,Graphite ores,Madagascar,2019,1,Import,354.6592898922148,27523.520429752454,MT
2508,Graphite ores,Mozambique,2019,1,Import,3574.3965453094906,43677.4870635582,MT
2508,Graphite ores,Sri Lanka,2019,1,Import,3599.025967448896,40284.6760704198,MT
2508,Graphite ores,Canada,2019,1,Import,1763.3059434597496,40926.4305735791,MT
2508,Graphite ores,China,2019,1,Export,492.5627472849082,44846.016146965856,MT
2508,Graphite ores,Madagascar,2019,1,Export,2783.2026431533077,41047.59072816219,MT
2508,Graphite ores,Mozambique,2019,1,Export,2316.3595941396707,32535.307064629724,MT
2508,Graphite ores,Sri Lanka,2019,1,Export,2679.373038586955,36847.886566011264,MT
2508,Graphite ores,Canada,2019,1,Export,499.9869119498889,3957.252115537626,MT
2603,Copper ores,Chile,2019,2,Import,1310.8058466497175,8817.68932554623,MT
2603,Copper ores,Australia,2019,2,Import,4371.739476301788,11741.48538054417,MT
2603,Copper ores,Indonesia,2019,2,Import,4881.739753513743,17507.893796784236,MT
2603,Copper ores,Peru,2019,2,Import,992.3777868746265,39695.226849981475,MT
2603,Copper ores,USA,2019,2,Import,3327.6680999542928,25411.59010620381,MT
2603,Copper ores,Chile,2019,2,Export,2821.281399594393,36240.88713534093,MT
2603,Copper ores,Australia,2019,2,Export,1219.4282325233637,49820.36188678035,MT
2603,Copper ores,Indonesia,2019,2,Export,4876.486494519238,32865.95863099991,MT
2603,Copper ores,Peru,2019,2,Export,1077.758009552811,34331.18387913328,MT
2603,Copper ores,USA,2019,2,Export,453.77220399796164,2501.972608084497,MT
2530,Lithium ores,Australia,2019,2,Import,1362.646153704947,23668.524880226498,MT
2530,Lithium ores,Chile,2019,2,Import,4354.535276501065,36631.28441854909,MT
2530,Lithium ores,China,2019,2,Import,3739.261953879907,21849.173387955692,MT
2530,Lithium ores,Argentina,2019,2,Import,1795.0814634801184,19180.89938624553,MT
2530,Lithium ores,Zimbabwe,2019,2,Import,4939.482862306683,2965.3503792116417,MT
2530,Lithium ores,Australia,2019,2,Export,4348.454330999998,29355.095020047276,MT
2530,Lithium ores,Chile,2019,2,Export,2249.215554028993,36537.62536034169,MT
2530,Lithium ores,China,2019,2,Export,2484.677812981044,43797.738666001365,MT
2530,Lithium ores,Argentina,2019,2,Export,4513.439133655167,21664.325416799315,MT
2530,Lithium ores,Zimbabwe,2019,2,Export,1456.4562064517527,30025.16610107475,MT
2508,Graphite ores,China,2019,2,Import,4570.5803935217855,11322.447261277663,MT
2508,Graphite ores,Madagascar,2019,2,Import,3152.5362594610656,31946.450784533507,MT
2508,Graphite ores,Mozambique,2019,2,Import,3692.253809834877,7446.81657123573,MT
2508,Graphite ores,Sri Lanka,2019,2,Import,3607.542326942234,45542.59351261641,MT
2508,Graphite ores,Canada,2019,2,Import,980.4472334641856,12639.622921270004,MT
2508,Graphite ores,China,2019,2,Export,4859.835960804034,9867.870682764998,MT
2508,Graphite ores,Madagascar,2019,2,Export,4286.486957510938,25121.614965953704,MT
2508,Graphite ores,Mozambique,2019,2,Export,1311.4322645755676,43666.74516235306,MT
2508,Graphite ores,Sri Lanka,2019,2,Export,2281.995749513061,26226.05034255482,MT
2508,Graphite ores,Canada,2019,2,Export,1860.2435100588518,30054.591720311444,MT
2603,Copper ores,Chile,2019,3,Import,901.2669756666115,20162.995295936274,MT
2603,Copper ores,Australia,2019,3,Import,4850.120379442908,13648.53820235525,MT
2603,Copper ores,Indonesia,2019,3,Import,3318.0096562523318,16934.31314701005,MT
2603,Copper ores,Peru,2019,3,Import,3890.018315864343,7412.809375199142,MT
2603,Copper ores,USA,2019,3,Import,4852.123120884869,23235.687527798324,MT
2603,Copper ores,Chile,2019,3,Export,1256.6472703976733,4601.34061917062,MT
2603,Copper ores,Australia,2019,3,Export,931.8137349289497,26468.923479244866,MT
2603,Copper ores,Indonesia,2019,3,Export,1751.315564513303,41615.284928247864,MT
2603,Copper ores,Peru,2019,3,Export,2211.348865942849,13186.999356793865,MT
2603,Copper ores,USA,2019,3,Export,3124.0104343597473,35632.08362738685,MT
2530,Lithium ores,Australia,2019,3,Import,918.5053487146544,9213.341598127565,MT
2530,Lithium ores,Chile,2019,3,Import,279.68999197436057,37083.698738216386,MT
2530,Lithium ores,China,2019,3,Import,3352.642185346845,24256.91291174088,MT
2530,Lithium ores,Argentina,2019,3,Import,4236.435199949066,40477.83749455261,MT
2530,Lithium ores,Zimbabwe,2019,3,Import,2968.2363855440854,43545.29274514967,MT
2530,Lithium ores,Australia,2019,3,Export,1108.6219291801644,6484.061350488666,MT
2530,Lithium ores,Chile,2019,3,Export,1421.773096433249,3797.2559483764276,MT
2530,Lithium ores,China,2019,3,Export,2702.7306872050567,46893.67892245311,MT
2530,Lithium ores,Argentina,2019,3,Export,292.7833492756973,6983.385786491313,MT
2530,Lithium ores,Zimbabwe,2019,3,Export,2315.775238588833,46759.875858867345,MT
2508,Graphite ores,China,2019,3,Import,1649.1649143860775,25854.505625731228,MT
2508,Graphite ores,Madagascar,2019,3,Import,303.70700934692127,8268.816847142354,MT
2508,Graphite ores,Mozambique,2019,3,Import,4934.48760249835,48290.81612536623,MT
2508,Graphite ores,Sri Lanka,2019,3,Import,124.20590657860711,47638.77748573871,MT
2508,Graphite ores,Canada,2019,3,Import,3231.687695295952,43527.996431481086,MT
2508,Graphite ores,China,2019,3,Export,2328.2252926059095,26264.205400383264,MT
2508,Graphite ores,Madagascar,2019,3,Export,2495.348243258909,33676.34861975911,MT
2508,Graphite ores,Mozambique,2019,3,Export,784.2911483059332,2468.70590376122,MT
2508,Graphite ores,Sri Lanka,2019,3,Export,1608.8567137968355,35529.357374095685,MT
2508,Graphite ores,Canada,2019,3,Export,1089.081915402447,33998.18923292095,MT
2603,Copper ores,Chile,2019,4,Import,4852.569025925625,5601.135073681501,MT
2603,Copper ores,Australia,2019,4,Import,3395.7503793031187,22743.760745923988,MT
2603,Copper ores,Indonesia,2019,4,Import,4353.897046449776,9680.33968292191,MT
2603,Copper ores,Peru,2019,4,Import,3493.867165908206,42067.6491927574,MT
2603,Copper ores,USA,2019,4,Import,4728.609675422714,34479.153386192644,MT
2603,Copper ores,Chile,2019,4,Export,2536.156343641294,31274.514769859477,MT
2603,Copper ores,Australia,2019,4,Export,4357.634423945719,28959.877585302653,MT
2603,Copper ores,Indonesia,2019,4,Export,248.8965925145006,46616.48607984191,MT
2603,Copper ores,Peru,2019,4,Export,3478.6810800546496,34149.15590308508,MT
2603,Copper ores,USA,2019,4,Export,1156.808246748814,33285.388041400205,MT
2530,Lithium ores,Australia,2019,4,Import,2029.9355877053765,32910.41587503311,MT
2530,Lithium ores,Chile,2019,4,Import,622.3058485091545,33234.41992554876,MT
2530,Lithium ores,China,2019,4,Import,4997.127256276266,3362.3899041672453,MT
2530,Lithium ores,Argentina,2019,4,Import,4888.153502684455,20938.49007542066,MT
2530,Lithium ores,Zimbabwe,2019,4,Import,4366.69190665257,39336.8887188554,MT
2530,Lithium ores,Australia,2019,4,Export,2878.379678834672,37184.011253315,MT
2530,Lithium ores,Chile,2019,4,Export,4404.726250376605,20802.875760900617,MT
2530,Lithium ores,China,2019,4,Export,1702.4624916598696,33712.075892615656,MT
2530,Lithium ores,Argentina,2019,4,Export,4058.445115512167,38351.97160405417,MT
2530,Lithium ores,Zimbabwe,2019,4,Export,4009.286879407309,22343.582425833716,MT
2508,Graphite ores,China,2019,4,Import,4107.387659257605,6890.2437131598135,MT
2508,Graphite ores,Madagascar,2019,4,Import,2767.9965800081627,1282.174364407957,MT
2508,Graphite ores,Mozambique,2019,4,Import,1690.4705665113245,18956.615208698495,MT
2508,Graphite ores,Sri Lanka,2019,4,Import,2041.2461888853513,35077.89312780325,MT
2508,Graphite ores,Canada,2019,4,Import,2003.934696224694,22985.987508504,MT
2508,Graphite ores,China,2019,4,Export,1263.9662412842047,19289.337789837664,MT
2508,Graphite ores,Madagascar,2019,4,Export,1213.6211735894422,4586.600264653738,MT
2508,Graphite ores,Mozambique,2019,4,Export,3056.8981075687516,33742.4271291958,MT
2508,Graphite ores,Sri Lanka,2019,4,Export,3135.502695447111,23711.208146228044,MT
2508,Graphite ores,Canada,2019,4,Export,1960.9503228782262,43303.34882901944,MT
2603,Copper ores,Chile,2019,5,Import,2643.5007471674685,24479.912003856818,MT
2603,Copper ores,Australia,2019,5,Import,225.64612245153486,17721.14355368166,MT
2603,Copper ores,Indonesia,2019,5,Import,1962.9585320506997,20542.316263948123,MT
2603,Copper ores,Peru,2019,5,Import,2942.8446092139284,27146.524789617044,MT
2603,Copper ores,USA,2019,5,Import,3078.7349546878786,38479.27981556429,MT
2603,Copper ores,Chile,2019,5,Export,4083.630119708858,36188.030735098226,MT
2603,Copper ores,Australia,2019,5,Export,4782.06611017918,1893.39655114172,MT
2603,Copper ores,Indonesia,2019,5,Export,1059.3121298493759,1370.580873928964,MT
2603,Copper ores,Peru,2019,5,Export,3272.6260993575547,45003.49689854936,MT
2603,Copper ores,USA,2019,5,Export,1293.0632532238665,46424.692695019025,MT
2530,Lithium ores,Australia,2019,5,Import,395.31021241884815,46787.3653134702,MT
2530,Lithium ores,Chile,2019,5,Import,1822.9511674742087,5969.62059401161,MT
2530,Lithium ores,China,2019,5,Import,2480.7716200129958,13582.05181830489,MT
2530,Lithium ores,Argentina,2019,5,Import,1495.8772196134219,16057.208281388042,MT
2530,Lithium ores,Zimbabwe,2019,5,Import,4034.8268993800507,27418.90255708747,MT
2530,Lithium ores,Australia,2019,5,Export,1625.407725864418,30906.355382235,MT
2530,Lithium ores,Chile,2019,5,Export,3609.1383036936486,14358.576035943155,MT
2530,Lithium ores,China,2019,5,Export,2126.3905974742224,6972.41857351043,MT
2530,Lithium ores,Argentina,2019,5,Export,987.6318127199336,34374.774844284155,MT
2530,Lithium ores,Zimbabwe,2019,5,Export,989.047903708572,26733.005799685947,MT
2508,Graphite ores,China,2019,5,Import,3574.32668243992,6236.969231642448,MT
2508,Graphite ores,Madagascar,2019,5,Import,2879.8298761816272,13571.576401366825,MT
2508,Graphite ores,Mozambique,2019,5,Import,4818.341688664141,24693.736689276313,MT
2508,Graphite ores,Sri Lanka,2019,5,Import,4049.3634938982746,27961.100565656827,MT
2508,Graphite ores,Canada,2019,5,Import,312.7214109886139,32024.417404107095,MT
2508,Graphite ores,China,2019,5,Export,4761.876376812619,30478.97918717023,MT
2508,Graphite ores,Madagascar,2019,5,Export,4114.025411191272,44326.11670407198,MT
2508,Graphite ores,Mozambique,2019,5,Export,1217.590882549769,11390.197155503105,MT
2508,Graphite ores,Sri Lanka,2019,5,Export,3093.8068453698593,21140.39502052853,MT
2508,Graphite ores,Canada,2019,5,Export,4215.32038404693,45101.133046502546,MT
2603,Copper ores,Chile,2019,6,Import,1831.7647585833188,12606.65738974962,MT
2603,Copper ores,Australia,2019,6,Import,3924.575024694923,14465.49574185867,MT
2603,Copper ores,Indonesia,2019,6,Import,4130.810160717025,21763.174428789378,MT
2603,Copper ores,Peru,2019,6,Import,3370.9945065282054,5681.230377898741,MT
2603,Copper ores,USA,2019,6,Import,3156.910690915208,23136.616258124228,MT
2603,Copper ores,Chile,2019,6,Export,2974.381469559823,9232.696179498307,MT
2603,Copper ores,Australia,2019,6,Export,3710.681350226492,43277.0567996182,MT
2603,Copper ores,Indonesia,2019,6,Export,1162.0250204448007,5690.013220487925,MT
2603,Copper ores,Peru,2019,6,Export,215.82907162704834,32456.603521720033,MT
2603,Copper ores,USA,2019,6,Export,3074.760776835026,27788.17322298943,MT
2530,Lithium ores,Australia,2019,6,Import,1236.5407709682795,20154.39379937022,MT
2530,Lithium ores,Chile,2019,6,Import,3012.934042412248,25341.5760840993,MT
2530,Lithium ores,China,2019,6,Import,4940.149049052948,7685.547875279924,MT
2530,Lithium ores,Argentina,2019,6,Import,3506.2083148332094,20811.619637110314,MT
2530,Lithium ores,Zimbabwe,2019,6,Import,2198.1781131355124,36162.290517250636,MT
2530,Lithium ores,Australia,2019,6,Export,3492.9371414894113,49571.54369140723,MT
2530,Lithium ores,Chile,2019,6,Export,729.1320183252136,6101.372819824151,MT
2530,Lithium ores,China,2019,6,Export,3649.2602039308317,29340.958933314047,MT
2530,Lithium ores,Argentina,2019,6,Export,1443.3872661430487,4891.549080460343,MT
2530,Lithium ores,Zimbabwe,2019,6,Export,519.7254230225096,44815.352858541795,MT
2508,Graphite ores,China,2019,6,Import,1040.1498911218403,16845.20654366052,MT
2508,Graphite ores,Madagascar,2019,6,Import,1210.6163709122413,18394.818985764927,MT
2508,Graphite ores,Mozambique,2019,6,Import,440.1768294558575,26433.929754505247,MT
2508,Graphite ores,Sri Lanka,2019,6,Import,431.301561601853,40217.46888329572,MT
2508,Graphite ores,Canada,2019,6,Import,1245.1892013611218,27460.58381562102,MT
2508,Graphite ores,China,2019,6,Export,4412.387529051145,32892.99108331252,MT
2508,Graphite ores,Madagascar,2019,6,Export,2711.493154101543,16892.353902653405,MT
2508,Graphite ores,Mozambique,2019,6,Export,1731.7093739851698,33804.860804711316,MT
2508,Graphite ores,Sri Lanka,2019,6,Export,4971.282869983721,33430.12030261955,MT
2508,Graphite ores,Canada,2019,6,Export,2833.1387451131222,36801.875001723056,MT
2603,Copper ores,Chile,2019,7,Import,2379.507500190219,3946.9747874384757,MT
2603,Copper ores,Australia,2019,7,Import,2855.254397801758,47923.63894076363,MT
2603,Copper ores,Indonesia,2019,7,Import,958.9844175525322,34810.23965021262,MT
2603,Copper ores,Peru,2019,7,Import,1084.5750744293769,27255.556539180983,MT
2603,Copper ores,USA,2019,7,Import,573.7146032689261,23068.175876651072,MT
2603,Copper ores,Chile,2019,7,Export,3805.2003115867055,18031.004687710123,MT
2603,Copper ores,Australia,2019,7,Export,3358.0674499873685,39977.04807869673,MT
2603,Copper ores,Indonesia,2019,7,Export,4643.171315449318,12497.462010917223,MT
2603,Copper ores,Peru,2019,7,Export,2056.6479874656097,8468.384653190455,MT
2603,Copper ores,USA,2019,7,Export,4963.169160576039,46423.04742829047,MT
2530,Lithium ores,Australia,2019,7,Import,2745.789938374742,42259.63142444464,MT
2530,Lithium ores,Chile,2019,7,Import,2652.6940886330067,31555.698712135225,MT
2530,Lithium ores,China,2019,7,Import,536.7097173684814,38008.250604343586,MT
2530,Lithium ores,Argentina,2019,7,Import,725.7960698126507,41477.31388237389,MT
2530,Lithium ores,Zimbabwe,2019,7,Import,3931.937629584891,35728.49018940584,MT
2530,Lithium ores,Australia,2019,7,Export,277.1858645713344,15853.289441321102,MT
2530,Lithium ores,Chile,2019,7,Export,1389.25159256313,18646.683966104436,MT
2530,Lithium ores,China,2019,7,Export,529.4494591428088,46910.93332852208,MT
2530,Lithium ores,Argentina,2019,7,Export,2813.6309794906438,15970.691222243153,MT
2530,Lithium ores,Zimbabwe,2019,7,Export,2045.2094336639886,22912.92448473695,MT
2508,Graphite ores,China,2019,7,Import,3042.9122334670246,26268.29195712839,MT
2508,Graphite ores,Madagascar,2019,7,Import,4605.020668750645,25351.21066238568,MT
2508,Graphite ores,Mozambique,2019,7,Import,4961.574272634232,42719.82292950969,MT
2508,Graphite ores,Sri Lanka,2019,7,Import,1121.7015203509454,46599.1655175519,MT
2508,Graphite ores,Canada,2019,7,Import,670.1953496388328,41055.035716068385,MT
2508,Graphite ores,China,2019,7,Export,1965.0541380352424,44020.74170180841,MT
2508,Graphite ores,Madagascar,2019,7,Export,4353.477781526507,40490.344605763436,MT
2508,Graphite ores,Mozambique,2019,7,Export,3971.1491379046006,15929.277815803998,MT
2508,Graphite ores,Sri Lanka,2019,7,Export,496.5044869511357,20746.02875949291,MT
2508,Graphite ores,Canada,2019,7,Export,950.2701234338925,35052.60335622062,MT
2603,Copper ores,Chile,2019,8,Import,1795.888660035149,48804.89984213583,MT
2603,Copper ores,Australia,2019,8,Import,3240.763178992127,41301.547618083685,MT
2603,Copper ores,Indonesia,2019,8,Import,749.3708964350573,43238.709631358506,MT
2603,Copper ores,Peru,2019,8,Import,4621.5102335156325,24866.03402212786,MT
2603,Copper ores,USA,2019,8,Import,3070.6393949797894,38475.680244246774,MT
2603,Copper ores,Chile,2019,8,Export,956.7092735760215,25625.737746708677,MT
2603,Copper ores,Australia,2019,8,Export,2053.4488360843343,8172.325615950206,MT
2603,Copper ores,Indonesia,2019,8,Export,1900.918669228504,4340.443159889184,MT
2603,Copper ores,Peru,2019,8,Export,226.47834405248622,7623.1481685863155,MT
2603,Copper ores,USA,2019,8,Export,4819.264046786951,27926.94725885583,MT
2530,Lithium ores,Australia,2019,8,Import,4832.528589650778,22192.396038176466,MT
2530,Lithium ores,Chile,2019,8,Import,1627.8990521177718,25800.95127917196,MT
2530,Lithium ores,China,2019,8,Import,2253.6072743012596,6177.569528825452,MT
2530,Lithium ores,Argentina,2019,8,Import,3240.0489419820105,11585.870942970381,MT
2530,Lithium ores,Zimbabwe,2019,8,Import,3135.980978999365,32859.85352750952,MT
2530,Lithium ores,Australia,2019,8,Export,844.9217803303758,4006.13172842274,MT
2530,Lithium ores,Chile,2019,8,Export,3925.7317717353553,23530.22076469669,MT
2530,Lithium ores,China,2019,8,Export,385.0025979768314,49748.44954131859,MT
2530,Lithium ores,Argentina,2019,8,Export,383.1247488821965,35056.72621406911,MT
2530,Lithium ores,Zimbabwe,2019,8,Export,4920.026733790727,12719.825106580354,MT
2508,Graphite ores,China,2019,8,Import,797.0219065672612,6947.8620316990155,MT
2508,Graphite ores,Madagascar,2019,8,Import,1586.048223081218,5951.244739521688,MT
2508,Graphite ores,Mozambique,2019,8,Import,3491.5905743012463,4052.298108373072,MT
2508,Graphite ores,Sri Lanka,2019,8,Import,2596.1684279339697,49838.14583879586,MT
2508,Graphite ores,Canada,2019,8,Import,4088.454320579492,31145.752473319535,MT
2508,Graphite ores,China,2019,8,Export,1600.6427418543972,31570.895978290286,MT
2508,Graphite ores,Madagascar,2019,8,Export,2682.503173167093,21878.085810628203,MT
2508,Graphite ores,Mozambique,2019,8,Export,740.4808460269775,44443.60654678287,MT
2508,Graphite ores,Sri Lanka,2019,8,Export,2303.9447792244805,10536.503079217488,MT
2508,Graphite ores,Canada,2019,8,Export,1902.020819298719,21292.357873917426,MT
2603,Copper ores,Chile,2019,9,Import,4154.935688277685,36947.1046475087,MT
2603,Copper ores,Australia,2019,9,Import,3869.593978842565,1540.5319570037136,MT
2603,Copper ores,Indonesia,2019,9,Import,2139.1545910808313,24585.86343013086,MT
2603,Copper ores,Peru,2019,9,Import,194.04215643297778,13730.847228506676,MT
2603,Copper ores,USA,2019,9,Import,3825.4201332984617,7718.375580720954,MT
2603,Copper ores,Chile,2019,9,Export,2723.019644117699,11544.891728844637,MT
2603,Copper ores,Australia,2019,9,Export,159.39179575507703,12818.871422377533,MT
2603,Copper ores,Indonesia,2019,9,Export,4881.781399059264,40275.31848226649,MT
2603,Copper ores,Peru,2019,9,Export,4801.925557173064,24904.848152391758,MT
2603,Copper ores,USA,2019,9,Export,637.7073735197672,27850.014959710956,MT
2530,Lithium ores,Australia,2019,9,Import,2326.4489393438084,42373.49705424118,MT
2530,Lithium ores,Chile,2019,9,Import,580.6046458427985,24923.815714067132,MT
2530,Lithium ores,China,2019,9,Import,835.2384570005229,16909.12041761294,MT
2530,Lithium ores,Argentina,2019,9,Import,3713.049679200218,24324.88833906956,MT
2530,Lithium ores,Zimbabwe,2019,9,Import,1941.8525972142697,20329.33764993173,MT
2530,Lithium ores,Australia,2019,9,Export,2351.2891651893347,39465.81064801579,MT
2530,Lithium ores,Chile,2019,9,Export,4471.214975807148,47811.399638692485,MT
2530,Lithium ores,China,2019,9,Export,3955.826592650946,16454.937891652626,MT
2530,Lithium ores,Argentina,2019,9,Export,3471.8600598240564,22442.553078714205,MT
2530,Lithium ores,Zimbabwe,2019,9,Export,1347.8860480256508,42202.70739187021,MT
2508,Graphite ores,China,2019,9,Import,288.2891099153925,45186.337614635755,MT
2508,Graphite ores,Madagascar,2019,9,Import,2361.2395766611976,32222.87236360574,MT
2508,Graphite ores,Mozambique,2019,9,Import,3330.834218808335,44860.76929462028,MT
2508,Graphite ores,Sri Lanka,2019,9,Import,3219.681442619316,31082.745653243026,MT
2508,Graphite ores,Canada,2019,9,Import,426.5949987473808,26401.993075315,MT
2508,Graphite ores,China,2019,9,Export,835.8281040035041,37134.25466735279,MT
2508,Graphite ores,Madagascar,2019,9,Export,2609.887411982105,34331.16118120931,MT
2508,Graphite ores,Mozambique,2019,9,Export,304.1972129516829,5154.808786244358,MT
2508,Graphite ores,Sri Lanka,2019,9,Export,3609.984601507143,4532.132463934995,MT
2508,Graphite ores,Canada,2019,9,Export,449.15796604976714,1593.315286509485,MT
2603,Copper ores,Chile,2019,10,Import,4786.856851667452,37137.90961349134,MT
2603,Copper ores,Australia,2019,10,Import,1830.9319016601144,15530.243483095106,MT
2603,Copper ores,Indonesia,2019,10,Import,1813.5458257546627,38958.02302787791,MT
2603,Copper ores,Peru,2019,10,Import,3340.7159942450307,10074.58282550593,MT
2603,Copper ores,USA,2019,10,Import,953.1357431370133,5821.3868359564685,MT
2603,Copper ores,Chile,2019,10,Export,3335.483326536557,38454.26044886506,MT
2603,Copper ores,Australia,2019,10,Export,1398.7274987925198,2026.3030905147277,MT
2603,Copper ores,Indonesia,2019,10,Export,502.641170634494,48425.141707406496,MT
2603,Copper ores,Peru,2019,10,Export,1547.6794096393594,38691.93424406855,MT
2603,Copper ores,USA,2019,10,Export,3160.8514873858926,19715.0423429919,MT
2530,Lithium ores,Australia,2019,10,Import,1107.86758475822,6947.934489810915,MT
2530,Lithium ores,Chile,2019,10,Import,3113.5635433904463,38957.05525125161,MT
2530,Lithium ores,China,2019,10,Import,3255.13084235154,26984.80452920876,MT
2530,Lithium ores,Argentina,2019,10,Import,305.5609948150177,48455.95010212481,MT
2530,Lithium ores,Zimbabwe,2019,10,Import,4013.6995391074156,15348.279798347272,MT
2530,Lithium ores,Australia,2019,10,Export,4901.854613858368,30492.19789217978,MT
2530,Lithium ores,Chile,2019,10,Export,2953.871025215508,37655.58579204707,MT
2530,Lithium ores,China,2019,10,Export,4077.671961641674,33167.45175924363,MT
2530,Lithium ores,Argentina,2019,10,Export,727.6691571943801,17575.10779373042,MT
2530,Lithium ores,Zimbabwe,2019,10,Export,4647.6098375976435,12006.164980348743,MT
2508,Graphite ores,China,2019,10,Import,1923.6184168038153,22171.767264265603,MT
2508,Graphite ores,Madagascar,2019,10,Import,2253.084449502816,31034.03954223175,MT
2508,Graphite ores,Mozambique,2019,10,Import,4721.0716049490675,12793.942879792743,MT
2508,Graphite ores,Sri Lanka,2019,10,Import,695.3567438744985,10676.05400313693,MT
2508,Graphite ores,Canada,2019,10,Import,4445.93201102542,32644.729820105094,MT
2508,Graphite ores,China,2019,10,Export,1500.9432672718847,40981.400009462246,MT
2508,Graphite ores,Madagascar,2019,10,Export,4320.712982180837,42479.202595823626,MT
2508,Graphite ores,Mozambique,2019,10,Export,4602.7400148338165,13359.809988494717,MT
2508,Graphite ores,Sri Lanka,2019,10,Export,3799.7054508567635,23566.43536643286,MT
2508,Graphite ores,Canada,2019,10,Export,4225.792909161301,36696.04318091905,MT
2603,Copper ores,Chile,2019,11,Import,3904.5924878486508,33151.93004637251,MT
2603,Copper ores,Australia,2019,11,Import,969.4009704015637,27706.31902594998,MT
2603,Copper ores,Indonesia,2019,11,Import,4924.88172367009,46932.01525835883,MT
2603,Copper ores,Peru,2019,11,Import,311.5513054053572,9075.925970742419,MT
2603,Copper ores,USA,2019,11,Import,745.4709899273533,36573.01558927948,MT
2603,Copper ores,Chile,2019,11,Export,4107.148116299031,11462.056949222924,MT
2603,Copper ores,Australia,2019,11,Export,2578.6781954639623,42194.4483725488,MT
2603,Copper ores,Indonesia,2019,11,Export,3690.727569354628,27569.623069100566,MT
2603,Copper ores,Peru,2019,11,Export,2992.703683247987,25909.666798897717,MT
2603,Copper ores,USA,2019,11,Export,1557.9874114622207,28686.07765009179,MT
2530,Lithium ores,Australia,2019,11,Import,3475.5379800454443,43792.82287717958,MT
2530,Lithium ores,Chile,2019,11,Import,3217.8276344983155,38294.95531511474,MT
2530,Lithium ores,China,2019,11,Import,884.3510112774077,23616.316246569706,MT
2530,Lithium ores,Argentina,2019,11,Import,145.72493715275715,13087.264361559528,MT
2530,Lithium ores,Zimbabwe,2019,11,Import,3659.6624040537235,49598.68761611881,MT
2530,Lithium ores,Australia,2019,11,Export,585.972687977358,20673.221477203126,MT
2530,Lithium ores,Chile,2019,11,Export,4020.3477466258814,10997.746096816043,MT
2530,Lithium ores,China,2019,11,Export,2819.9162515812027,36920.49350545406,MT
2530,Lithium ores,Argentina,2019,11,Export,3118.3287062748773,10213.21199615539,MT
2530,Lithium ores,Zimbabwe,2019,11,Export,1841.3843865601232,39405.79743978447,MT
2508,Graphite ores,China,2019,11,Import,2815.7099192468813,1256.2510636027241,MT
2508,Graphite ores,Madagascar,2019,11,Import,3828.85472413766,2730.2563920717143,MT
2508,Graphite ores,Mozambique,2019,11,Import,3754.0955353830377,10921.547448096633,MT
2508,Graphite ores,Sri Lanka,2019,11,Import,4794.560052584963,19029.096813802138,MT
2508,Graphite ores,Canada,2019,11,Import,1701.9649200565875,8295.51446628979,MT
2508,Graphite ores,China,2019,11,Export,1597.4606559020528,43955.88732958183,MT
2508,Graphite ores,Madagascar,2019,11,Export,4982.038254373512,19047.16699483557,MT
2508,Graphite ores,Mozambique,2019,11,Export,2298.1920916772588,36381.47597193412,MT
2508,Graphite ores,Sri Lanka,2019,11,Export,4442.359324278865,30059.172375152422,MT
2508,Graphite ores,Canada,2019,11,Export,2018.4759210713637,21218.470201582564,MT
2603,Copper ores,Chile,2019,12,Import,3508.5289178343537,1157.6949166096554,MT
2603,Copper ores,Australia,2019,12,Import,3135.987753553219,18419.157511626512,MT
2603,Copper ores,Indonesia,2019,12,Import,3991.566923257713,5556.541351333476,MT
2603,Copper ores,Peru,2019,12,Import,2982.1911080471136,24567.671604420062,MT
2603,Copper ores,USA,2019,12,Import,3247.3950769356143,4177.826129665449,MT
2603,Copper ores,Chile,2019,12,Export,2941.9205583978433,28512.744810016662,MT
2603,Copper ores,Australia,2019,12,Export,2847.2344626392373,30570.895663226285,MT
2603,Copper ores,Indonesia,2019,12,Export,3414.692892409175,40444.46098435772,MT
2603,Copper ores,Peru,2019,12,Export,1422.1215286282502,41427.42109882304,MT
2603,Copper ores,USA,2019,12,Export,2541.4528430909227,4775.855677582227,MT
2530,Lithium ores,Australia,2019,12,Import,386.8995532954981,17377.67761610698,MT
2530,Lithium ores,Chile,2019,12,Import,3945.995187846191,35676.36580230487,MT
2530,Lithium ores,China,2019,12,Import,3964.2133268947914,26346.18376563886,MT
2530,Lithium ores,Argentina,2019,12,Import,2256.9750899819037,8225.173808607913,MT
2530,Lithium ores,Zimbabwe,2019,12,Import,1708.1444926856266,22266.948942519888,MT
2530,Lithium ores,Australia,2019,12,Export,534.1421054301245,11809.985682849352,MT
2530,Lithium ores,Chile,2019,12,Export,3031.3039409123203,37047.4925977203,MT
2530,Lithium ores,China,2019,12,Export,4991.9028058254535,46722.553235834326,MT
2530,Lithium ores,Argentina,2019,12,Export,3248.5694777224385,21641.15461140953,MT
2530,Lithium ores,Zimbabwe,2019,12,Export,3217.2690870703404,39496.929285931365,MT
2508,Graphite ores,China,2019,12,Import,679.8473355245978,21085.339595118123,MT
2508,Graphite ores,Madagascar,2019,12,Import,4215.031199614525,19807.814644719158,MT
2508,Graphite ores,Mozambique,2019,12,Import,2902.174129013214,29800.698682247712,MT
2508,Graphite ores,Sri Lanka,2019,12,Import,1003.9336403548328,18749.53664096213,MT
2508,Graphite ores,Canada,2019,12,Import,1739.1053148354674,2283.638718071175,MT
2508,Graphite ores,China,2019,12,Export,218.5396430676407,41753.155140112896,MT
2508,Graphite ores,Madagascar,2019,12,Export,1438.0469688667808,26385.859545701955,MT
2508,Graphite ores,Mozambique,2019,12,Export,1563.755310584988,47093.283010651685,MT
2508,Graphite ores,Sri Lanka,2019,12,Export,1370.5541184422914,22053.18382420782,MT
2508,Graphite ores,Canada,2019,12,Export,4376.378227374549,42254.74477279862,MT
2603,Copper ores,Chile,2020,1,Import,1011.8969474467589,40329.52217998981,MT
2603,Copper ores,Australia,2020,1,Import,2345.115745015674,24665.474732182407,MT
2603,Copper ores,Indonesia,2020,1,Import,754.0518648381245,4949.4741740991085,MT
2603,Copper ores,Peru,2020,1,Import,3666.9026041714496,25326.596465409686,MT
2603,Copper ores,USA,2020,1,Import,2240.56844281438,36745.90320396744,MT
2603,Copper ores,Chile,2020,1,Export,3851.013205056438,8786.500215798325,MT
2603,Copper ores,Australia,2020,1,Export,3090.1032324404423,7632.350031606591,MT
2603,Copper ores,Indonesia,2020,1,Export,3781.737921542324,33190.80265708984,MT
2603,Copper ores,Peru,2020,1,Export,4787.411643308944,4378.942801464638,MT
2603,Copper ores,USA,2020,1,Export,379.5681336411462,14827.166659966808,MT
2530,Lithium ores,Australia,2020,1,Import,1382.3578503059393,13101.961154527991,MT
2530,Lithium ores,Chile,2020,1,Import,4540.647444553079,13227.7637926258,MT
2530,Lithium ores,China,2020,1,Import,1432.553658030292,38210.51485848022,MT
2530,Lithium ores,Argentina,2020,1,Import,2303.725228007646,39058.817290803876,MT
2530,Lithium ores,Zimbabwe,2020,1,Import,420.29417206548766,24890.98848999583,MT
2530,Lithium ores,Australia,2020,1,Export,264.7066408980849,4070.0069693123714,MT
2530,Lithium ores,Chile,2020,1,Export,4541.5435213876135,7823.023184762163,MT
2530,Lithium ores,China,2020,1,Export,2708.8613431485637,21143.68452743462,MT
2530,Lithium ores,Argentina,2020,1,Export,1801.9822986683291,45091.83393867635,MT
2530,Lithium ores,Zimbabwe,2020,1,Export,206.93464419989857,33525.69462260386,MT
2508,Graphite ores,China,2020,1,Import,4820.632727646397,28448.240989630256,MT
2508,Graphite ores,Madagascar,2020,1,Import,4690.43006396215,3560.6360850151646,MT
2508,Graphite ores,Mozambique,2020,1,Import,2152.0872634633906,13747.731757140507,MT
2508,Graphite ores,Sri Lanka,2020,1,Import,3681.022728405576,49083.55743436509,MT
2508,Graphite ores,Canada,2020,1,Import,1356.9973059768142,33054.55547222965,MT
2508,Graphite ores,China,2020,1,Export,1070.6784005227266,28701.182474008885,MT
2508,Graphite ores,Madagascar,2020,1,Export,2373.2691847728474,48628.26115194531,MT
2508,Graphite ores,Mozambique,2020,1,Export,3081.7836362126864,18125.81223225412,MT
2508,Graphite ores,Sri Lanka,2020,1,Export,659.0693459508735,8411.094608011794,MT
2508,Graphite ores,Canada,2020,1,Export,1204.052956761052,13297.366405674602,MT
2603,Copper ores,Chile,2020,2,Import,4268.018683421576,28499.91662584372,MT
2603,Copper ores,Australia,2020,2,Import,2664.6154657343955,6623.674721591656,MT
2603,Copper ores,Indonesia,2020,2,Import,4314.684497412231,36417.9008572157,MT
2603,Copper ores,Peru,2020,2,Import,431.57497331000775,35683.919764258666,MT
2603,Copper ores,USA,2020,2,Import,2763.337264978966,5004.541941592135,MT
2603,Copper ores,Chile,2020,2,Export,2345.673143490417,24750.118069372304,MT
2603,Copper ores,Australia,2020,2,Export,912.2952468000511,47339.20920301383,MT
2603,Copper ores,Indonesia,2020,2,Export,4264.879320255243,33782.094529126305,MT
2603,Copper ores,Peru,2020,2,Export,2365.2482489029753,21176.511537640916,MT
2603,Copper ores,USA,2020,2,Export,3289.7699890396752,27726.16160093837,MT
2530,Lithium ores,Australia,2020,2,Import,405.1382188212395,26112.629789746254,MT
2530,Lithium ores,Chile,2020,2,Import,4051.3777244409134,23502.754002250946,MT
2530,Lithium ores,China,2020,2,Import,354.5872300159152,39527.63176981762,MT
2530,Lithium ores,Argentina,2020,2,Import,1086.6825324662746,13672.4209095139,MT
2530,Lithium ores,Zimbabwe,2020,2,Import,907.0611318182499,17180.53817870338,MT
2530,Lithium ores,Australia,2020,2,Export,3808.0823778743115,26449.90711569293,MT
2530,Lithium ores,Chile,2020,2,Export,1103.9182433384915,44013.67382945,MT
2530,Lithium ores,China,2020,2,Export,4409.951089262493,43658.34282725434,MT
2530,Lithium ores,Argentina,2020,2,Export,1270.1014357695424,23110.72786486842,MT
2530,Lithium ores,Zimbabwe,2020,2,Export,4926.449315090288,38828.61133918953,MT
2508,Graphite ores,China,2020,2,Import,233.12036400524312,4195.024971764111,MT
2508,Graphite ores,Madagascar,2020,2,Import,2373.2637463804303,45551.79008721645,MT
2508,Graphite ores,Mozambique,2020,2,Import,2739.6388099682995,25392.81289368022,MT
2508,Graphite ores,Sri Lanka,2020,2,Import,616.8211297874899,33182.22513149041,MT
2508,Graphite ores,Canada,2020,2,Import,4128.305486941104,19640.580367870552,MT
2508,Graphite ores,China,2020,2,Export,3900.4980695341046,48259.35604113977,MT
2508,Graphite ores,Madagascar,2020,2,Export,1098.4556497256767,26643.151928542324,MT
2508,Graphite ores,Mozambique,2020,2,Export,1506.9759946144202,39849.866532658125,MT
2508,Graphite ores,Sri Lanka,2020,2,Export,2930.2074928176717,32094.538459964882,MT
2508,Graphite ores,Canada,2020,2,Export,4009.779382117881,20402.55316046029,MT
2603,Copper ores,Chile,2020,3,Import,4583.941335194511,27118.414495060857,MT
2603,Copper ores,Australia,2020,3,Import,873.9786318932053,35099.05679027132,MT
2603,Copper ores,Indonesia,2020,3,Import,3986.9806171474465,16521.322176308808,MT
2603,Copper ores,Peru,2020,3,Import,4300.178359293889,45401.019483522556,MT
2603,Copper ores,USA,2020,3,Import,1456.8319881512637,49192.55216304588,MT
2603,Copper ores,Chile,2020,3,Export,789.4864874389162,10898.767751722009,MT
2603,Copper ores,Australia,2020,3,Export,1002.7017122663281,44805.49579038565,MT
2603,Copper ores,Indonesia,2020,3,Export,3306.033506392313,8453.109877891371,MT
2603,Copper ores,Peru,2020,3,Export,2257.58475000491,31149.6032284203,MT
2603,Copper ores,USA,2020,3,Export,508.9740164479781,44238.402051959594,MT
2530,Lithium ores,Australia,2020,3,Import,4037.657323663522,25755.13190525527,MT
2530,Lithium ores,Chile,2020,3,Import,4838.920414769935,21470.287984479884,MT
2530,Lithium ores,China,2020,3,Import,4922.140563278839,33728.07994137773,MT
2530,Lithium ores,Argentina,2020,3,Import,3209.889238944313,9131.789869493465,MT
2530,Lithium ores,Zimbabwe,2020,3,Import,4421.446015692755,21946.99470811014,MT
2530,Lithium ores,Australia,2020,3,Export,894.9436883341489,1617.7684788121928,MT
2530,Lithium ores,Chile,2020,3,Export,2842.8028498280746,26842.58148401114,MT
2530,Lithium ores,China,2020,3,Export,3624.832749608877,44622.644597872306,MT
2530,Lithium ores,Argentina,2020,3,Export,489.09226475084466,36843.32802667776,MT
2530,Lithium ores,Zimbabwe,2020,3,Export,1018.3185260781529,43050.675604701035,MT
2508,Graphite ores,China,2020,3,Import,4113.411217922115,27498.893994291673,MT
2508,Graphite ores,Madagascar,2020,3,Import,3580.1897132542263,16403.15554600367,MT
2508,Graphite ores,Mozambique,2020,3,Import,2408.7227047707916,41260.20798781311,MT
2508,Graphite ores,Sri Lanka,2020,3,Import,2350.399466148748,18532.115000946647,MT
2508,Graphite ores,Canada,2020,3,Import,2521.6409915264694,41584.2133694237,MT
2508,Graphite ores,China,2020,3,Export,1742.5194321172764,9514.318063651446,MT
2508,Graphite ores,Madagascar,2020,3,Export,3588.8686996208257,41472.93242269601,MT
2508,Graphite ores,Mozambique,2020,3,Export,593.1236447653133,12753.83152504129,MT
2508,Graphite ores,Sri Lanka,2020,3,Export,795.6627498288701,18049.129167526164,MT
2508,Graphite ores,Canada,2020,3,Export,2306.719796636522,37692.49051120202,MT
2603,Copper ores,Chile,2020,4,Import,3290.623165920203,31425.499806443127,MT
2603,Copper ores,Australia,2020,4,Import,1826.6372383873065,42230.93010115324,MT
2603,Copper ores,Indonesia,2020,4,Import,2409.3071202510064,48976.14196274257,MT
2603,Copper ores,Peru,2020,4,Import,3207.2964776491103,7186.972336660634,MT
2603,Copper ores,USA,2020,4,Import,3413.2700541696267,16930.096756153252,MT
2603,Copper ores,Chile,2020,4,Export,3463.0032637618774,4412.416259957881,MT
2603,Copper ores,Australia,2020,4,Export,956.919042162201,42931.12568638353,MT
2603,Copper ores,Indonesia,2020,4,Export,1213.179829415223,42015.01513690406,MT
2603,Copper ores,Peru,2020,4,Export,1468.452833426611,32501.213592876677,MT
2603,Copper ores,USA,2020,4,Export,3501.337810198172,26120.082904107592,MT
2530,Lithium ores,Australia,2020,4,Import,1596.0223158139834,11419.57444218371,MT
2530,Lithium ores,Chile,2020,4,Import,262.62783735588846,15893.373660795467,MT
2530,Lithium ores,China,2020,4,Import,3300.497673603287,46976.93610397565,MT
2530,Lithium ores,Argentina,2020,4,Import,4368.901963088955,38537.17405022983,MT
2530,Lithium ores,Zimbabwe,2020,4,Import,3963.3919819411635,33584.260270323764,MT
2530,Lithium ores,Australia,2020,4,Export,1375.4056020734147,45452.556504585664,MT
2530,Lithium ores,Chile,2020,4,Export,3386.588328338587,28461.59091804156,MT
2530,Lithium ores,China,2020,4,Export,643.8483991460572,22905.721646514845,MT
2530,Lithium ores,Argentina,2020,4,Export,2355.7555288894387,43363.61686661083,MT
2530,Lithium ores,Zimbabwe,2020,4,Export,2778.5762789201635,19639.626899550072,MT
2508,Graphite ores,China,2020,4,Import,4886.3216097022305,6425.309072989468,MT
2508,Graphite ores,Madagascar,2020,4,Import,2170.4872987285285,3059.209083398859,MT
2508,Graphite ores,Mozambique,2020,4,Import,3725.5301917579586,45985.75105775838,MT
2508,Graphite ores,Sri Lanka,2020,4,Import,1472.1829147973983,43058.74216315692,MT
2508,Graphite ores,Canada,2020,4,Import,1531.869329263299,45627.737920551845,MT
2508,Graphite ores,China,2020,4,Export,3794.4133276242414,40440.432065230496,MT
2508,Graphite ores,Madagascar,2020,4,Export,188.23212244222705,48177.70749662727,MT
2508,Graphite ores,Mozambique,2020,4,Export,3660.687861144584,15932.803673920533,MT
2508,Graphite ores,Sri Lanka,2020,4,Export,4164.03385780835,14794.538722331568,MT
2508,Graphite ores,Canada,2020,4,Export,4376.493813874027,6516.439130184914,MT
2603,Copper ores,Chile,2020,5,Import,3548.0612895578993,27494.225355600607,MT
2603,Copper ores,Australia,2020,5,Import,573.01890395766,12852.79758468311,MT
2603,Copper ores,Indonesia,2020,5,Import,160.77977775884247,23969.630307760784,MT
2603,Copper ores,Peru,2020,5,Import,1576.199777724002,30319.51673059018,MT
2603,Copper ores,USA,2020,5,Import,1556.4652577722243,15696.03646384225,MT
2603,Copper ores,Chile,2020,5,Export,3741.646673784857,3358.998962939319,MT
2603,Copper ores,Australia,2020,5,Export,4524.185476440737,42760.92984516789,MT
2603,Copper ores,Indonesia,2020,5,Export,3372.242947809392,30067.856935261832,MT
2603,Copper ores,Peru,2020,5,Export,4472.282240884296,10081.178796907008,MT
2603,Copper ores,USA,2020,5,Export,486.9488947350602,12735.998325567367,MT
2530,Lithium ores,Australia,2020,5,Import,3993.433565630932,2698.843069597683,MT
2530,Lithium ores,Chile,2020,5,Import,2955.753491909099,49776.43829337419,MT
2530,Lithium ores,China,2020,5,Import,4292.910859803943,26550.838763135882,MT
2530,Lithium ores,Argentina,2020,5,Import,411.8404555045475,41737.30220489978,MT
2530,Lithium ores,Zimbabwe,2020,5,Import,3034.9946900683317,6631.716855918775,MT
2530,Lithium ores,Australia,2020,5,Export,559.9006956344454,45571.714152393026,MT
2530,Lithium ores,Chile,2020,5,Export,3379.0812883965846,41635.05316652102,MT
2530,Lithium ores,China,2020,5,Export,4406.99661138311,29016.845250367787,MT
2530,Lithium ores,Argentina,2020,5,Export,2635.487123599702,22090.94310572852,MT
2530,Lithium ores,Zimbabwe,2020,5,Export,1653.0382801764845,22295.202082076878,MT
2508,Graphite ores,China,2020,5,Import,3892.010313077766,30494.248119741445,MT
2508,Graphite ores,Madagascar,2020,5,Import,4473.364120778746,22725.6207045802,MT
2508,Graphite ores,Mozambique,2020,5,Import,3074.738935721895,31934.07010150745,MT
2508,Graphite ores,Sri Lanka,2020,5,Import,2999.316095300995,35429.0548811903,MT
2508,Graphite ores,Canada,2020,5,Import,1263.4239950365507,26105.825099743743,MT
2508,Graphite ores,China,2020,5,Export,610.7015337609037,19841.055054595814,MT
2508,Graphite ores,Madagascar,2020,5,Export,2489.5686362441957,32958.98871772815,MT
2508,Graphite ores,Mozambique,2020,5,Export,4757.602157672397,30431.90226086944,MT
2508,Graphite ores,Sri Lanka,2020,5,Export,3743.610189265143,25807.036915264936,MT
2508,Graphite ores,Canada,2020,5,Export,3207.1097537440232,4475.678590554899,MT
2603,Copper ores,Chile,2020,6,Import,1346.5187461250503,18730.801567051796,MT
2603,Copper ores,Australia,2020,6,Import,2415.2174395319166,3236.788529616803,MT
2603,Copper ores,Indonesia,2020,6,Import,786.1180780112567,14563.901081773984,MT
2603,Copper ores,Peru,2020,6,Import,4860.510185415148,17236.00334804949,MT
2603,Copper ores,USA,2020,6,Import,2462.001184749204,10608.787924181253,MT
2603,Copper ores,Chile,2020,6,Export,3092.8223482712647,14753.477560282741,MT
2603,Copper ores,Australia,2020,6,Export,1114.2636343482914,26312.058793852975,MT
2603,Copper ores,Indonesia,2020,6,Export,126.97841588606202,1375.537599812041,MT
2603,Copper ores,Peru,2020,6,Export,1173.4371645991032,2799.346762540236,MT
2603,Copper ores,USA,2020,6,Export,629.3261952403877,17604.171817598828,MT
2530,Lithium ores,Australia,2020,6,Import,4032.669829941083,29030.38352509574,MT
2530,Lithium ores,Chile,2020,6,Import,2612.0718571864404,15380.952337197961,MT
2530,Lithium ores,China,2020,6,Import,4665.5932252208,20453.737020622393,MT
2530,Lithium ores,Argentina,2020,6,Import,526.7545572992803,31236.259289772264,MT
2530,Lithium ores,Zimbabwe,2020,6,Import,657.8081280353468,17915.93399728291,MT
2530,Lithium ores,Australia,2020,6,Export,2586.3184997172634,43836.90370957361,MT
2530,Lithium ores,Chile,2020,6,Export,2518.3782436665815,35410.67953555155,MT
2530,Lithium ores,China,2020,6,Export,4964.802511095445,7442.9668750011,MT
2530,Lithium ores,Argentina,2020,6,Export,1446.1844750456455,20334.227704284673,MT
2530,Lithium ores,Zimbabwe,2020,6,Export,2166.9580748402736,21140.032688011743,MT
2508,Graphite ores,China,2020,6,Import,4547.293912527119,35987.59957887597,MT
2508,Graphite ores,Madagascar,2020,6,Import,3078.7355490444484,16159.263175276323,MT
2508,Graphite ores,Mozambique,2020,6,Import,4136.572882684344,47797.96506276446,MT
2508,Graphite ores,Sri Lanka,2020,6,Import,4123.87158449611,1076.6901543821723,MT
2508,Graphite ores,Canada,2020,6,Import,3218.3667138986943,3505.6336906629354,MT
2508,Graphite ores,China,2020,6,Export,1362.2753796352372,3916.7103170408127,MT
2508,Graphite ores,Madagascar,2020,6,Export,3058.597719452,34642.905761137736,MT
2508,Graphite ores,Mozambique,2020,6,Export,660.9894265229351,19808.105269203996,MT
2508,Graphite ores,Sri Lanka,2020,6,Export,2335.558893882156,19083.598066284914,MT
2508,Graphite ores,Canada,2020,6,Export,693.0225023774459,21528.441719186296,MT
2603,Copper ores,Chile,2020,7,Import,3780.7724342612487,4479.375562129518,MT
2603,Copper ores,Australia,2020,7,Import,492.8820690013269,18383.793299963225,MT
2603,Copper ores,Indonesia,2020,7,Import,4714.455986932733,33760.05968942279,MT
2603,Copper ores,Peru,2020,7,Import,3425.4827876955674,18734.079551055383,MT
2603,Copper ores,USA,2020,7,Import,3008.9378769218383,1496.4280173594257,MT
2603,Copper ores,Chile,2020,7,Export,3216.8706274067567,45751.0604312356,MT
2603,Copper ores,Australia,2020,7,Export,3101.609994889614,43811.231079850906,MT
2603,Copper ores,Indonesia,2020,7,Export,3647.46797178386,6907.362403780822,MT
2603,Copper ores,Peru,2020,7,Export,4522.021205700625,4255.748373432969,MT
2603,Copper ores,USA,2020,7,Export,2716.4406154840426,7964.719065879425,MT
2530,Lithium ores,Australia,2020,7,Import,157.36239258142993,21679.67874625431,MT
2530,Lithium ores,Chile,2020,7,Import,1545.6994675053656,24814.024196082548,MT
2530,Lithium ores,China,2020,7,Import,2928.279444999299,3143.2145431384206,MT
2530,Lithium ores,Argentina,2020,7,Import,702.7161461063537,28373.477426070844,MT
2530,Lithium ores,Zimbabwe,2020,7,Import,1781.5200305460253,36729.50088992295,MT
2530,Lithium ores,Australia,2020,7,Export,3296.2290781005045,42434.61378650543,MT
2530,Lithium ores,Chile,2020,7,Export,3493.214850679204,22066.622792117258,MT
2530,Lithium ores,China,2020,7,Export,3397.5364497327187,14493.677538515507,MT
2530,Lithium ores,Argentina,2020,7,Export,1600.936144013242,39660.27283611887,MT
2530,Lithium ores,Zimbabwe,2020,7,Export,2287.4556303677527,40120.63668539927,MT
2508,Graphite ores,China,2020,7,Import,4129.869630974565,43020.554545402905,MT
2508,Graphite ores,Madagascar,2020,7,Import,4591.512655621916,22118.275805151516,MT
2508,Graphite ores,Mozambique,2020,7,Import,1662.4474097735804,29527.73858311158,MT
2508,Graphite ores,Sri Lanka,2020,7,Import,1918.744874844375,30452.634173211416,MT
2508,Graphite ores,Canada,2020,7,Import,3557.370726954741,34731.84590611471,MT
2508,Graphite ores,China,2020,7,Export,1935.3091463985945,9176.149883238888,MT
2508,Graphite ores,Madagascar,2020,7,Export,2209.593758464817,7987.113060013528,MT
2508,Graphite ores,Mozambique,2020,7,Export,4461.475472400661,17947.99557615501,MT
2508,Graphite ores,Sri Lanka,2020,7,Export,856.8527613942865,2246.940235381793,MT
2508,Graphite ores,Canada,2020,7,Export,3264.529692803773,32208.21355528242,MT
2603,Copper ores,Chile,2020,8,Import,1768.9604162483292,4513.882553534899,MT
2603,Copper ores,Australia,2020,8,Import,2107.181584986637,16249.657258106285,MT
2603,Copper ores,Indonesia,2020,8,Import,3417.891134701546,30683.183223181826,MT
2603,Copper ores,Peru,2020,8,Import,1886.509268167946,11676.735158494515,MT
2603,Copper ores,USA,2020,8,Import,4941.3762341624,23246.079438609628,MT
2603,Copper ores,Chile,2020,8,Export,3472.5437553231613,7887.095411339678,MT
2603,Copper ores,Australia,2020,8,Export,2479.3895283310494,2349.2992736038086,MT
2603,Copper ores,Indonesia,2020,8,Export,2576.730077761205,48236.85294876742,MT
2603,Copper ores,Peru,2020,8,Export,1982.612893630421,2910.804616170668,MT
2603,Copper ores,USA,2020,8,Export,251.6833755047833,20011.351237396604,MT
2530,Lithium ores,Australia,2020,8,Import,884.1221886696508,2144.2527200811096,MT
2530,Lithium ores,Chile,2020,8,Import,3805.4467083558666,23467.627435212642,MT
2530,Lithium ores,China,2020,8,Import,1517.2993826660072,45104.075967807556,MT
2530,Lithium ores,Argentina,2020,8,Import,669.0809049825755,47840.02261881064,MT
2530,Lithium ores,Zimbabwe,2020,8,Import,1638.436915149029,44531.77994312538,MT
2530,Lithium ores,Australia,2020,8,Export,3054.4200947493614,41508.66062733289,MT
2530,Lithium ores,Chile,2020,8,Export,4921.664499731275,15131.86645311854,MT
2530,Lithium ores,China,2020,8,Export,4809.563878497205,20084.612850218597,MT
2530,Lithium ores,Argentina,2020,8,Export,1989.0083332109193,17678.968108470777,MT
2530,Lithium ores,Zimbabwe,2020,8,Export,2752.8972760031675,8553.107115745868,MT
2508,Graphite ores,China,2020,8,Import,2813.186278254255,27543.535808090197,MT
2508,Graphite ores,Madagascar,2020,8,Import,3833.318881763863,41848.84813494169,MT
2508,Graphite ores,Mozambique,2020,8,Import,2258.1626165308776,15814.329218223194,MT
2508,Graphite ores,Sri Lanka,2020,8,Import,1370.740996853763,10536.567998538725,MT
2508,Graphite ores,Canada,2020,8,Import,382.47315277522193,17779.950962900955,MT
2508,Graphite ores,China,2020,8,Export,1424.213691440838,48354.45190745396,MT
2508,Graphite ores,Madagascar,2020,8,Export,2832.7732486252153,18016.57491249487,MT
2508,Graphite ores,Mozambique,2020,8,Export,2944.2912448691104,7820.638365939079,MT
2508,Graphite ores,Sri Lanka,2020,8,Export,2275.8143710907943,31685.481749632127,MT
2508,Graphite ores,Canada,2020,8,Export,2495.599375783012,20687.161232061888,MT
2603,Copper ores,Chile,2020,9,Import,4969.857105608521,44135.42334529742,MT
2603,Copper ores,Australia,2020,9,Import,3154.6891949812566,28899.490697931855,MT
2603,Copper ores,Indonesia,2020,9,Import,3141.236351140462,10864.29328329923,MT
2603,Copper ores,Peru,2020,9,Import,2036.1749419951611,2933.517111654067,MT
2603,Copper ores,USA,2020,9,Import,2430.175583685451,27608.204613925496,MT
2603,Copper ores,Chile,2020,9,Export,1215.9737069057269,48237.41351111017,MT
2603,Copper ores,Australia,2020,9,Export,4556.327593592486,36385.01853733939,MT
2603,Copper ores,Indonesia,2020,9,Export,2713.5944809502766,43628.48882273656,MT
2603,Copper ores,Peru,2020,9,Export,740.1964847349683,39734.97991946936,MT
2603,Copper ores,USA,2020,9,Export,711.6219884375566,39916.322464920864,MT
2530,Lithium ores,Australia,2020,9,Import,1451.2610844316491,43977.438469891254,MT
2530,Lithium ores,Chile,2020,9,Import,4725.80625974445,8291.002500850667,MT
2530,Lithium ores,China,2020,9,Import,2367.110464820428,49068.38152997157,MT
2530,Lithium ores,Argentina,2020,9,Import,2468.6964362684184,43313.828603212714,MT
2530,Lithium ores,Zimbabwe,2020,9,Import,2984.7844584434674,19391.16548806049,MT
2530,Lithium ores,Australia,2020,9,Export,1500.339422076764,10957.931463218276,MT
2530,Lithium ores,Chile,2020,9,Export,3832.811137750716,19940.484834328367,MT
2530,Lithium ores,China,2020,9,Export,2605.249764783681,25123.948520057915,MT
2530,Lithium ores,Argentina,2020,9,Export,2928.667243242343,43413.28013560306,MT
2530,Lithium ores,Zimbabwe,2020,9,Export,4905.622783558804,20971.62622011703,MT
2508,Graphite ores,China,2020,9,Import,4154.842718320885,38461.861938081165,MT
2508,Graphite ores,Madagascar,2020,9,Import,2910.291862132309,47846.31003698472,MT
2508,Graphite ores,Mozambique,2020,9,Import,1082.3251260891736,6353.946305171449,MT
2508,Graphite ores,Sri Lanka,2020,9,Import,4284.413638081569,22518.341015053666,MT
2508,Graphite ores,Canada,2020,9,Import,4250.147385614597,44761.420054575334,MT
2508,Graphite ores,China,2020,9,Export,406.04220873345,44289.77338631697,MT
2508,Graphite ores,Madagascar,2020,9,Export,2296.7633713101686,26011.19196120738,MT
2508,Graphite ores,Mozambique,2020,9,Export,3170.30330435673,46392.74772977425,MT
2508,Graphite ores,Sri Lanka,2020,9,Export,193.66886270584376,24365.32994757304,MT
2508,Graphite ores,Canada,2020,9,Export,3469.8380079097474,36412.64092721319,MT
2603,Copper ores,Chile,2020,10,Import,3493.408914531829,7587.321340997971,MT
2603,Copper ores,Australia,2020,10,Import,1567.0383830212381,18577.06074543366,MT
2603,Copper ores,Indonesia,2020,10,Import,4041.7423176295747,14659.233748313098,MT
2603,Copper ores,Peru,2020,10,Import,1132.4543229492956,47914.95293286671,MT
2603,Copper ores,USA,2020,10,Import,143.4300970559976,49893.22192841693,MT
2603,Copper ores,Chile,2020,10,Export,3416.4243644012386,41594.995673006735,MT
2603,Copper ores,Australia,2020,10,Export,1543.6350420963465,1701.448605685939,MT
2603,Copper ores,Indonesia,2020,10,Export,3715.560640951497,41873.08525303311,MT
2603,Copper ores,Peru,2020,10,Export,3728.333046572244,7999.664077741091,MT
2603,Copper ores,USA,2020,10,Export,3791.7968190591487,38677.216323274406,MT
2530,Lithium ores,Australia,2020,10,Import,3326.848526783269,38539.68070698372,MT
2530,Lithium ores,Chile,2020,10,Import,4245.015054420887,31066.60159763546,MT
2530,Lithium ores,China,2020,10,Import,534.1630984514275,24893.76267369333,MT
2530,Lithium ores,Argentina,2020,10,Import,480.4817398908648,20969.60852058911,MT
2530,Lithium ores,Zimbabwe,2020,10,Import,2094.821796715575,4234.482362871837,MT
2530,Lithium ores,Australia,2020,10,Export,1809.2206164504487,6438.906840774427,MT
2530,Lithium ores,Chile,2020,10,Export,4060.3525290451885,47436.71327225907,MT
2530,Lithium ores,China,2020,10,Export,454.35072876389916,47800.645157293366,MT
2530,Lithium ores,Argentina,2020,10,Export,2660.6253367500512,15678.718219739822,MT
2530,Lithium ores,Zimbabwe,2020,10,Export,476.6241688532012,25530.589135450475,MT
2508,Graphite ores,China,2020,10,Import,3993.1261680046687,35647.23738606821,MT
2508,Graphite ores,Madagascar,2020,10,Import,346.1074561734714,4572.189933027272,MT
2508,Graphite ores,Mozambique,2020,10,Import,2074.079084899922,15469.23420834922,MT
2508,Graphite ores,Sri Lanka,2020,10,Import,1238.6831829746343,14769.220446526966,MT
2508,Graphite ores,Canada,2020,10,Import,4037.0654421547347,46532.17462796084,MT
2508,Graphite ores,China,2020,10,Export,2085.0032031850756,45399.439104492354,MT
2508,Graphite ores,Madagascar,2020,10,Export,1675.3289361146217,24345.41233084579,MT
2508,Graphite ores,Mozambique,2020,10,Export,1207.5420892983987,32383.326066616355,MT
2508,Graphite ores,Sri Lanka,2020,10,Export,4897.007464356564,30571.161706125553,MT
2508,Graphite ores,Canada,2020,10,Export,1853.2890121563894,32743.05485353589,MT
2603,Copper ores,Chile,2020,11,Import,702.3113244803991,44544.29493300453,MT
2603,Copper ores,Australia,2020,11,Import,2565.1113588211983,23018.137359942462,MT
2603,Copper ores,Indonesia,2020,11,Import,2970.737463422244,31614.40927668072,MT
2603,Copper ores,Peru,2020,11,Import,451.70145050991385,34448.24383994672,MT
2603,Copper ores,USA,2020,11,Import,1285.465233546095,35983.6789928229,MT
2603,Copper ores,Chile,2020,11,Export,4130.420492482564,40393.96687007349,MT
2603,Copper ores,Australia,2020,11,Export,2807.2547402986565,26488.324723226808,MT
2603,Copper ores,Indonesia,2020,11,Export,800.0922105631174,38991.96136975364,MT
2603,Copper ores,Peru,2020,11,Export,1429.9059641889005,25338.07571807938,MT
2603,Copper ores,USA,2020,11,Export,1492.943055344832,7557.589786984964,MT
2530,Lithium ores,Australia,2020,11,Import,3184.832714769509,3662.2697063222877,MT
2530,Lithium ores,Chile,2020,11,Import,3768.36164721838,16561.752967794717,MT
2530,Lithium ores,China,2020,11,Import,100.65999572197806,26045.327822624262,MT
2530,Lithium ores,Argentina,2020,11,Import,329.5743517852553,14532.308333224075,MT
2530,Lithium ores,Zimbabwe,2020,11,Import,3564.1847885330094,4071.7914594714275,MT
2530,Lithium ores,Australia,2020,11,Export,4212.758612544411,1187.1762102705723,MT
2530,Lithium ores,Chile,2020,11,Export,1309.436959089321,37304.298751451504,MT
2530,Lithium ores,China,2020,11,Export,1649.7237336736032,5992.727015234663,MT
2530,Lithium ores,Argentina,2020,11,Export,1865.1462021220966,14249.27103284175,MT
2530,Lithium ores,Zimbabwe,2020,11,Export,4229.288320586719,16354.047961672013,MT
2508,Graphite ores,China,2020,11,Import,3965.7691117024356,44701.735095726,MT
2508,Graphite ores,Madagascar,2020,11,Import,2225.705355924995,45587.21404886521,MT
2508,Graphite ores,Mozambique,2020,11,Import,1948.8584644196449,48239.8424080153,MT
2508,Graphite ores,Sri Lanka,2020,11,Import,537.5186701753073,34663.9440586589,MT
2508,Graphite ores,Canada,2020,11,Import,2519.6887982389503,19994.791467326708,MT
2508,Graphite ores,China,2020,11,Export,3200.2882058681444,35488.99749008223,MT
2508,Graphite ores,Madagascar,2020,11,Export,121.38002128651453,9180.701348612736,MT
2508,Graphite ores,Mozambique,2020,11,Export,3593.9256481081616,33652.885265332116,MT
2508,Graphite ores,Sri Lanka,2020,11,Export,4833.632775130518,38290.85172228837,MT
2508,Graphite ores,Canada,2020,11,Export,4758.786267883556,35424.48457520554,MT
2603,Copper ores,Chile,2020,12,Import,1560.4558223332715,6162.881190291967,MT
2603,Copper ores,Australia,2020,12,Import,3930.9369303901844,32563.31185231988,MT
2603,Copper ores,Indonesia,2020,12,Import,336.11146072715155,18642.472829147937,MT
2603,Copper ores,Peru,2020,12,Import,4788.319095873002,25519.65613979986,MT
2603,Copper ores,USA,2020,12,Import,2220.3727664965527,23427.280652805406,MT
2603,Copper ores,Chile,2020,12,Export,1123.5253476253024,19066.651372374967,MT
2603,Copper ores,Australia,2020,12,Export,1912.0849543371655,3565.3959891861477,MT
2603,Copper ores,Indonesia,2020,12,Export,3861.0813797377996,21408.71716329007,MT
2603,Copper ores,Peru,2020,12,Export,4128.681445400474,42667.052054874875,MT
2603,Copper ores,USA,2020,12,Export,1138.7708680234246,33210.320626336295,MT
2530,Lithium ores,Australia,2020,12,Import,2414.1808403986106,44127.68015815277,MT
2530,Lithium ores,Chile,2020,12,Import,1157.1293279646252,34212.84681519217,MT
2530,Lithium ores,China,2020,12,Import,3077.985399038341,15469.772401019807,MT
2530,Lithium ores,Argentina,2020,12,Import,769.3444278907458,32930.34826338655,MT
2530,Lithium ores,Zimbabwe,2020,12,Import,3719.1275448484203,16465.73984440415,MT
2530,Lithium ores,Australia,2020,12,Export,3259.6797597093378,20361.41447296366,MT
2530,Lithium ores,Chile,2020,12,Export,3594.713728084827,10761.548469808602,MT
2530,Lithium ores,China,2020,12,Export,4462.053512917254,15083.070226813406,MT
2530,Lithium ores,Argentina,2020,12,Export,1902.1513400051492,3846.5056519371396,MT
2530,Lithium ores,Zimbabwe,2020,12,Export,646.4098403742544,26277.233232904076,MT
2508,Graphite ores,China,2020,12,Import,1411.2041159670603,41938.531061367525,MT
2508,Graphite ores,Madagascar,2020,12,Import,171.99760440927383,19575.60838492487,MT
2508,Graphite ores,Mozambique,2020,12,Import,1752.9931791685542,1947.0539149624506,MT
2508,Graphite ores,Sri Lanka,2020,12,Import,709.4051551025001,21268.49107101313,MT
2508,Graphite ores,Canada,2020,12,Import,2515.0364637924886,20810.197615488585,MT
2508,Graphite ores,China,2020,12,Export,2701.59462421926,30161.452070378396,MT
2508,Graphite ores,Madagascar,2020,12,Export,148.62672352639458,23740.66281322169,MT
2508,Graphite ores,Mozambique,2020,12,Export,4821.146280349183,26432.581726347886,MT
2508,Graphite ores,Sri Lanka,2020,12,Export,3419.957110548871,16281.329037927277,MT
2508,Graphite ores,Canada,2020,12,Export,3892.5577529485363,38873.15261192964,MT
2603,Copper ores,Chile,2021,1,Import,2654.3506335052807,48824.67734068147,MT
2603,Copper ores,Australia,2021,1,Import,715.1960523370016,1830.4355795894687,MT
2603,Copper ores,Indonesia,2021,1,Import,3873.77523760977,40550.62133087924,MT
2603,Copper ores,Peru,2021,1,Import,689.0154226908236,14013.558814971697,MT
2603,Copper ores,USA,2021,1,Import,186.00658049648166,15372.12192824767,MT
2603,Copper ores,Chile,2021,1,Export,3888.3951822014906,26380.06585791637,MT
2603,Copper ores,Australia,2021,1,Export,1805.6684065246116,19215.225450410184,MT
2603,Copper ores,Indonesia,2021,1,Export,106.63276600579395,15690.225850696559,MT
2603,Copper ores,Peru,2021,1,Export,3267.6478340258595,48735.5277470015,MT
2603,Copper ores,USA,2021,1,Export,4250.5980522211075,2156.153267630927,MT
2530,Lithium ores,Australia,2021,1,Import,4502.9469629067125,39376.72225163267,MT
2530,Lithium ores,Chile,2021,1,Import,3923.843005497804,23441.792191175,MT
2530,Lithium ores,China,2021,1,Import,2050.225935477064,15842.870712826438,MT
2530,Lithium ores,Argentina,2021,1,Import,421.9048088763923,12183.532811191257,MT
2530,Lithium ores,Zimbabwe,2021,1,Import,1308.3578113923206,24719.77641579988,MT
2530,Lithium ores,Australia,2021,1,Export,3762.4775923238003,24216.681591499382,MT
2530,Lithium ores,Chile,2021,1,Export,383.437802291087,47931.70024842199,MT
2530,Lithium ores,China,2021,1,Export,4719.34916356115,39474.28761427201,MT
2530,Lithium ores,Argentina,2021,1,Export,4957.506717664681,27679.634307212884,MT
2530,Lithium ores,Zimbabwe,2021,1,Export,4817.56491624071,4704.646990220788,MT
2508,Graphite ores,China,2021,1,Import,1891.8356664807195,12043.682132331525,MT
2508,Graphite ores,Madagascar,2021,1,Import,1059.5821122579232,7899.344495741128,MT
2508,Graphite ores,Mozambique,2021,1,Import,3149.826843673384,39284.770931617946,MT
2508,Graphite ores,Sri Lanka,2021,1,Import,2933.662157159767,8201.172769822275,MT
2508,Graphite ores,Canada,2021,1,Import,4074.5064726740075,32161.780651022695,MT
2508,Graphite ores,China,2021,1,Export,2002.0119600222781,34032.38448126709,MT
2508,Graphite ores,Madagascar,2021,1,Export,1373.534398289881,17914.418216216316,MT
2508,Graphite ores,Mozambique,2021,1,Export,4595.680631346752,15234.7207778996,MT
2508,Graphite ores,Sri Lanka,2021,1,Export,2402.942513973889,44616.91573240472,MT
2508,Graphite ores,Canada,2021,1,Export,3567.8346163108845,4047.958082070435,MT
2603,Copper ores,Chile,2021,2,Import,821.7849169669547,1384.237947823924,MT
2603,Copper ores,Australia,2021,2,Import,3191.5167721229004,22935.997845110498,MT
2603,Copper ores,Indonesia,2021,2,Import,757.9467694211501,47938.771931781754,MT
2603,Copper ores,Peru,2021,2,Import,2695.3326473335374,12852.77141153157,MT
2603,Copper ores,USA,2021,2,Import,2552.957498658067,34301.39630402028,MT
2603,Copper ores,Chile,2021,2,Export,473.5721680704659,14460.486937346708,MT
2603,Copper ores,Australia,2021,2,Export,4054.1309053315686,23523.5786497304,MT
2603,Copper ores,Indonesia,2021,2,Export,2778.227995958245,22207.984108263994,MT
2603,Copper ores,Peru,2021,2,Export,315.1097189507251,9121.73921118764,MT
2603,Copper ores,USA,2021,2,Export,2283.154029835265,11250.087804988463,MT
2530,Lithium ores,Australia,2021,2,Import,344.8972404324258,42338.833538539366,MT
2530,Lithium ores,Chile,2021,2,Import,4907.843392904168,39864.00082584023,MT
2530,Lithium ores,China,2021,2,Import,4283.546116352868,12856.879385535223,MT
2530,Lithium ores,Argentina,2021,2,Import,4807.072180014678,10649.35951821799,MT
2530,Lithium ores,Zimbabwe,2021,2,Import,4762.006070772978,49746.1454043316,MT
2530,Lithium ores,Australia,2021,2,Export,3587.441748155639,49076.04285779927,MT
2530,Lithium ores,Chile,2021,2,Export,2890.744919878808,13717.547375628426,MT
2530,Lithium ores,China,2021,2,Export,2241.2798397615425,30084.485833560513,MT
2530,Lithium ores,Argentina,2021,2,Export,458.0996539323734,31494.819966245057,MT
2530,Lithium ores,Zimbabwe,2021,2,Export,4907.771400135243,10315.274839402653,MT
2508,Graphite ores,China,2021,2,Import,3983.7160698130783,45487.040895201346,MT
2508,Graphite ores,Madagascar,2021,2,Import,4724.137804819082,48046.64461586691,MT
2508,Graphite ores,Mozambique,2021,2,Import,2655.1522297352126,48888.08749158368,MT
2508,Graphite ores,Sri Lanka,2021,2,Import,3810.8200149587506,8921.900375611134,MT
2508,Graphite ores,Canada,2021,2,Import,2436.810521693053,36198.22759322819,MT
2508,Graphite ores,China,2021,2,Export,1311.9675475135084,32390.14399389548,MT
2508,Graphite ores,Madagascar,2021,2,Export,3366.3423473284342,8972.287446619728,MT
2508,Graphite ores,Mozambique,2021,2,Export,2868.9180310185056,38809.71863795177,MT
2508,Graphite ores,Sri Lanka,2021,2,Export,2544.5887562261155,1593.0527220292638,MT
2508,Graphite ores,Canada,2021,2,Export,144.28849848853167,18494.437854530595,MT
2603,Copper ores,Chile,2021,3,Import,4638.3509353157315,12205.16220057683,MT
2603,Copper ores,Australia,2021,3,Import,3208.382075471267,11881.717663972708,MT
2603,Copper ores,Indonesia,2021,3,Import,1676.1829493317882,42554.06239047272,MT
2603,Copper ores,Peru,2021,3,Import,3671.4210671227397,5674.564588347321,MT
2603,Copper ores,USA,2021,3,Import,2200.639902833525,2429.3184186179587,MT
2603,Copper ores,Chile,2021,3,Export,2456.361718354744,33459.26657335233,MT
2603,Copper ores,Australia,2021,3,Export,680.6628556309427,15155.362006549118,MT
2603,Copper ores,Indonesia,2021,3,Export,2049.3994649605693,46057.02020814644,MT
2603,Copper ores,Peru,2021,3,Export,4966.949575572524,3200.653650785177,MT
2603,Copper ores,USA,2021,3,Export,3828.938825127421,19214.479253714817,MT
2530,Lithium ores,Australia,2021,3,Import,2023.0451125244522,37958.98369400411,MT
2530,Lithium ores,Chile,2021,3,Import,4600.289517512502,47595.50113062487,MT
2530,Lithium ores,China,2021,3,Import,2927.9006715877717,18498.93680572464,MT
2530,Lithium ores,Argentina,2021,3,Import,3958.9905207080183,13299.067779852712,MT
2530,Lithium ores,Zimbabwe,2021,3,Import,2863.962741284237,18570.344614718786,MT
2530,Lithium ores,Australia,2021,3,Export,3317.492261168593,12779.546731781838,MT
2530,Lithium ores,Chile,2021,3,Export,1038.8054341006464,45993.715247096414,MT
2530,Lithium ores,China,2021,3,Export,598.8380464527309,25791.937479011653,MT
2530,Lithium ores,Argentina,2021,3,Export,1182.1786365187438,2907.568202957705,MT
2530,Lithium ores,Zimbabwe,2021,3,Export,276.4922096279893,9585.86683318554,MT
2508,Graphite ores,China,2021,3,Import,4347.174737079401,14841.458454874306,MT
2508,Graphite ores,Madagascar,2021,3,Import,4757.249935818949,29499.492356470484,MT
2508,Graphite ores,Mozambique,2021,3,Import,2239.409529866954,29424.352898803274,MT
2508,Graphite ores,Sri Lanka,2021,3,Import,2631.822087608712,38180.03643410893,MT
2508,Graphite ores,Canada,2021,3,Import,1484.2307232669762,18299.469188414816,MT
2508,Graphite ores,China,2021,3,Export,4481.062082412928,47376.36914436987,MT
2508,Graphite ores,Madagascar,2021,3,Export,4473.535314683725,21552.951703908366,MT
2508,Graphite ores,Mozambique,2021,3,Export,3923.79096473372,24340.45093175384,MT
2508,Graphite ores,Sri Lanka,2021,3,Export,2537.945275515901,11029.325343806913,MT
2508,Graphite ores,Canada,2021,3,Export,2996.5384859667306,10120.658989914049,MT
2603,Copper ores,Chile,2021,4,Import,1724.6670254292494,42896.47987937682,MT
2603,Copper ores,Australia,2021,4,Import,1114.6714651331906,4486.755973498208,MT
2603,Copper ores,Indonesia,2021,4,Import,438.1372038027999,47098.441504652284,MT
2603,Copper ores,Peru,2021,4,Import,2583.9101460129896,21061.1915190339,MT
2603,Copper ores,USA,2021,4,Import,4073.3050469388004,41955.47046761528,MT
2603,Copper ores,Chile,2021,4,Export,1727.7360622664626,34987.284816215964,MT
2603,Copper ores,Australia,2021,4,Export,3878.5017976742442,33077.883656431775,MT
2603,Copper ores,Indonesia,2021,4,Export,842.8158665204869,43918.271092335795,MT
2603,Copper ores,Peru,2021,4,Export,2741.5633084064425,14841.14889213018,MT
2603,Copper ores,USA,2021,4,Export,2183.6181086447,2840.9834295464616,MT
2530,Lithium ores,Australia,2021,4,Import,726.5473259898461,38511.79077527718,MT
2530,Lithium ores,Chile,2021,4,Import,100.05701030129408,21411.725595632317,MT
2530,Lithium ores,China,2021,4,Import,2660.2998873193833,3677.0865800476427,MT
2530,Lithium ores,Argentina,2021,4,Import,4868.082998564431,12080.141231233925,MT
2530,Lithium ores,Zimbabwe,2021,4,Import,1590.5737262177763,15893.183100496339,MT
2530,Lithium ores,Australia,2021,4,Export,1229.0416443750146,1072.2172822292594,MT
2530,Lithium ores,Chile,2021,4,Export,3673.789491031182,48375.429490164985,MT
2530,Lithium ores,China,2021,4,Export,1199.0380680967207,33489.3123983677,MT
2530,Lithium ores,Argentina,2021,4,Export,3735.292002097704,42572.84357543571,MT
2530,Lithium ores,Zimbabwe,2021,4,Export,2170.8830653666846,15843.614376381032,MT
2508,Graphite ores,China,2021,4,Import,1693.9461567128524,35918.44532182713,MT
2508,Graphite ores,Madagascar,2021,4,Import,4102.219385877617,9899.08442007353,MT
2508,Graphite ores,Mozambique,2021,4,Import,1917.6109399730494,45195.06964070835,MT
2508,Graphite ores,Sri Lanka,2021,4,Import,4052.7982465042223,49258.06173536131,MT
2508,Graphite ores,Canada,2021,4,Import,3795.816472442196,20266.56485036819,MT
2508,Graphite ores,China,2021,4,Export,2994.125386573725,33389.6984581187,MT
2508,Graphite ores,Madagascar,2021,4,Export,484.43349995390736,27680.35099608939,MT
2508,Graphite ores,Mozambique,2021,4,Export,3575.6720595157867,9198.74389605196,MT
2508,Graphite ores,Sri Lanka,2021,4,Export,3925.09541538523,29604.86624519147,MT
2508,Graphite ores,Canada,2021,4,Export,4765.886749918213,3078.6926121376932,MT
2603,Copper ores,Chile,2021,5,Import,1400.098074021788,30476.14008569138,MT
2603,Copper ores,Australia,2021,5,Import,1553.1435698090604,36006.78403949087,MT
2603,Copper ores,Indonesia,2021,5,Import,3819.125884357462,6023.282239257248,MT
2603,Copper ores,Peru,2021,5,Import,2617.886874613162,25935.637223961738,MT
2603,Copper ores,USA,2021,5,Import,1909.4757740561513,46713.318265913935,MT
2603,Copper ores,Chile,2021,5,Export,4154.780967378783,35163.2597135722,MT
2603,Copper ores,Australia,2021,5,Export,3600.200515101488,23624.091046842837,MT
2603,Copper ores,Indonesia,2021,5,Export,4612.873153373222,35035.17593541098,MT
2603,Copper ores,Peru,2021,5,Export,3672.0072021135006,43222.85428557992,MT
2603,Copper ores,USA,2021,5,Export,1442.950787776736,40546.474289468446,MT
2530,Lithium ores,Australia,2021,5,Import,1056.678954486811,17921.755659999504,MT
2530,Lithium ores,Chile,2021,5,Import,1744.4912259222292,48947.74795106789,MT
2530,Lithium ores,China,2021,5,Import,4297.032396364842,35357.32321792273,MT
2530,Lithium ores,Argentina,2021,5,Import,3662.5781319154116,28541.566925725983,MT
2530,Lithium ores,Zimbabwe,2021,5,Import,4740.744268831743,25316.678891235715,MT
2530,Lithium ores,Australia,2021,5,Export,1964.5367783624831,8988.731509647958,MT
2530,Lithium ores,Chile,2021,5,Export,3952.407696079184,36987.75267170398,MT
2530,Lithium ores,China,2021,5,Export,1983.3396887682609,2234.477284002239,MT
2530,Lithium ores,Argentina,2021,5,Export,4211.0869058182525,1559.481189249608,MT
2530,Lithium ores,Zimbabwe,2021,5,Export,3548.1289201823497,48542.598376576796,MT
2508,Graphite ores,China,2021,5,Import,2244.540507926197,12513.696844801685,MT
2508,Graphite ores,Madagascar,2021,5,Import,3553.8679492125702,41039.27895876367,MT
2508,Graphite ores,Mozambique,2021,5,Import,2777.5085487814517,48384.72848755116,MT
2508,Graphite ores,Sri Lanka,2021,5,Import,353.1767361240094,25734.98431692188,MT
2508,Graphite ores,Canada,2021,5,Import,3620.4243418804954,43269.38308630977,MT
2508,Graphite ores,China,2021,5,Export,978.3524983481713,40200.17060642039,MT
2508,Graphite ores,Madagascar,2021,5,Export,2808.264671020872,20431.130417508197,MT
2508,Graphite ores,Mozambique,2021,5,Export,745.4036400375585,43399.49218653671,MT
2508,Graphite ores,Sri Lanka,2021,5,Export,870.6387200806053,16179.605101245863,MT
2508,Graphite ores,Canada,2021,5,Export,1521.2231066159407,43699.28767535186,MT
2603,Copper ores,Chile,2021,6,Import,3396.2446716236004,40037.38846237725,MT
2603,Copper ores,Australia,2021,6,Import,1327.292704083245,31618.830880742946,MT
2603,Copper ores,Indonesia,2021,6,Import,2901.5553174043685,41808.68846262529,MT
2603,Copper ores,Peru,2021,6,Import,4539.826596358176,1595.6818023919536,MT
2603,Copper ores,USA,2021,6,Import,3402.697603388084,3539.954156866722,MT
2603,Copper ores,Chile,2021,6,Export,2789.407458879044,15094.003723140231,MT
2603,Copper ores,Australia,2021,6,Export,1603.205337658492,18294.96666916547,MT
2603,Copper ores,Indonesia,2021,6,Export,3144.3330003430897,17368.44831776969,MT
2603,Copper ores,Peru,2021,6,Export,3690.225347892374,20821.841893119614,MT
2603,Copper ores,USA,2021,6,Export,434.9306815187972,39404.232281721255,MT
2530,Lithium ores,Australia,2021,6,Import,1500.2157905042595,22205.57710036387,MT
2530,Lithium ores,Chile,2021,6,Import,3458.6750277873175,17290.35170028689,MT
2530,Lithium ores,China,2021,6,Import,377.26971511890656,19322.131303627866,MT
2530,Lithium ores,Argentina,2021,6,Import,4727.798055202087,32444.98546762935,MT
2530,Lithium ores,Zimbabwe,2021,6,Import,3390.247828469314,31981.825528244353,MT
2530,Lithium ores,Australia,2021,6,Export,1075.0614809012404,21498.359341011725,MT
2530,Lithium ores,Chile,2021,6,Export,3779.6050119802594,5967.271980104798,MT
2530,Lithium ores,China,2021,6,Export,1461.4786028395902,14539.636314826826,MT
2530,Lithium ores,Argentina,2021,6,Export,2216.8927452130793,49038.06830616707,MT
2530,Lithium ores,Zimbabwe,2021,6,Export,430.7624787507275,26416.348724649157,MT
2508,Graphite ores,China,2021,6,Import,978.8869418598313,48563.15072507746,MT
2508,Graphite ores,Madagascar,2021,6,Import,655.1871731645746,20776.449115717973,MT
2508,Graphite ores,Mozambique,2021,6,Import,3715.6364256895704,35523.16697334482,MT
2508,Graphite ores,Sri Lanka,2021,6,Import,2171.3703207802682,17979.684229683193,MT
2508,Graphite ores,Canada,2021,6,Import,2048.300654909066,13949.536894773324,MT
2508,Graphite ores,China,2021,6,Export,1106.131399663319,24668.94518038561,MT
2508,Graphite ores,Madagascar,2021,6,Export,1415.815404731276,15085.621579965256,MT
2508,Graphite ores,Mozambique,2021,6,Export,3318.1047110253294,48458.329253294716,MT
2508,Graphite ores,Sri Lanka,2021,6,Export,3057.822282740938,4771.993886183347,MT
2508,Graphite ores,Canada,2021,6,Export,470.3597078849282,47619.73782143273,MT
2603,Copper ores,Chile,2021,7,Import,1556.7248725059349,5511.282318041296,MT
2603,Copper ores,Australia,2021,7,Import,3035.31847703687,31558.79013622304,MT
2603,Copper ores,Indonesia,2021,7,Import,3277.673618581572,14102.699365019524,MT
2603,Copper ores,Peru,2021,7,Import,174.04235265092768,48285.75310326912,MT
2603,Copper ores,USA,2021,7,Import,1329.3759238864022,34125.288114574825,MT
2603,Copper ores,Chile,2021,7,Export,3562.486362405677,30890.3634368948,MT
2603,Copper ores,Australia,2021,7,Export,1633.2462316468764,14283.716434439222,MT
2603,Copper ores,Indonesia,2021,7,Export,3028.574585243245,43438.686046972885,MT
2603,Copper ores,Peru,2021,7,Export,4738.995271724639,6189.384415784124,MT
2603,Copper ores,USA,2021,7,Export,858.6602017288272,47292.076680370905,MT
2530,Lithium ores,Australia,2021,7,Import,3709.0226188404836,44266.69741665888,MT
2530,Lithium ores,Chile,2021,7,Import,1092.8999072631814,29791.707684360692,MT
2530,Lithium ores,China,2021,7,Import,3535.584012645621,34325.48238690166,MT
2530,Lithium ores,Argentina,2021,7,Import,2099.943285246821,1754.3496928741154,MT
2530,Lithium ores,Zimbabwe,2021,7,Import,2956.3376783408894,13401.975419800829,MT
2530,Lithium ores,Australia,2021,7,Export,2306.2458061001626,47921.46973910705,MT
2530,Lithium ores,Chile,2021,7,Export,2055.27305644793,42150.278726556906,MT
2530,Lithium ores,China,2021,7,Export,1023.8489681713305,33950.56440322641,MT
2530,Lithium ores,Argentina,2021,7,Export,4887.334076750823,5992.761942773903,MT
2530,Lithium ores,Zimbabwe,2021,7,Export,140.76771691324086,22245.5568389981,MT
2508,Graphite ores,China,2021,7,Import,553.8648669516992,37670.83313413533,MT
2508,Graphite ores,Madagascar,2021,7,Import,4581.288452857939,22267.027662729182,MT
2508,Graphite ores,Mozambique,2021,7,Import,1367.6870465616607,22285.76263132388,MT
2508,Graphite ores,Sri Lanka,2021,7,Import,3644.894307465005,1443.6539174381778,MT
2508,Graphite ores,Canada,2021,7,Import,2988.3245484750164,31051.292559481575,MT
2508,Graphite ores,China,2021,7,Export,3224.672409790084,12859.081919062983,MT
2508,Graphite ores,Madagascar,2021,7,Export,3598.858344552821,5478.182830257044,MT
2508,Graphite ores,Mozambique,2021,7,Export,1076.424648687324,43996.03228606961,MT
2508,Graphite ores,Sri Lanka,2021,7,Export,3719.743438560175,1673.5321465559173,MT
2508,Graphite ores,Canada,2021,7,Export,1317.043675812021,11505.917666665064,MT
2603,Copper ores,Chile,2021,8,Import,1426.9510073811657,13130.428743714434,MT
2603,Copper ores,Australia,2021,8,Import,406.3788491399441,23488.085313244195,MT
2603,Copper ores,Indonesia,2021,8,Import,3690.3940264522093,30729.854511154383,MT
2603,Copper ores,Peru,2021,8,Import,3397.071176130591,4976.309748275718,MT
2603,Copper ores,USA,2021,8,Import,4762.304479866258,42086.09985830822,MT
2603,Copper ores,Chile,2021,8,Export,4044.9425606287473,41326.20644704661,MT
2603,Copper ores,Australia,2021,8,Export,4670.28148985053,27668.444339571186,MT
2603,Copper ores,Indonesia,2021,8,Export,1081.3818875513668,31222.396784774515,MT
2603,Copper ores,Peru,2021,8,Export,3740.119318972901,37157.95227434725,MT
2603,Copper ores,USA,2021,8,Export,2655.1002184177123,4354.477247345325,MT
2530,Lithium ores,Australia,2021,8,Import,1918.4533983076265,46117.56381470451,MT
2530,Lithium ores,Chile,2021,8,Import,2963.7996578113875,27378.26521952996,MT
2530,Lithium ores,China,2021,8,Import,1417.3822204727483,19053.997075912368,MT
2530,Lithium ores,Argentina,2021,8,Import,4487.195836850529,33656.68932881495,MT
2530,Lithium ores,Zimbabwe,2021,8,Import,3958.196431086431,23262.925730315103,MT
2530,Lithium ores,Australia,2021,8,Export,3188.2113753351737,13170.79682841717,MT
2530,Lithium ores,Chile,2021,8,Export,3556.758068389083,21952.46535146353,MT
2530,Lithium ores,China,2021,8,Export,2268.4730225922535,32816.7939042672,MT
2530,Lithium ores,Argentina,2021,8,Export,4687.775045197741,4136.310983822425,MT
2530,Lithium ores,Zimbabwe,2021,8,Export,4141.241863000338,15326.772410197462,MT
2508,Graphite ores,China,2021,8,Import,2275.205327081251,2073.7531099754387,MT
2508,Graphite ores,Madagascar,2021,8,Import,1575.1257813881339,25628.930888876395,MT
2508,Graphite ores,Mozambique,2021,8,Import,375.26277900245117,25063.69073977509,MT
2508,Graphite ores,Sri Lanka,2021,8,Import,4642.842081406294,6164.267687282456,MT
2508,Graphite ores,Canada,2021,8,Import,3845.7595675699713,21073.881615423637,MT
2508,Graphite ores,China,2021,8,Export,3310.3512011692565,13751.593301276238,MT
2508,Graphite ores,Madagascar,2021,8,Export,881.5120864526556,8862.668099290095,MT
2508,Graphite ores,Mozambique,2021,8,Export,445.4105336514088,10096.688540160909,MT
2508,Graphite ores,Sri Lanka,2021,8,Export,3354.6749864459443,44202.8399803319,MT
2508,Graphite ores,Canada,2021,8,Export,4089.215859396693,34571.58118384972,MT
2603,Copper ores,Chile,2021,9,Import,641.1161307144031,15170.184868501541,MT
2603,Copper ores,Australia,2021,9,Import,1618.053689080098,13247.89037348344,MT
2603,Copper ores,Indonesia,2021,9,Import,2623.5277325776433,27242.136929103955,MT
2603,Copper ores,Peru,2021,9,Import,1848.74127833844,18335.668778085364,MT
2603,Copper ores,USA,2021,9,Import,4159.922429739799,39675.3495676646,MT
2603,Copper ores,Chile,2021,9,Export,1608.1995752356536,45775.633749789704,MT
2603,Copper ores,Australia,2021,9,Export,4768.793583312279,17010.384559472,MT
2603,Copper ores,Indonesia,2021,9,Export,1836.6822490859688,25776.073517675984,MT
2603,Copper ores,Peru,2021,9,Export,4711.491981415,43939.652223973266,MT
2603,Copper ores,USA,2021,9,Export,602.58301665959,20243.806420299396,MT
2530,Lithium ores,Australia,2021,9,Import,2811.518829773882,25653.491155025462,MT
2530,Lithium ores,Chile,2021,9,Import,1049.9290328907741,43082.02178723958,MT
2530,Lithium ores,China,2021,9,Import,3417.009836684503,42057.510367738374,MT
2530,Lithium ores,Argentina,2021,9,Import,4307.944968812414,37669.43682962125,MT
2530,Lithium ores,Zimbabwe,2021,9,Import,2252.131946123615,30916.790995755804,MT
2530,Lithium ores,Australia,2021,9,Export,885.7904899867415,34008.62545627048,MT
2530,Lithium ores,Chile,2021,9,Export,978.3409531224756,35003.529934997685,MT
2530,Lithium ores,China,2021,9,Export,1225.0309876944464,6760.013707360778,MT
2530,Lithium ores,Argentina,2021,9,Export,909.8940017004915,1097.614625734443,MT
2530,Lithium ores,Zimbabwe,2021,9,Export,3621.824127482298,36887.651403860575,MT
2508,Graphite ores,China,2021,9,Import,2623.1734145749715,8906.7772517138,MT
2508,Graphite ores,Madagascar,2021,9,Import,509.41625380237974,1937.3193554270633,MT
2508,Graphite ores,Mozambique,2021,9,Import,912.1660671295815,44651.92121417419,MT
2508,Graphite ores,Sri Lanka,2021,9,Import,1283.5305243382406,18359.295033643568,MT
2508,Graphite ores,Canada,2021,9,Import,616.1928739585326,11895.703932660344,MT
2508,Graphite ores,China,2021,9,Export,2644.200396823005,30779.881471686975,MT
2508,Graphite ores,Madagascar,2021,9,Export,1302.2263394144343,3828.875802030743,MT
2508,Graphite ores,Mozambique,2021,9,Export,2016.0610587242534,12475.965175390373,MT
2508,Graphite ores,Sri Lanka,2021,9,Export,1175.8142238260295,48033.27733295931,MT
2508,Graphite ores,Canada,2021,9,Export,3119.872381036048,28287.043715432697,MT
2603,Copper ores,Chile,2021,10,Import,2137.2980072642777,22018.27233807707,MT
2603,Copper ores,Australia,2021,10,Import,2750.434518806596,35125.06054476926,MT
2603,Copper ores,Indonesia,2021,10,Import,3540.5158712909642,9413.001477567028,MT
2603,Copper ores,Peru,2021,10,Import,2550.552485175472,21185.946656670996,MT
2603,Copper ores,USA,2021,10,Import,4365.582134719983,31939.527139700444,MT
2603,Copper ores,Chile,2021,10,Export,2709.269925438311,6654.337466766951,MT
2603,Copper ores,Australia,2021,10,Export,3067.6256576847163,6742.991378331438,MT
2603,Copper ores,Indonesia,2021,10,Export,1752.3122202721852,7999.256275902261,MT
2603,Copper ores,Peru,2021,10,Export,3491.1608704194077,11106.353577971478,MT
2603,Copper ores,USA,2021,10,Export,2020.1109286213273,44888.064103320154,MT
2530,Lithium ores,Australia,2021,10,Import,1101.1502786549545,25882.448133980175,MT
2530,Lithium ores,Chile,2021,10,Import,2154.431139713508,1888.078011240757,MT
2530,Lithium ores,China,2021,10,Import,3984.5147565067828,4383.249409415386,MT
2530,Lithium ores,Argentina,2021,10,Import,2423.849602787073,28473.236452008547,MT
2530,Lithium ores,Zimbabwe,2021,10,Import,3179.2896374114766,34742.94983608591,MT
2530,Lithium ores,Australia,2021,10,Export,1341.0346792613038,1488.9600562640194,MT
2530,Lithium ores,Chile,2021,10,Export,3644.8739455390687,27247.173368031352,MT
2530,Lithium ores,China,2021,10,Export,4196.9767457155185,41248.02978213402,MT
2530,Lithium ores,Argentina,2021,10,Export,4232.298222160627,24769.63833899747,MT
2530,Lithium ores,Zimbabwe,2021,10,Export,1734.7791396006417,39786.35192697713,MT
2508,Graphite ores,China,2021,10,Import,2311.3411538433493,9988.667623768291,MT
2508,Graphite ores,Madagascar,2021,10,Import,4289.372695851224,44245.43396184502,MT
2508,Graphite ores,Mozambique,2021,10,Import,2384.9178050868336,4709.286638179587,MT
2508,Graphite ores,Sri Lanka,2021,10,Import,2000.3478405929632,40373.34531366757,MT
2508,Graphite ores,Canada,2021,10,Import,4518.69273987652,10970.164382382196,MT
2508,Graphite ores,China,2021,10,Export,428.17069892383046,43990.17220350909,MT
2508,Graphite ores,Madagascar,2021,10,Export,2008.084200996489,27546.2872491106,MT
2508,Graphite ores,Mozambique,2021,10,Export,4843.522479048719,4261.67166779692,MT
2508,Graphite ores,Sri Lanka,2021,10,Export,3276.7582365152684,4631.165706168487,MT
2508,Graphite ores,Canada,2021,10,Export,1939.797749485852,40386.91271447889,MT
2603,Copper ores,Chile,2021,11,Import,2224.0139405026084,49861.93534124457,MT
2603,Copper ores,Australia,2021,11,Import,2839.390496238351,16736.94547916172,MT
2603,Copper ores,Indonesia,2021,11,Import,1178.5454969332905,18175.50618002193,MT
2603,Copper ores,Peru,2021,11,Import,1925.4130414217989,4366.9702084740875,MT
2603,Copper ores,USA,2021,11,Import,1910.9135771911886,23747.687467222022,MT
2603,Copper ores,Chile,2021,11,Export,3641.414985970143,33179.74475135879,MT
2603,Copper ores,Australia,2021,11,Export,3572.951710622856,1409.820411965998,MT
2603,Copper ores,Indonesia,2021,11,Export,1166.5702579446265,33422.53013159297,MT
2603,Copper ores,Peru,2021,11,Export,2471.547904080761,1260.3603077489513,MT
2603,Copper ores,USA,2021,11,Export,4042.0237479159296,38867.66909122653,MT
2530,Lithium ores,Australia,2021,11,Import,2787.2538986684567,4256.7029630373345,MT
2530,Lithium ores,Chile,2021,11,Import,3855.9237427096646,29601.965798836834,MT
2530,Lithium ores,China,2021,11,Import,3931.6038880739998,37835.60262739618,MT
2530,Lithium ores,Argentina,2021,11,Import,4034.7101525934017,26382.395253826617,MT
2530,Lithium ores,Zimbabwe,2021,11,Import,787.5901391482234,33886.71619560474,MT
2530,Lithium ores,Australia,2021,11,Export,3140.321546754656,37370.40617275527,MT
2530,Lithium ores,Chile,2021,11,Export,932.416929648603,10553.784795114172,MT
2530,Lithium ores,China,2021,11,Export,4463.006634374709,37748.912124151466,MT
2530,Lithium ores,Argentina,2021,11,Export,4550.319594631582,38177.050737032114,MT
2530,Lithium ores,Zimbabwe,2021,11,Export,3026.060999352479,33052.50411436581,MT
2508,Graphite ores,China,2021,11,Import,4456.726827306049,29361.530971085085,MT
2508,Graphite ores,Madagascar,2021,11,Import,3198.7174892090984,8667.359084176427,MT
2508,Graphite ores,Mozambique,2021,11,Import,2422.2139785689033,36103.45848594685,MT
2508,Graphite ores,Sri Lanka,2021,11,Import,1427.6192217501905,10910.454845702212,MT
2508,Graphite ores,Canada,2021,11,Import,1637.7513602996362,12833.530771648839,MT
2508,Graphite ores,China,2021,11,Export,1153.0719214783396,21817.69130053626,MT
2508,Graphite ores,Madagascar,2021,11,Export,4548.408718029317,25845.922690197196,MT
2508,Graphite ores,Mozambique,2021,11,Export,1020.8098659950829,4771.611799662829,MT
2508,Graphite ores,Sri Lanka,2021,11,Export,3511.1651111758338,19757.139457383004,MT
2508,Graphite ores,Canada,2021,11,Export,4126.97163826826,33316.027663397734,MT
2603,Copper ores,Chile,2021,12,Import,4001.5831076527056,14325.35593150399,MT
2603,Copper ores,Australia,2021,12,Import,3492.558720059185,13939.03724999222,MT
2603,Copper ores,Indonesia,2021,12,Import,4701.435549306429,32182.339795135344,MT
2603,Copper ores,Peru,2021,12,Import,1690.1078208591762,14206.081252321359,MT
2603,Copper ores,USA,2021,12,Import,1035.5402668510533,35037.40698579266,MT
2603,Copper ores,Chile,2021,12,Export,1171.7065036898437,30169.860030446966,MT
2603,Copper ores,Australia,2021,12,Export,1396.711631934251,33436.478294899556,MT
2603,Copper ores,Indonesia,2021,12,Export,4093.204669848642,39123.236914088004,MT
2603,Copper ores,Peru,2021,12,Export,3828.1715215608306,10198.397878920352,MT
2603,Copper ores,USA,2021,12,Export,533.0862402241416,35248.49259588189,MT
2530,Lithium ores,Australia,2021,12,Import,1904.9013475923214,22184.965093764018,MT
2530,Lithium ores,Chile,2021,12,Import,252.6305546876162,13719.24601447741,MT
2530,Lithium ores,China,2021,12,Import,265.0143789848737,44080.102857461134,MT
2530,Lithium ores,Argentina,2021,12,Import,1292.6437477707993,28309.521309077394,MT
2530,Lithium ores,Zimbabwe,2021,12,Import,290.998671239539,33675.522173977246,MT
2530,Lithium ores,Australia,2021,12,Export,1682.8339941950599,44998.04016092562,MT
2530,Lithium ores,Chile,2021,12,Export,4451.779125776776,16939.240299725643,MT
2530,Lithium ores,China,2021,12,Export,4514.708388883293,49811.72600144016,MT
2530,Lithium ores,Argentina,2021,12,Export,4144.536754207345,42398.69604000622,MT
2530,Lithium ores,Zimbabwe,2021,12,Export,1320.1428069345407,29258.41754403006,MT
2508,Graphite ores,China,2021,12,Import,429.55397844010247,5650.978904261816,MT
2508,Graphite ores,Madagascar,2021,12,Import,4994.573798963124,17005.323221869636,MT
2508,Graphite ores,Mozambique,2021,12,Import,3766.101169039347,40526.58759831401,MT
2508,Graphite ores,Sri Lanka,2021,12,Import,4304.314027935423,49883.78657270567,MT
2508,Graphite ores,Canada,2021,12,Import,1283.3327777586524,2977.1905161252853,MT
2508,Graphite ores,China,2021,12,Export,2114.8384381734713,7373.952821618401,MT
2508,Graphite ores,Madagascar,2021,12,Export,209.8868568940701,18660.91452993282,MT
2508,Graphite ores,Mozambique,2021,12,Export,3940.3174302686584,28742.853870028473,MT
2508,Graphite ores,Sri Lanka,2021,12,Export,1632.612147130735,33062.75826914326,MT
2508,Graphite ores,Canada,2021,12,Export,1236.8890835131724,1704.6908575321663,MT
2603,Copper ores,Chile,2022,1,Import,3845.331593538494,31563.411158336447,MT
2603,Copper ores,Australia,2022,1,Import,3835.282860054704,2907.962817695615,MT
2603,Copper ores,Indonesia,2022,1,Import,4201.886176370196,31356.783801778864,MT
2603,Copper ores,Peru,2022,1,Import,2860.6372184919364,31606.088357612047,MT
2603,Copper ores,USA,2022,1,Import,4335.722909654984,29759.888821386445,MT
2603,Copper ores,Chile,2022,1,Export,2946.656861452079,49543.27869622252,MT
2603,Copper ores,Australia,2022,1,Export,3807.977818635983,22672.396467105627,MT
2603,Copper ores,Indonesia,2022,1,Export,3566.2453001613458,20072.293112897634,MT
2603,Copper ores,Peru,2022,1,Export,1221.489766169145,30245.741967500213,MT
2603,Copper ores,USA,2022,1,Export,4648.092280758362,46527.83648075767,MT
2530,Lithium ores,Australia,2022,1,Import,1775.3358627169025,26856.195844863054,MT
2530,Lithium ores,Chile,2022,1,Import,1137.01590299232,49785.92436544529,MT
2530,Lithium ores,China,2022,1,Import,4907.477748552885,32825.93755566492,MT
2530,Lithium ores,Argentina,2022,1,Import,4041.6288924196197,36039.9079029013,MT
2530,Lithium ores,Zimbabwe,2022,1,Import,3006.4752732933944,3614.051852455987,MT
2530,Lithium ores,Australia,2022,1,Export,2328.3452785080394,34064.52880620312,MT
2530,Lithium ores,Chile,2022,1,Export,3419.9049080300547,19283.008302696795,MT
2530,Lithium ores,China,2022,1,Export,4714.29073462435,9200.49457960227,MT
2530,Lithium ores,Argentina,2022,1,Export,2551.761286456247,34853.31485099032,MT
2530,Lithium ores,Zimbabwe,2022,1,Export,3515.965448869865,32783.30888167196,MT
2508,Graphite ores,China,2022,1,Import,1448.9122459141147,8654.121865644476,MT
2508,Graphite ores,Madagascar,2022,1,Import,3216.107601450883,30365.80369083245,MT
2508,Graphite ores,Mozambique,2022,1,Import,978.8444504172808,35551.818132957604,MT
2508,Graphite ores,Sri Lanka,2022,1,Import,2330.342759494916,33720.2689885545,MT
2508,Graphite ores,Canada,2022,1,Import,4203.098690873739,9316.693000269235,MT
2508,Graphite ores,China,2022,1,Export,193.80985318449973,39176.026733393555,MT
2508,Graphite ores,Madagascar,2022,1,Export,3087.517383247818,35282.33891148397,MT
2508,Graphite ores,Mozambique,2022,1,Export,4206.959377444348,40337.735806400524,MT
2508,Graphite ores,Sri Lanka,2022,1,Export,4808.508719951241,27260.818863753793,MT
2508,Graphite ores,Canada,2022,1,Export,2493.6286000335363,20692.472794645775,MT
2603,Copper ores,Chile,2022,2,Import,853.0861099366023,29057.7544112191,MT
2603,Copper ores,Australia,2022,2,Import,1457.361369197296,46144.0680984358,MT
2603,Copper ores,Indonesia,2022,2,Import,2957.6349409577783,30049.1688448974,MT
2603,Copper ores,Peru,2022,2,Import,1839.130838297349,3547.4782469076667,MT
2603,Copper ores,USA,2022,2,Import,255.54445032764423,21743.422063506678,MT
2603,Copper ores,Chile,2022,2,Export,514.3703526764655,30735.500821466816,MT
2603,Copper ores,Australia,2022,2,Export,4416.767727634321,44262.82600941739,MT
2603,Copper ores,Indonesia,2022,2,Export,3329.3225096479387,11350.35974217362,MT
2603,Copper ores,Peru,2022,2,Export,4328.6844736584735,44418.5783303472,MT
2603,Copper ores,USA,2022,2,Export,1063.6025662694976,37133.87820276318,MT
2530,Lithium ores,Australia,2022,2,Import,1503.9457897429024,40329.37530529355,MT
2530,Lithium ores,Chile,2022,2,Import,4986.465709527653,2471.2742611402477,MT
2530,Lithium ores,China,2022,2,Import,4497.092742375567,31508.896146334246,MT
2530,Lithium ores,Argentina,2022,2,Import,4869.5748339076235,23785.466358794954,MT
2530,Lithium ores,Zimbabwe,2022,2,Import,4252.200859799731,4057.3093613155843,MT
2530,Lithium ores,Australia,2022,2,Export,1742.867345383649,4283.810349809289,MT
2530,Lithium ores,Chile,2022,2,Export,4879.181354047446,41031.721456319996,MT
2530,Lithium ores,China,2022,2,Export,4277.482364105255,46960.296340260815,MT
2530,Lithium ores,Argentina,2022,2,Export,517.0070819869482,19894.282033153337,MT
2530,Lithium ores,Zimbabwe,2022,2,Export,448.07095631561043,11328.861975951402,MT
2508,Graphite ores,China,2022,2,Import,1223.8923074845945,23986.253341331354,MT
2508,Graphite ores,Madagascar,2022,2,Import,1415.9546205228487,5947.927234070294,MT
2508,Graphite ores,Mozambique,2022,2,Import,920.7063365611277,8216.502614052455,MT
2508,Graphite ores,Sri Lanka,2022,2,Import,4868.076309770262,38205.332839005205,MT
2508,Graphite ores,Canada,2022,2,Import,4842.031179820854,22547.283838887517,MT
2508,Graphite ores,China,2022,2,Export,1464.0055601470174,40116.36666325015,MT
2508,Graphite ores,Madagascar,2022,2,Export,1698.6441984016192,15669.785311562066,MT
2508,Graphite ores,Mozambique,2022,2,Export,1239.2793618183728,7354.269932987532,MT
2508,Graphite ores,Sri Lanka,2022,2,Export,1356.6689989821532,18410.6676752205,MT
2508,Graphite ores,Canada,2022,2,Export,3402.571619914079,4065.6772687531275,MT
2603,Copper ores,Chile,2022,3,Import,1131.4840043601805,40642.15837429214,MT
2603,Copper ores,Australia,2022,3,Import,819.9174255604768,17789.612179603555,MT
2603,Copper ores,Indonesia,2022,3,Import,4336.828717104886,8591.340246028689,MT
2603,Copper ores,Peru,2022,3,Import,505.4104945291305,24742.36175892053,MT
2603,Copper ores,USA,2022,3,Import,1581.8556052648282,28607.00985970885,MT
2603,Copper ores,Chile,2022,3,Export,4038.6439633690284,7720.275919484415,MT
2603,Copper ores,Australia,2022,3,Export,2945.425514315996,25769.929259103334,MT
2603,Copper ores,Indonesia,2022,3,Export,805.9860514646779,31575.925790920137,MT
2603,Copper ores,Peru,2022,3,Export,1440.838047517781,24903.88160865661,MT
2603,Copper ores,USA,2022,3,Export,503.1343889576032,23519.61880346753,MT
2530,Lithium ores,Australia,2022,3,Import,1601.6709934098196,41296.67934808236,MT
2530,Lithium ores,Chile,2022,3,Import,379.19576228710457,21511.756470998167,MT
2530,Lithium ores,China,2022,3,Import,2346.313978244046,36525.29773865682,MT
2530,Lithium ores,Argentina,2022,3,Import,2914.0091179420338,33693.40452251487,MT
2530,Lithium ores,Zimbabwe,2022,3,Import,3907.541499693605,43247.94570925125,MT
2530,Lithium ores,Australia,2022,3,Export,1637.9899339401054,27363.112562831244,MT
2530,Lithium ores,Chile,2022,3,Export,4216.52958435208,49483.10541728776,MT
2530,Lithium ores,China,2022,3,Export,4458.6446241144395,19201.895868594464,MT
2530,Lithium ores,Argentina,2022,3,Export,1056.315934371387,24980.234332922846,MT
2530,Lithium ores,Zimbabwe,2022,3,Export,3734.043113996607,25135.884466911582,MT
2508,Graphite ores,China,2022,3,Import,2467.5862302369756,42073.290633008226,MT
2508,Graphite ores,Madagascar,2022,3,Import,1870.8785174292132,43129.93906577064,MT
2508,Graphite ores,Mozambique,2022,3,Import,2093.3435246634454,17083.42217823863,MT
2508,Graphite ores,Sri Lanka,2022,3,Import,2324.550564878525,38359.90097506855,MT
2508,Graphite ores,Canada,2022,3,Import,717.409936533572,10624.541577728853,MT
2508,Graphite ores,China,2022,3,Export,4762.079645749151,9599.089741686512,MT
2508,Graphite ores,Madagascar,2022,3,Export,2881.8638578621676,29386.408866434955,MT
2508,Graphite ores,Mozambique,2022,3,Export,2499.1598640461993,32592.51718026411,MT
2508,Graphite ores,Sri Lanka,2022,3,Export,1226.1509564083303,28080.45112106066,MT
2508,Graphite ores,Canada,2022,3,Export,1923.648950709796,33421.69572183026,MT
2603,Copper ores,Chile,2022,4,Import,791.9953625284323,28972.993425134337,MT
2603,Copper ores,Australia,2022,4,Import,1007.8247413782861,14653.510092636783,MT
2603,Copper ores,Indonesia,2022,4,Import,1171.6780215855579,9959.051213572038,MT
2603,Copper ores,Peru,2022,4,Import,4145.983662647268,14999.670815383626,MT
2603,Copper ores,USA,2022,4,Import,4642.906531135802,48526.39974191435,MT
2603,Copper ores,Chile,2022,4,Export,2899.176302691777,8007.055010620594,MT
2603,Copper ores,Australia,2022,4,Export,1935.2863925599481,40088.880904062484,MT
2603,Copper ores,Indonesia,2022,4,Export,1900.2145706156452,5263.843696836649,MT
2603,Copper ores,Peru,2022,4,Export,2828.2460635481207,42410.921723305706,MT
2603,Copper ores,USA,2022,4,Export,4000.0392970031617,9581.033866387308,MT
2530,Lithium ores,Australia,2022,4,Import,3396.546610621087,11804.708908346709,MT
2530,Lithium ores,Chile,2022,4,Import,1169.2169193056438,43829.516891954074,MT
2530,Lithium ores,China,2022,4,Import,1323.3778684271279,13899.119979382547,MT
2530,Lithium ores,Argentina,2022,4,Import,103.20161473036782,43662.782672150366,MT
2530,Lithium ores,Zimbabwe,2022,4,Import,3983.7145847247602,31739.11781944322,MT
2530,Lithium ores,Australia,2022,4,Export,3776.302243300327,8450.379803800097,MT
2530,Lithium ores,Chile,2022,4,Export,2345.7856134791195,18209.749980090262,MT
2530,Lithium ores,China,2022,4,Export,559.5049786593809,24820.39377553128,MT
2530,Lithium ores,Argentina,2022,4,Export,4611.624286678913,2962.8968334840292,MT
2530,Lithium ores,Zimbabwe,2022,4,Export,1528.15847611959,11169.50587407947,MT
2508,Graphite ores,China,2022,4,Import,1266.918602961912,45513.29304208939,MT
2508,Graphite ores,Madagascar,2022,4,Import,2393.5383657480215,23848.671234051122,MT
2508,Graphite ores,Mozambique,2022,4,Import,3826.820648030883,8570.117996241364,MT
2508,Graphite ores,Sri Lanka,2022,4,Import,2487.600235090249,22069.275491931927,MT
2508,Graphite ores,Canada,2022,4,Import,3024.862383678615,49978.32745927149,MT
2508,Graphite ores,China,2022,4,Export,3870.2995810020307,20495.419447853932,MT
2508,Graphite ores,Madagascar,2022,4,Export,4155.009956142831,9364.709802311529,MT
2508,Graphite ores,Mozambique,2022,4,Export,249.27206291390462,11017.97025074938,MT
2508,Graphite ores,Sri Lanka,2022,4,Export,1768.0166249598724,26018.457115518435,MT
2508,Graphite ores,Canada,2022,4,Export,3114.1327886518793,45619.680143506666,MT
2603,Copper ores,Chile,2022,5,Import,2598.2846467972427,25562.50658666074,MT
2603,Copper ores,Australia,2022,5,Import,346.19074813261244,2710.666080154967,MT
2603,Copper ores,Indonesia,2022,5,Import,2800.683813390223,22470.75204916888,MT
2603,Copper ores,Peru,2022,5,Import,4211.983935403463,8873.299650880414,MT
2603,Copper ores,USA,2022,5,Import,222.36114437354303,23002.899628576168,MT
2603,Copper ores,Chile,2022,5,Export,1263.6449280860618,3431.104293603035,MT
2603,Copper ores,Australia,2022,5,Export,3650.5316055533817,6468.056997905126,MT
2603,Copper ores,Indonesia,2022,5,Export,3080.765550038081,14771.437758177568,MT
2603,Copper ores,Peru,2022,5,Export,950.1306467396079,19607.824623046556,MT
2603,Copper ores,USA,2022,5,Export,4027.084303492473,20212.585268324063,MT
2530,Lithium ores,Australia,2022,5,Import,3778.771281134173,7148.828543158384,MT
2530,Lithium ores,Chile,2022,5,Import,3886.5799563588876,12609.732920425784,MT
2530,Lithium ores,China,2022,5,Import,3419.2263364554765,28723.29618720882,MT
2530,Lithium ores,Argentina,2022,5,Import,4652.809114337268,19978.80338079039,MT
2530,Lithium ores,Zimbabwe,2022,5,Import,424.2094252887582,1938.6187920113923,MT
2530,Lithium ores,Australia,2022,5,Export,4151.60694876649,26712.046245410176,MT
2530,Lithium ores,Chile,2022,5,Export,3898.6958539912516,12486.85440056422,MT
2530,Lithium ores,China,2022,5,Export,1790.9103530148452,2475.089738354628,MT
2530,Lithium ores,Argentina,2022,5,Export,4811.31239041315,33725.52742833986,MT
2530,Lithium ores,Zimbabwe,2022,5,Export,4672.704930020601,14009.323964024545,MT
2508,Graphite ores,China,2022,5,Import,3096.171695005738,34246.498446339254,MT
2508,Graphite ores,Madagascar,2022,5,Import,1655.9935312621833,42557.35251576587,MT
2508,Graphite ores,Mozambique,2022,5,Import,4741.091168211215,44357.90076710421,MT
2508,Graphite ores,Sri Lanka,2022,5,Import,3721.4281821029253,14595.769306522747,MT
2508,Graphite ores,Canada,2022,5,Import,1479.9186063175955,48204.65570185586,MT
2508,Graphite ores,China,2022,5,Export,150.39403008489094,36086.44868886508,MT
2508,Graphite ores,Madagascar,2022,5,Export,3560.6061965207846,31511.787506540077,MT
2508,Graphite ores,Mozambique,2022,5,Export,4951.533345825643,16282.092352422536,MT
2508,Graphite ores,Sri Lanka,2022,5,Export,1765.862132586916,4868.030744381222,MT
2508,Graphite ores,Canada,2022,5,Export,2269.7108690643136,13791.377785507557,MT
2603,Copper ores,Chile,2022,6,Import,1782.5948406704567,41894.01772252576,MT
2603,Copper ores,Australia,2022,6,Import,4683.874116284729,10100.920528254095,MT
2603,Copper ores,Indonesia,2022,6,Import,1925.2937646119829,46502.89754365431,MT
2603,Copper ores,Peru,2022,6,Import,402.8614573771909,5525.665877457547,MT
2603,Copper ores,USA,2022,6,Import,897.6758471105239,30165.428872216864,MT
2603,Copper ores,Chile,2022,6,Export,837.3141279293876,48435.74269108594,MT
2603,Copper ores,Australia,2022,6,Export,2288.9011835667498,25574.380057158152,MT
2603,Copper ores,Indonesia,2022,6,Export,1308.6272174464918,24077.052369301942,MT
2603,Copper ores,Peru,2022,6,Export,3343.3767999213565,37807.679710748096,MT
2603,Copper ores,USA,2022,6,Export,3793.953605278574,29316.664522010327,MT
2530,Lithium ores,Australia,2022,6,Import,4531.3628974699,41052.98451799936,MT
2530,Lithium ores,Chile,2022,6,Import,3809.5357620232644,3724.6705623425705,MT
2530,Lithium ores,China,2022,6,Import,133.70201487628162,11409.916582578175,MT
2530,Lithium ores,Argentina,2022,6,Import,3351.265610175916,21148.676955244744,MT
2530,Lithium ores,Zimbabwe,2022,6,Import,2071.7906705666273,44344.75752325107,MT
2530,Lithium ores,Australia,2022,6,Export,4488.25795584601,45549.5879386257,MT
2530,Lithium ores,Chile,2022,6,Export,1638.0025749236338,34861.73482422383,MT
2530,Lithium ores,China,2022,6,Export,1431.0025882444113,10339.88182064804,MT
2530,Lithium ores,Argentina,2022,6,Export,1004.6990410021092,17763.273422316106,MT
2530,Lithium ores,Zimbabwe,2022,6,Export,2206.792336921126,41716.50938169835,MT
2508,Graphite ores,China,2022,6,Import,687.4663580162893,37011.36652234982,MT
2508,Graphite ores,Madagascar,2022,6,Import,2704.1290795275963,15109.321791123632,MT
2508,Graphite ores,Mozambique,2022,6,Import,2514.8159642108403,15697.16141907411,MT
2508,Graphite ores,Sri Lanka,2022,6,Import,3020.8015806676995,22258.352219906967,MT
2508,Graphite ores,Canada,2022,6,Import,905.5870924865058,6712.57065322914,MT
2508,Graphite ores,China,2022,6,Export,2778.8088421534376,45218.23863101907,MT
2508,Graphite ores,Madagascar,2022,6,Export,1785.392664132659,36917.00525390854,MT
2508,Graphite ores,Mozambique,2022,6,Export,3327.440639204858,46646.19080116457,MT
2508,Graphite ores,Sri Lanka,2022,6,Export,4122.80698476579,28763.657686367686,MT
2508,Graphite ores,Canada,2022,6,Export,3319.4494413471257,45020.93686261771,MT
2603,Copper ores,Chile,2022,7,Import,2057.6420444759806,17012.94058703109,MT
2603,Copper ores,Australia,2022,7,Import,152.97430981246205,41501.002635381745,MT
2603,Copper ores,Indonesia,2022,7,Import,4024.805431976488,6118.271386907418,MT
2603,Copper ores,Peru,2022,7,Import,2926.6011675502314,23735.103210177484,MT
2603,Copper ores,USA,2022,7,Import,681.6745679946462,49047.84312597545,MT
2603,Copper ores,Chile,2022,7,Export,1152.0098485704416,4294.474824437496,MT
2603,Copper ores,Australia,2022,7,Export,3014.752159559357,37204.4671795186,MT
2603,Copper ores,Indonesia,2022,7,Export,258.9728856312161,33277.164297624084,MT
2603,Copper ores,Peru,2022,7,Export,2708.230192162127,6059.985434877372,MT
2603,Copper ores,USA,2022,7,Export,945.3669970371741,28830.740568487945,MT
2530,Lithium ores,Australia,2022,7,Import,1552.152306215113,46977.470703914485,MT
2530,Lithium ores,Chile,2022,7,Import,4111.827124471849,49194.79311916949,MT
2530,Lithium ores,China,2022,7,Import,1372.3871108570286,48516.458007100875,MT
2530,Lithium ores,Argentina,2022,7,Import,2213.0459619786334,18028.420970373976,MT
2530,Lithium ores,Zimbabwe,2022,7,Import,346.7126821498309,3585.4976351205282,MT
2530,Lithium ores,Australia,2022,7,Export,3490.8551541386078,23438.52072726737,MT
2530,Lithium ores,Chile,2022,7,Export,1209.955967576918,31084.5450099364,MT
2530,Lithium ores,China,2022,7,Export,1339.0047794255447,29303.955962876706,MT
2530,Lithium ores,Argentina,2022,7,Export,1860.1228602151828,41354.05910397913,MT
2530,Lithium ores,Zimbabwe,2022,7,Export,4121.411187757219,24390.169507997663,MT
2508,Graphite ores,China,2022,7,Import,1819.0136357415763,18765.430031395634,MT
2508,Graphite ores,Madagascar,2022,7,Import,4048.0011757742677,17080.794657082988,MT
2508,Graphite ores,Mozambique,2022,7,Import,1124.3909311635455,5149.728751890035,MT
2508,Graphite ores,Sri Lanka,2022,7,Import,2386.7962923336013,24624.47284707225,MT
2508,Graphite ores,Canada,2022,7,Import,4220.452680974245,11840.696125857135,MT
2508,Graphite ores,China,2022,7,Export,1966.8572409751596,40611.88120579086,MT
2508,Graphite ores,Madagascar,2022,7,Export,4135.755692669971,19845.94272295964,MT
2508,Graphite ores,Mozambique,2022,7,Export,2349.707714104736,15861.008651614864,MT
2508,Graphite ores,Sri Lanka,2022,7,Export,4669.518904254629,6813.544521337435,MT
2508,Graphite ores,Canada,2022,7,Export,4675.372172707203,34509.45613993182,MT
2603,Copper ores,Chile,2022,8,Import,2704.7035481649827,2600.293978440298,MT
2603,Copper ores,Australia,2022,8,Import,2430.4213399278406,20979.657145133882,MT
2603,Copper ores,Indonesia,2022,8,Import,889.9721786781005,33164.07057153219,MT
2603,Copper ores,Peru,2022,8,Import,4858.6394461046,28547.25174216173,MT
2603,Copper ores,USA,2022,8,Import,3602.2910545753343,4354.072175734822,MT
2603,Copper ores,Chile,2022,8,Export,2146.5682795032744,6701.565773060298,MT
2603,Copper ores,Australia,2022,8,Export,3102.699594128901,46985.62575249357,MT
2603,Copper ores,Indonesia,2022,8,Export,3342.710889111029,4763.349367406655,MT
2603,Copper ores,Peru,2022,8,Export,1837.8644044269058,27982.505592601727,MT
2603,Copper ores,USA,2022,8,Export,2075.718005052936,41848.556513283445,MT
2530,Lithium ores,Australia,2022,8,Import,4091.887923078947,30979.71998505785,MT
2530,Lithium ores,Chile,2022,8,Import,1929.9439311502558,13511.482314398963,MT
2530,Lithium ores,China,2022,8,Import,618.7841592443336,18389.986490841147,MT
2530,Lithium ores,Argentina,2022,8,Import,2124.5453343178256,34115.32333009961,MT
2530,Lithium ores,Zimbabwe,2022,8,Import,3324.98313905811,4435.298842421591,MT
2530,Lithium ores,Australia,2022,8,Export,2036.7706456126732,9907.164493650735,MT
2530,Lithium ores,Chile,2022,8,Export,868.3822560523479,41537.80533712505,MT
2530,Lithium ores,China,2022,8,Export,305.3845619096619,21539.960919203946,MT
2530,Lithium ores,Argentina,2022,8,Export,924.1979132559392,44087.180568245225,MT
2530,Lithium ores,Zimbabwe,2022,8,Export,2829.4985150476723,12337.651182465554,MT
2508,Graphite ores,China,2022,8,Import,2561.8937071152445,36842.83162545267,MT
2508,Graphite ores,Madagascar,2022,8,Import,4794.778243705226,11801.854208025528,MT
2508,Graphite ores,Mozambique,2022,8,Import,4442.290683433791,46780.901594207025,MT
2508,Graphite ores,Sri Lanka,2022,8,Import,4590.460668207124,32135.30348623358,MT
2508,Graphite ores,Canada,2022,8,Import,3186.1212067300676,20757.321026007317,MT
2508,Graphite ores,China,2022,8,Export,3786.7496232885605,27033.406899195663,MT
2508,Graphite ores,Madagascar,2022,8,Export,3419.446549018643,21994.437288590976,MT
2508,Graphite ores,Mozambique,2022,8,Export,3684.3326738113815,41399.10436262291,MT
2508,Graphite ores,Sri Lanka,2022,8,Export,817.537657353799,41813.55606313717,MT
2508,Graphite ores,Canada,2022,8,Export,2747.4530057725055,42388.62954542099,MT
2603,Copper ores,Chile,2022,9,Import,2213.3783610709716,19572.983783768716,MT
2603,Copper ores,Australia,2022,9,Import,4583.79758933439,13307.294109871664,MT
2603,Copper ores,Indonesia,2022,9,Import,4236.640393902101,24717.008052960802,MT
2603,Copper ores,Peru,2022,9,Import,2619.0676685011726,16114.945792984718,MT
2603,Copper ores,USA,2022,9,Import,2907.906783033177,16935.348617534357,MT
2603,Copper ores,Chile,2022,9,Export,292.42012978409633,14327.931661873447,MT
2603,Copper ores,Australia,2022,9,Export,131.25731269229433,48939.38456578598,MT
2603,Copper ores,Indonesia,2022,9,Export,4832.161328116763,20362.609576142946,MT
2603,Copper ores,Peru,2022,9,Export,3669.0171862642655,17944.498822110825,MT
2603,Copper ores,USA,2022,9,Export,3388.356469721283,40466.07210925298,MT
2530,Lithium ores,Australia,2022,9,Import,4739.10559899198,20610.401516633927,MT
2530,Lithium ores,Chile,2022,9,Import,3938.160116484634,14030.49408097382,MT
2530,Lithium ores,China,2022,9,Import,4952.628288588877,2262.710339453206,MT
2530,Lithium ores,Argentina,2022,9,Import,3057.2911518554924,33315.793100915034,MT
2530,Lithium ores,Zimbabwe,2022,9,Import,3471.4232296632313,6898.991360665362,MT
2530,Lithium ores,Australia,2022,9,Export,4698.795939018339,9877.980673454058,MT
2530,Lithium ores,Chile,2022,9,Export,3151.491675875221,11911.127877031164,MT
2530,Lithium ores,China,2022,9,Export,1605.3604434042275,27776.468544678093,MT
2530,Lithium ores,Argentina,2022,9,Export,2144.247750966425,8851.054447848808,MT
2530,Lithium ores,Zimbabwe,2022,9,Export,937.5883718621566,21489.094619977182,MT
2508,Graphite ores,China,2022,9,Import,3810.6865935499536,45000.26769554164,MT
2508,Graphite ores,Madagascar,2022,9,Import,512.2255450709758,20262.09147041065,MT
2508,Graphite ores,Mozambique,2022,9,Import,591.2032622420954,1813.0315509972963,MT
2508,Graphite ores,Sri Lanka,2022,9,Import,3342.4215449553876,30520.022656362802,MT
2508,Graphite ores,Canada,2022,9,Import,898.7936576929424,12456.82882156014,MT
2508,Graphite ores,China,2022,9,Export,216.16799285814005,41912.413079025784,MT
2508,Graphite ores,Madagascar,2022,9,Export,4875.983920637902,7637.517302939849,MT
2508,Graphite ores,Mozambique,2022,9,Export,1234.2285474499608,43552.06667339977,MT
2508,Graphite ores,Sri Lanka,2022,9,Export,4639.672609985306,21561.741757533706,MT
2508,Graphite ores,Canada,2022,9,Export,348.0501141184632,2930.199850948151,MT
2603,Copper ores,Chile,2022,10,Import,2912.3543437381513,20251.860335765774,MT
2603,Copper ores,Australia,2022,10,Import,240.39689513050712,29579.367223315283,MT
2603,Copper ores,Indonesia,2022,10,Import,155.3824292862101,39581.22594931437,MT
2603,Copper ores,Peru,2022,10,Import,1601.5208312465206,2972.642147452373,MT
2603,Copper ores,USA,2022,10,Import,2982.925882817451,20486.53630721968,MT
2603,Copper ores,Chile,2022,10,Export,4871.622025450032,27665.73446268141,MT
2603,Copper ores,Australia,2022,10,Export,1448.6719870813406,35762.504367064765,MT
2603,Copper ores,Indonesia,2022,10,Export,1430.3108124592854,45307.92127897069,MT
2603,Copper ores,Peru,2022,10,Export,1936.1376554861445,27943.559576034055,MT
2603,Copper ores,USA,2022,10,Export,347.8082087387214,21879.940659659307,MT
2530,Lithium ores,Australia,2022,10,Import,4178.581344338875,40476.791462803754,MT
2530,Lithium ores,Chile,2022,10,Import,1199.1609383822786,12077.874479517572,MT
2530,Lithium ores,China,2022,10,Import,4104.79602984486,46589.522588296946,MT
2530,Lithium ores,Argentina,2022,10,Import,567.2685142377175,23052.87333188504,MT
2530,Lithium ores,Zimbabwe,2022,10,Import,1753.525966924722,43663.73431741453,MT
2530,Lithium ores,Australia,2022,10,Export,509.27208193209196,11345.171185343834,MT
2530,Lithium ores,Chile,2022,10,Export,3787.094854173822,3513.3986000795635,MT
2530,Lithium ores,China,2022,10,Export,2513.4233655000176,22663.24469930628,MT
2530,Lithium ores,Argentina,2022,10,Export,1738.5657770448684,20334.043450627265,MT
2530,Lithium ores,Zimbabwe,2022,10,Export,2696.7088759581416,8907.000561030773,MT
2508,Graphite ores,China,2022,10,Import,2902.7798035896044,40466.18413569933,MT
2508,Graphite ores,Madagascar,2022,10,Import,3824.7885559717793,8541.09532999491,MT
2508,Graphite ores,Mozambique,2022,10,Import,831.3224017332221,14140.544019500752,MT
2508,Graphite ores,Sri Lanka,2022,10,Import,1869.2661590710823,21014.323489015645,MT
2508,Graphite ores,Canada,2022,10,Import,3430.5163624833917,3777.341176125935,MT
2508,Graphite ores,China,2022,10,Export,269.8962507077253,20203.61758425154,MT
2508,Graphite ores,Madagascar,2022,10,Export,3516.1020914761043,10478.331804867646,MT
2508,Graphite ores,Mozambique,2022,10,Export,3243.3719581556334,13731.578759074673,MT
2508,Graphite ores,Sri Lanka,2022,10,Export,4441.82193318623,44888.80726906421,MT
2508,Graphite ores,Canada,2022,10,Export,1556.7073009784997,12269.693944198785,MT
2603,Copper ores,Chile,2022,11,Import,2115.389463124533,12786.047673827288,MT
2603,Copper ores,Australia,2022,11,Import,3394.680832129348,41477.16954286599,MT
2603,Copper ores,Indonesia,2022,11,Import,3398.151441464963,41393.171915218125,MT
2603,Copper ores,Peru,2022,11,Import,2045.2615948166233,8659.531564734181,MT
2603,Copper ores,USA,2022,11,Import,3715.9596422482014,18663.25075193614,MT
2603,Copper ores,Chile,2022,11,Export,3389.227043622749,14261.553157106518,MT
2603,Copper ores,Australia,2022,11,Export,498.0252105526961,49636.50797890041,MT
2603,Copper ores,Indonesia,2022,11,Export,865.3873888599364,49432.62870421057,MT
2603,Copper ores,Peru,2022,11,Export,4888.671669575591,39897.087091493944,MT
2603,Copper ores,USA,2022,11,Export,3331.172514201788,29312.54546230315,MT
2530,Lithium ores,Australia,2022,11,Import,4343.8975723513895,15182.536559354909,MT
2530,Lithium ores,Chile,2022,11,Import,2391.6379411758976,31350.108498958594,MT
2530,Lithium ores,China,2022,11,Import,2114.8333317605066,21946.83625042313,MT
2530,Lithium ores,Argentina,2022,11,Import,1718.3948707602135,28647.359017542265,MT
2530,Lithium ores,Zimbabwe,2022,11,Import,4267.815187274068,10874.89052230933,MT
2530,Lithium ores,Australia,2022,11,Export,4678.721889891863,34765.29503366326,MT
2530,Lithium ores,Chile,2022,11,Export,4134.038742132148,28253.34393887057,MT
2530,Lithium ores,China,2022,11,Export,3919.631836977911,1793.8194696338933,MT
2530,Lithium ores,Argentina,2022,11,Export,4110.064081419723,2966.8040951829594,MT
2530,Lithium ores,Zimbabwe,2022,11,Export,4460.575544178027,49606.17461469352,MT
2508,Graphite ores,China,2022,11,Import,1540.9305646662112,11305.60925800389,MT
2508,Graphite ores,Madagascar,2022,11,Import,3850.2804829043994,13398.290705092408,MT
2508,Graphite ores,Mozambique,2022,11,Import,4341.255677543797,6039.287015716359,MT
2508,Graphite ores,Sri Lanka,2022,11,Import,717.1804622588554,48978.42619993016,MT
2508,Graphite ores,Canada,2022,11,Import,3401.810601523023,42497.473997018686,MT
2508,Graphite ores,China,2022,11,Export,1689.2139490224383,34147.703726509615,MT
2508,Graphite ores,Madagascar,2022,11,Export,3011.7849538121263,30554.3558860244,MT
2508,Graphite ores,Mozambique,2022,11,Export,3444.409051734836,29192.59948332583,MT
2508,Graphite ores,Sri Lanka,2022,11,Export,2202.4056095830633,14520.212024646795,MT
2508,Graphite ores,Canada,2022,11,Export,3866.04852147469,12087.349070156124,MT
2603,Copper ores,Chile,2022,12,Import,3492.5361001566293,12433.308309817006,MT
2603,Copper ores,Australia,2022,12,Import,3164.117832776824,37606.83508932242,MT
2603,Copper ores,Indonesia,2022,12,Import,1171.6980556420422,3937.221742204106,MT
2603,Copper ores,Peru,2022,12,Import,741.771340671453,30693.85139628025,MT
2603,Copper ores,USA,2022,12,Import,4262.287390506104,3204.844240535794,MT
2603,Copper ores,Chile,2022,12,Export,3697.3411693040666,17724.613651552554,MT
2603,Copper ores,Australia,2022,12,Export,2444.7890126056604,46514.11794243271,MT
2603,Copper ores,Indonesia,2022,12,Export,1726.6603732056428,23801.509763034817,MT
2603,Copper ores,Peru,2022,12,Export,167.0438323273374,4998.3372802370795,MT
2603,Copper ores,USA,2022,12,Export,1367.0987965604418,2364.759800232646,MT
2530,Lithium ores,Australia,2022,12,Import,3193.73909763643,21893.519483279502,MT
2530,Lithium ores,Chile,2022,12,Import,2785.911493367308,9557.712108920148,MT
2530,Lithium ores,China,2022,12,Import,1550.066944239419,33527.399267783534,MT
2530,Lithium ores,Argentina,2022,12,Import,4829.983345788959,3470.4219065082507,MT
2530,Lithium ores,Zimbabwe,2022,12,Import,4462.883172190804,29267.178864249214,MT
2530,Lithium ores,Australia,2022,12,Export,2863.2058771025563,25513.648225180255,MT
2530,Lithium ores,Chile,2022,12,Export,440.0310209304986,5403.965735071873,MT
2530,Lithium ores,China,2022,12,Export,3044.4688277295218,17706.970000342357,MT
2530,Lithium ores,Argentina,2022,12,Export,4594.613526230635,20922.936330614142,MT
2530,Lithium ores,Zimbabwe,2022,12,Export,802.0791476429413,36021.22284159977,MT
2508,Graphite ores,China,2022,12,Import,1537.4317650609482,26748.045060438766,MT
2508,Graphite ores,Madagascar,2022,12,Import,3519.3806489753333,45112.94144890145,MT
2508,Graphite ores,Mozambique,2022,12,Import,3981.736854528213,34141.692325763484,MT
2508,Graphite ores,Sri Lanka,2022,12,Import,3430.2025937362037,47350.30755757224,MT
2508,Graphite ores,Canada,2022,12,Import,1549.5380777330265,1054.492615613183,MT
2508,Graphite ores,China,2022,12,Export,1432.5773410511736,11676.677601710455,MT
2508,Graphite ores,Madagascar,2022,12,Export,3342.989467058591,32051.868388510924,MT
2508,Graphite ores,Mozambique,2022,12,Export,3007.9607752531465,1795.9287172632312,MT
2508,Graphite ores,Sri Lanka,2022,12,Export,3671.0124668081726,16852.990211789085,MT
2508,Graphite ores,Canada,2022,12,Export,3358.7743461324926,28272.342996605512,MT
2603,Copper ores,Chile,2023,1,Import,1779.381534596745,7594.237088101279,MT
2603,Copper ores,Australia,2023,1,Import,562.6525985363567,41744.39832249896,MT
2603,Copper ores,Indonesia,2023,1,Import,4600.147956199634,32839.61429145068,MT
2603,Copper ores,Peru,2023,1,Import,606.8271628163685,20699.333627523796,MT
2603,Copper ores,USA,2023,1,Import,3671.8020805152705,39211.223316493335,MT
2603,Copper ores,Chile,2023,1,Export,679.2712492263341,1001.5052234237384,MT
2603,Copper ores,Australia,2023,1,Export,3589.4715248149646,18473.212623324074,MT
2603,Copper ores,Indonesia,2023,1,Export,1346.9585249294753,1631.9760196867464,MT
2603,Copper ores,Peru,2023,1,Export,2747.4670931313485,42706.3860358731,MT
2603,Copper ores,USA,2023,1,Export,4792.39506673568,28721.502580051172,MT
2530,Lithium ores,Australia,2023,1,Import,2620.8605059254814,5167.762888972814,MT
2530,Lithium ores,Chile,2023,1,Import,2789.4767275587387,19618.974869304337,MT
2530,Lithium ores,China,2023,1,Import,3074.962876329527,20047.591045950787,MT
2530,Lithium ores,Argentina,2023,1,Import,1277.465704906797,5653.298486190449,MT
2530,Lithium ores,Zimbabwe,2023,1,Import,1643.100378485589,5735.596880099862,MT
2530,Lithium ores,Australia,2023,1,Export,966.7950590375212,49379.47177039775,MT
2530,Lithium ores,Chile,2023,1,Export,2276.107428842431,27061.71655874581,MT
2530,Lithium ores,China,2023,1,Export,4380.730790812355,49782.8761240437,MT
2530,Lithium ores,Argentina,2023,1,Export,2955.3008017889397,40811.21723116441,MT
2530,Lithium ores,Zimbabwe,2023,1,Export,1702.0110192497089,15981.453914917263,MT
2508,Graphite ores,China,2023,1,Import,2073.248232873345,33952.85587100881,MT
2508,Graphite ores,Madagascar,2023,1,Import,3442.739277349984,16446.732297823088,MT
2508,Graphite ores,Mozambique,2023,1,Import,752.7286282694806,31987.41656680992,MT
2508,Graphite ores,Sri Lanka,2023,1,Import,728.7967247249461,29346.132903237172,MT
2508,Graphite ores,Canada,2023,1,Import,3497.768427475914,35329.96332332813,MT
2508,Graphite ores,China,2023,1,Export,3792.013342232024,43770.11165671756,MT
2508,Graphite ores,Madagascar,2023,1,Export,2549.7990606274634,36782.21028694899,MT
2508,Graphite ores,Mozambique,2023,1,Export,3133.9464032926,10145.357050086446,MT
2508,Graphite ores,Sri Lanka,2023,1,Export,225.87925986010003,14942.527898169754,MT
2508,Graphite ores,Canada,2023,1,Export,2270.865161054335,31238.19127700416,MT
2603,Copper ores,Chile,2023,2,Import,4264.800719465707,10616.040118602117,MT
2603,Copper ores,Australia,2023,2,Import,715.1939705025378,48210.51742624205,MT
2603,Copper ores,Indonesia,2023,2,Import,629.4183409443948,24446.06243525227,MT
2603,Copper ores,Peru,2023,2,Import,2969.262271087179,27527.346624464473,MT
2603,Copper ores,USA,2023,2,Import,521.5575694614217,3794.318786177349,MT
2603,Copper ores,Chile,2023,2,Export,616.8687945590748,29693.796509758013,MT
2603,Copper ores,Australia,2023,2,Export,2767.2899494081735,12453.298809800468,MT
2603,Copper ores,Indonesia,2023,2,Export,3225.0932950433985,41183.30760072682,MT
2603,Copper ores,Peru,2023,2,Export,303.73690324830943,25408.36723385408,MT
2603,Copper ores,USA,2023,2,Export,3477.6210193031825,13363.284426414666,MT
2530,Lithium ores,Australia,2023,2,Import,1608.0774359364307,31068.257246479807,MT
2530,Lithium ores,Chile,2023,2,Import,4499.882937874311,40686.29659484207,MT
2530,Lithium ores,China,2023,2,Import,2957.338073587959,36780.86417010521,MT
2530,Lithium ores,Argentina,2023,2,Import,1887.6301040182136,32407.31087683913,MT
2530,Lithium ores,Zimbabwe,2023,2,Import,2384.289796525029,10306.870686420485,MT
2530,Lithium ores,Australia,2023,2,Export,3538.5175419985603,28266.76723009228,MT
2530,Lithium ores,Chile,2023,2,Export,1857.2457515725978,45655.62031385291,MT
2530,Lithium ores,China,2023,2,Export,202.577177350993,16472.884411225306,MT
2530,Lithium ores,Argentina,2023,2,Export,378.7188491104681,38559.83849485973,MT
2530,Lithium ores,Zimbabwe,2023,2,Export,3540.3265251575835,17236.258718079534,MT
2508,Graphite ores,China,2023,2,Import,3410.748220814658,20400.92408360154,MT
2508,Graphite ores,Madagascar,2023,2,Import,3805.643577969928,23254.999474098597,MT
2508,Graphite ores,Mozambique,2023,2,Import,2120.170666375161,46801.765858926745,MT
2508,Graphite ores,Sri Lanka,2023,2,Import,1329.3075894644312,6901.919659831706,MT
2508,Graphite ores,Canada,2023,2,Import,2964.261254971345,48496.768801924765,MT
2508,Graphite ores,China,2023,2,Export,1951.4121472632146,4039.8014178102944,MT
2508,Graphite ores,Madagascar,2023,2,Export,1762.5958098168805,25790.651061658366,MT
2508,Graphite ores,Mozambique,2023,2,Export,893.4227324978472,33247.00868476811,MT
2508,Graphite ores,Sri Lanka,2023,2,Export,4988.972006149983,23135.234323090746,MT
2508,Graphite ores,Canada,2023,2,Export,1838.1699279780419,20634.504174888865,MT
2603,Copper ores,Chile,2023,3,Import,664.2162741364856,44280.40646988497,MT
2603,Copper ores,Australia,2023,3,Import,2132.6457120546247,19976.446159817224,MT
2603,Copper ores,Indonesia,2023,3,Import,3332.4823373593244,22659.63762562505,MT
2603,Copper ores,Peru,2023,3,Import,3276.3439971584457,4010.8682164085876,MT
2603,Copper ores,USA,2023,3,Import,4087.2443842389143,47084.693691090724,MT
2603,Copper ores,Chile,2023,3,Export,3278.950392180991,47773.730514081726,MT
2603,Copper ores,Australia,2023,3,Export,842.0183404128202,24393.39328453733,MT
2603,Copper ores,Indonesia,2023,3,Export,3048.8529963326914,29505.095723638147,MT
2603,Copper ores,Peru,2023,3,Export,2067.162717536312,17566.13605894681,MT
2603,Copper ores,USA,2023,3,Export,721.4377104970521,20195.380077551632,MT
2530,Lithium ores,Australia,2023,3,Import,897.0379940168772,36983.918148118704,MT
2530,Lithium ores,Chile,2023,3,Import,1123.2715839234909,3869.699958942159,MT
2530,Lithium ores,China,2023,3,Import,2806.5940753044483,30166.25690325068,MT
2530,Lithium ores,Argentina,2023,3,Import,4372.374000274477,29272.09900846641,MT
2530,Lithium ores,Zimbabwe,2023,3,Import,1792.856183244884,40347.582194789706,MT
2530,Lithium ores,Australia,2023,3,Export,2747.366576618363,4884.733946928396,MT
2530,Lithium ores,Chile,2023,3,Export,2872.6677455349086,45492.90872566146,MT
2530,Lithium ores,China,2023,3,Export,2041.9318649412808,15519.964293090203,MT
2530,Lithium ores,Argentina,2023,3,Export,803.0003393882982,8420.830574832507,MT
2530,Lithium ores,Zimbabwe,2023,3,Export,2220.5802732749125,30188.31138391495,MT
2508,Graphite ores,China,2023,3,Import,495.0154853310486,47038.86086223312,MT
2508,Graphite ores,Madagascar,2023,3,Import,3800.15472548146,29744.57199589947,MT
2508,Graphite ores,Mozambique,2023,3,Import,4159.349487601055,4929.151083793551,MT
2508,Graphite ores,Sri Lanka,2023,3,Import,2436.5105008923097,31874.563216221508,MT
2508,Graphite ores,Canada,2023,3,Import,4160.399239979617,39390.00844241412,MT
2508,Graphite ores,China,2023,3,Export,1457.6393235956582,47103.12830840101,MT
2508,Graphite ores,Madagascar,2023,3,Export,709.2946230112648,43881.54731243646,MT
2508,Graphite ores,Mozambique,2023,3,Export,4857.6072230626305,9680.522637908653,MT
2508,Graphite ores,Sri Lanka,2023,3,Export,3638.123714598548,2973.9904201219247,MT
2508,Graphite ores,Canada,2023,3,Export,2086.5718431818595,26297.881660686027,MT
2603,Copper ores,Chile,2023,4,Import,2945.161606957207,46860.92516417942,MT
2603,Copper ores,Australia,2023,4,Import,3394.028367741554,24582.619609742615,MT
2603,Copper ores,Indonesia,2023,4,Import,4067.4076777028577,47576.10822676604,MT
2603,Copper ores,Peru,2023,4,Import,208.12412854322514,49143.54234054589,MT
2603,Copper ores,USA,2023,4,Import,522.0474814120337,40904.952184169306,MT
2603,Copper ores,Chile,2023,4,Export,1473.6402875019212,7476.8032299397155,MT
2603,Copper ores,Australia,2023,4,Export,2255.292634597791,32553.872392933063,MT
2603,Copper ores,Indonesia,2023,4,Export,1966.6640406150275,3673.705005852249,MT
2603,Copper ores,Peru,2023,4,Export,3037.359584327711,45217.76052942306,MT
2603,Copper ores,USA,2023,4,Export,1977.7552931415332,11600.306103910525,MT
2530,Lithium ores,Australia,2023,4,Import,2268.6289950707956,3369.772841390263,MT
2530,Lithium ores,Chile,2023,4,Import,4120.389163953347,41490.69973655915,MT
2530,Lithium ores,China,2023,4,Import,2981.202270805179,18302.041557981083,MT
2530,Lithium ores,Argentina,2023,4,Import,4018.9384857843384,28179.664214629993,MT
2530,Lithium ores,Zimbabwe,2023,4,Import,4147.068311895079,31941.48083656801,MT
2530,Lithium ores,Australia,2023,4,Export,3943.586818742707,30329.58666767024,MT
2530,Lithium ores,Chile,2023,4,Export,2129.2912342567643,47939.34713638074,MT
2530,Lithium ores,China,2023,4,Export,2751.4577419063394,30649.38640848638,MT
2530,Lithium ores,Argentina,2023,4,Export,1180.3894331322713,31656.888681936547,MT
2530,Lithium ores,Zimbabwe,2023,4,Export,2900.8774824664247,10057.081499404223,MT
2508,Graphite ores,China,2023,4,Import,391.9767770304042,30613.606666023785,MT
2508,Graphite ores,Madagascar,2023,4,Import,3842.0921198165706,26646.6671751784,MT
2508,Graphite ores,Mozambique,2023,4,Import,1211.185864066264,33659.57685795872,MT
2508,Graphite ores,Sri Lanka,2023,4,Import,492.518060387051,22649.851535295777,MT
2508,Graphite ores,Canada,2023,4,Import,900.497116152259,10038.493501934285,MT
2508,Graphite ores,China,2023,4,Export,1091.240350875198,19948.645795154916,MT
2508,Graphite ores,Madagascar,2023,4,Export,350.63600753994837,20491.87860552581,MT
2508,Graphite ores,Mozambique,2023,4,Export,2607.366490862034,24681.419963349934,MT
2508,Graphite ores,Sri Lanka,2023,4,Export,1975.6420919748987,42118.18379546687,MT
2508,Graphite ores,Canada,2023,4,Export,812.1007928604702,25779.140445287325,MT
2603,Copper ores,Chile,2023,5,Import,404.002943087116,4486.628265017578,MT
2603,Copper ores,Australia,2023,5,Import,2911.942663417772,28734.902819503226,MT
2603,Copper ores,Indonesia,2023,5,Import,4402.3642129378395,28335.810107343586,MT
2603,Copper ores,Peru,2023,5,Import,4802.975999983766,3386.0475715965586,MT
2603,Copper ores,USA,2023,5,Import,580.2376554256311,3159.2272169486882,MT
2603,Copper ores,Chile,2023,5,Export,1007.8565666343461,27522.235436142226,MT
2603,Copper ores,Australia,2023,5,Export,3263.3036889943974,3233.6727394847712,MT
2603,Copper ores,Indonesia,2023,5,Export,4735.257360243437,42266.10345586867,MT
2603,Copper ores,Peru,2023,5,Export,1553.4011625697563,4782.18898109693,MT
2603,Copper ores,USA,2023,5,Export,932.4466587733806,7220.276273993661,MT
2530,Lithium ores,Australia,2023,5,Import,704.0905185648396,26409.52274462096,MT
2530,Lithium ores,Chile,2023,5,Import,1304.6524682176614,18548.84610992808,MT
2530,Lithium ores,China,2023,5,Import,4948.57613358318,34531.39819734189,MT
2530,Lithium ores,Argentina,2023,5,Import,4750.005268530306,7985.271196622664,MT
2530,Lithium ores,Zimbabwe,2023,5,Import,1972.4834266795895,28181.85836083536,MT
2530,Lithium ores,Australia,2023,5,Export,476.11450325481627,1205.1847377699355,MT
2530,Lithium ores,Chile,2023,5,Export,3385.128235604896,32449.15632327033,MT
2530,Lithium ores,China,2023,5,Export,2112.865168998098,24992.559725569598,MT
2530,Lithium ores,Argentina,2023,5,Export,2135.670702901239,2176.247197399554,MT
2530,Lithium ores,Zimbabwe,2023,5,Export,1743.3208704655658,9677.030514467202,MT
2508,Graphite ores,China,2023,5,Import,582.2785265967068,47879.30126057814,MT
2508,Graphite ores,Madagascar,2023,5,Import,3036.8626527066117,36704.15792759353,MT
2508,Graphite ores,Mozambique,2023,5,Import,1645.2823420039756,20264.209345206746,MT
2508,Graphite ores,Sri Lanka,2023,5,Import,1260.927570093945,5751.3178773058125,MT
2508,Graphite ores,Canada,2023,5,Import,977.2550234637606,40078.18821952781,MT
2508,Graphite ores,China,2023,5,Export,3419.9744454005017,27799.514923288367,MT
2508,Graphite ores,Madagascar,2023,5,Export,2427.9403770471636,46199.2798991501,MT
2508,Graphite ores,Mozambique,2023,5,Export,456.40124411547515,14749.439848657883,MT
2508,Graphite ores,Sri Lanka,2023,5,Export,1814.695482496499,39338.864798426606,MT
2508,Graphite ores,Canada,2023,5,Export,4963.32163879366,12792.8552231005,MT
2603,Copper ores,Chile,2023,6,Import,4384.105937271695,41700.51526115777,MT
2603,Copper ores,Australia,2023,6,Import,1200.8212484446565,20567.296429761907,MT
2603,Copper ores,Indonesia,2023,6,Import,2107.397059533344,48932.81275780136,MT
2603,Copper ores,Peru,2023,6,Import,986.3703167566018,40158.74058413432,MT
2603,Copper ores,USA,2023,6,Import,1737.5442994482387,36812.64694303186,MT
2603,Copper ores,Chile,2023,6,Export,2158.053921048748,29339.62839271046,MT
2603,Copper ores,Australia,2023,6,Export,4179.797689298042,40404.112684210326,MT
2603,Copper ores,Indonesia,2023,6,Export,4345.473599344531,3921.248941888292,MT
2603,Copper ores,Peru,2023,6,Export,3491.0477098947495,7859.38145936638,MT
2603,Copper ores,USA,2023,6,Export,2137.510983290214,27880.832337679734,MT
2530,Lithium ores,Australia,2023,6,Import,2073.4234752594707,26460.972114347365,MT
2530,Lithium ores,Chile,2023,6,Import,4982.978913113234,7625.648371929881,MT
2530,Lithium ores,China,2023,6,Import,3409.7346221484854,20404.047352895144,MT
2530,Lithium ores,Argentina,2023,6,Import,751.748014645911,8778.101405341167,MT
2530,Lithium ores,Zimbabwe,2023,6,Import,4751.4382206035225,44100.47333887634,MT
2530,Lithium ores,Australia,2023,6,Export,4544.505606033607,49585.10601554194,MT
2530,Lithium ores,Chile,2023,6,Export,1120.745411041738,18416.527530839026,MT
2530,Lithium ores,China,2023,6,Export,3379.1732466318467,24706.324453171714,MT
2530,Lithium ores,Argentina,2023,6,Export,2150.108713553834,18532.75121744406,MT
2530,Lithium ores,Zimbabwe,2023,6,Export,3009.5250965229156,29204.07800336402,MT
2508,Graphite ores,China,2023,6,Import,891.1433869147764,24115.252038403512,MT
2508,Graphite ores,Madagascar,2023,6,Import,2812.0117034282644,28944.059997838132,MT
2508,Graphite ores,Mozambique,2023,6,Import,1129.5252452705238,37371.29822036205,MT
2508,Graphite ores,Sri Lanka,2023,6,Import,223.4755646232412,18386.76092161497,MT
2508,Graphite ores,Canada,2023,6,Import,3923.0419778246046,28630.753131714715,MT
2508,Graphite ores,China,2023,6,Export,1379.695919303215,35052.702847809334,MT
2508,Graphite ores,Madagascar,2023,6,Export,2880.2156263647594,40015.93686336297,MT
2508,Graphite ores,Mozambique,2023,6,Export,3701.6234123301347,30895.288179775496,MT
2508,Graphite ores,Sri Lanka,2023,6,Export,2492.0706090229887,7525.924157708647,MT
2508,Graphite ores,Canada,2023,6,Export,1380.5317876383804,21535.87417293718,MT
2603,Copper ores,Chile,2023,7,Import,3036.5665063313045,26171.684905549937,MT
2603,Copper ores,Australia,2023,7,Import,1512.1041772016945,1316.753531695817,MT
2603,Copper ores,Indonesia,2023,7,Import,2531.5721873139883,14995.673439549912,MT
2603,Copper ores,Peru,2023,7,Import,3699.580673481622,2173.3669982536912,MT
2603,Copper ores,USA,2023,7,Import,2965.6562753983753,47132.2376377972,MT
2603,Copper ores,Chile,2023,7,Export,954.6054088463476,24110.825046779173,MT
2603,Copper ores,Australia,2023,7,Export,547.967759903977,31658.41370080628,MT
2603,Copper ores,Indonesia,2023,7,Export,2797.6052349215056,20960.910686428786,MT
2603,Copper ores,Peru,2023,7,Export,2654.747405221332,44932.1582649815,MT
2603,Copper ores,USA,2023,7,Export,1061.8420813242285,2105.6610735620143,MT
2530,Lithium ores,Australia,2023,7,Import,4322.157935025594,29278.737037007417,MT
2530,Lithium ores,Chile,2023,7,Import,4464.226431763028,30250.315947245457,MT
2530,Lithium ores,China,2023,7,Import,4069.789340802542,22053.99480440225,MT
2530,Lithium ores,Argentina,2023,7,Import,3774.313663312517,45739.031877602945,MT
2530,Lithium ores,Zimbabwe,2023,7,Import,2903.402522238811,9858.472377556598,MT
2530,Lithium ores,Australia,2023,7,Export,1417.108313647971,10733.584267972883,MT
2530,Lithium ores,Chile,2023,7,Export,1309.5994352190912,16014.357018200782,MT
2530,Lithium ores,China,2023,7,Export,2820.1555550906237,29811.589843727805,MT
2530,Lithium ores,Argentina,2023,7,Export,2189.8487614851197,31155.618211220935,MT
2530,Lithium ores,Zimbabwe,2023,7,Export,499.717135495693,5301.623615849839,MT
2508,Graphite ores,China,2023,7,Import,941.9643557525264,26385.797403976892,MT
2508,Graphite ores,Madagascar,2023,7,Import,1148.5739256217364,14880.93577113629,MT
2508,Graphite ores,Mozambique,2023,7,Import,2061.532897247671,40781.44007650861,MT
2508,Graphite ores,Sri Lanka,2023,7,Import,167.92446597301458,32819.562191594494,MT
2508,Graphite ores,Canada,2023,7,Import,3377.4950020993583,40134.13323747519,MT
2508,Graphite ores,China,2023,7,Export,4670.4894013955345,1986.7545985152015,MT
2508,Graphite ores,Madagascar,2023,7,Export,853.5401570147593,44422.39340874366,MT
2508,Graphite ores,Mozambique,2023,7,Export,2346.740954716375,28664.94130773971,MT
2508,Graphite ores,Sri Lanka,2023,7,Export,3348.833298243422,34274.263620286234,MT
2508,Graphite ores,Canada,2023,7,Export,4665.52797625089,49850.521453171816,MT
2603,Copper ores,Chile,2023,8,Import,3628.771558561607,15073.83925105239,MT
2603,Copper ores,Australia,2023,8,Import,4410.786771242284,3411.824812497319,MT
2603,Copper ores,Indonesia,2023,8,Import,1232.2961790850313,44971.900155722025,MT
2603,Copper ores,Peru,2023,8,Import,1355.3384207528393,11811.901921465675,MT
2603,Copper ores,USA,2023,8,Import,776.8139363872115,43096.47612469891,MT
2603,Copper ores,Chile,2023,8,Export,2550.285470036325,34069.76694965358,MT
2603,Copper ores,Australia,2023,8,Export,1271.4252819676453,38143.98062954961,MT
2603,Copper ores,Indonesia,2023,8,Export,3824.0271703142826,16317.303220506707,MT
2603,Copper ores,Peru,2023,8,Export,2112.3449017503863,11274.823594079842,MT
2603,Copper ores,USA,2023,8,Export,4885.149014282231,32634.52627586217,MT
2530,Lithium ores,Australia,2023,8,Import,4679.265015506026,15865.891637827526,MT
2530,Lithium ores,Chile,2023,8,Import,3931.26547368476,38527.07355035236,MT
2530,Lithium ores,China,2023,8,Import,3489.1126941460534,48316.309788073224,MT
2530,Lithium ores,Argentina,2023,8,Import,2028.4211469209463,7405.148855898107,MT
2530,Lithium ores,Zimbabwe,2023,8,Import,3391.373410295898,36736.180223383104,MT
2530,Lithium ores,Australia,2023,8,Export,2917.796809948192,11134.076763536417,MT
2530,Lithium ores,Chile,2023,8,Export,2571.8341141798414,16297.297091887342,MT
2530,Lithium ores,China,2023,8,Export,2194.5859880167764,32615.710216388532,MT
2530,Lithium ores,Argentina,2023,8,Export,3751.552239185089,12379.009854165814,MT
2530,Lithium ores,Zimbabwe,2023,8,Export,2086.0942671700714,14188.91697858983,MT
2508,Graphite ores,China,2023,8,Import,1073.2949079231587,39385.97377979608,MT
2508,Graphite ores,Madagascar,2023,8,Import,4555.338202741263,19141.37709854426,MT
2508,Graphite ores,Mozambique,2023,8,Import,3781.266729431458,44952.76917885614,MT
2508,Graphite ores,Sri Lanka,2023,8,Import,4246.008631598134,9957.85603842207,MT
2508,Graphite ores,Canada,2023,8,Import,4785.83021941547,19457.14558104366,MT
2508,Graphite ores,China,2023,8,Export,1762.279239751798,4059.1350366112365,MT
2508,Graphite ores,Madagascar,2023,8,Export,2482.250905113927,6341.667166405507,MT
2508,Graphite ores,Mozambique,2023,8,Export,1317.8451225443873,16530.18846659679,MT
2508,Graphite ores,Sri Lanka,2023,8,Export,4063.248985109252,43898.94386939893,MT
2508,Graphite ores,Canada,2023,8,Export,1582.0849555612015,43076.207940984124,MT
2603,Copper ores,Chile,2023,9,Import,4300.431593111976,38467.8965688588,MT
2603,Copper ores,Australia,2023,9,Import,818.8060586743895,34825.81949813572,MT
2603,Copper ores,Indonesia,2023,9,Import,4730.617916444787,34444.483459590694,MT
2603,Copper ores,Peru,2023,9,Import,1724.9225606283865,25528.386554110733,MT
2603,Copper ores,USA,2023,9,Import,3264.0527124201626,26017.950027696676,MT
2603,Copper ores,Chile,2023,9,Export,687.7694144817522,16291.13818794901,MT
2603,Copper ores,Australia,2023,9,Export,4031.7405497127993,43209.48425868036,MT
2603,Copper ores,Indonesia,2023,9,Export,772.7701603062941,47666.950867537504,MT
2603,Copper ores,Peru,2023,9,Export,1711.2308274581858,33453.37319780528,MT
2603,Copper ores,USA,2023,9,Export,3783.9432151877377,40785.36549725629,MT
2530,Lithium ores,Australia,2023,9,Import,4734.173540907058,16333.057853412307,MT
2530,Lithium ores,Chile,2023,9,Import,4306.681627302617,7452.658268374144,MT
2530,Lithium ores,China,2023,9,Import,3554.7004411326043,37356.908746185305,MT
2530,Lithium ores,Argentina,2023,9,Import,3420.84388188647,13363.422070622497,MT
2530,Lithium ores,Zimbabwe,2023,9,Import,4377.911420374497,9274.064705149356,MT
2530,Lithium ores,Australia,2023,9,Export,362.8104784520711,36155.784539983695,MT
2530,Lithium ores,Chile,2023,9,Export,2429.831004640395,42605.80297797513,MT
2530,Lithium ores,China,2023,9,Export,1978.6459911854688,9245.650836877929,MT
2530,Lithium ores,Argentina,2023,9,Export,4198.566743102361,27896.571950363512,MT
2530,Lithium ores,Zimbabwe,2023,9,Export,1027.059382712739,36298.815930735844,MT
2508,Graphite ores,China,2023,9,Import,2604.4568285985524,30611.33612977567,MT
2508,Graphite ores,Madagascar,2023,9,Import,2358.4018572122513,41606.740207082315,MT
2508,Graphite ores,Mozambique,2023,9,Import,4164.857306846944,35760.052269394924,MT
2508,Graphite ores,Sri Lanka,2023,9,Import,616.4667492426652,42103.839233299375,MT
2508,Graphite ores,Canada,2023,9,Import,3387.9636046112582,35154.18413421068,MT
2508,Graphite ores,China,2023,9,Export,1878.615917978971,44084.69825169333,MT
2508,Graphite ores,Madagascar,2023,9,Export,3654.3208411508017,6516.932859930529,MT
2508,Graphite ores,Mozambique,2023,9,Export,2098.112368590197,44432.63773604694,MT
2508,Graphite ores,Sri Lanka,2023,9,Export,331.2638383171571,48109.414362460426,MT
2508,Graphite ores,Canada,2023,9,Export,3427.896584765858,31937.422904525454,MT
2603,Copper ores,Chile,2023,10,Import,1425.7403567911579,13190.797648219675,MT
2603,Copper ores,Australia,2023,10,Import,4716.085275494118,15615.350257472015,MT
2603,Copper ores,Indonesia,2023,10,Import,3899.9759539230968,20262.96811214688,MT
2603,Copper ores,Peru,2023,10,Import,782.3449468450494,1525.0495870725886,MT
2603,Copper ores,USA,2023,10,Import,2766.8609513747288,48813.1621088977,MT
2603,Copper ores,Chile,2023,10,Export,1908.767349665102,18502.424365659197,MT
2603,Copper ores,Australia,2023,10,Export,1786.0489274622662,26506.648027938063,MT
2603,Copper ores,Indonesia,2023,10,Export,2259.2579287790386,44115.81670962371,MT
2603,Copper ores,Peru,2023,10,Export,2577.0518794451023,25880.13407123987,MT
2603,Copper ores,USA,2023,10,Export,778.0208141307273,49154.237504608915,MT
2530,Lithium ores,Australia,2023,10,Import,1324.8671652572655,4594.839305520531,MT
2530,Lithium ores,Chile,2023,10,Import,3349.416619978523,30172.95213768676,MT
2530,Lithium ores,China,2023,10,Import,2134.213704564454,21687.419460153225,MT
2530,Lithium ores,Argentina,2023,10,Import,3946.813213127513,10589.919364882804,MT
2530,Lithium ores,Zimbabwe,2023,10,Import,4119.24126282996,32788.608580855886,MT
2530,Lithium ores,Australia,2023,10,Export,2152.9518915196695,23443.402212609562,MT
2530,Lithium ores,Chile,2023,10,Export,1357.5713152118694,37853.60230215177,MT
2530,Lithium ores,China,2023,10,Export,2613.0862372958118,16721.872594742337,MT
2530,Lithium ores,Argentina,2023,10,Export,3020.645567228656,49790.98815051483,MT
2530,Lithium ores,Zimbabwe,2023,10,Export,2232.7851703171136,46113.87863815236,MT
2508,Graphite ores,China,2023,10,Import,1790.582515630374,3681.9026393243084,MT
2508,Graphite ores,Madagascar,2023,10,Import,1100.7863212053016,21516.062023056526,MT
2508,Graphite ores,Mozambique,2023,10,Import,1176.2111501133882,1011.1248726945213,MT
2508,Graphite ores,Sri Lanka,2023,10,Import,4583.507534962883,42350.09115031552,MT
2508,Graphite ores,Canada,2023,10,Import,3737.231934286041,9222.915186655402,MT
2508,Graphite ores,China,2023,10,Export,689.7815234289317,4312.632724146774,MT
2508,Graphite ores,Madagascar,2023,10,Export,3647.743024987314,46511.59007370638,MT
2508,Graphite ores,Mozambique,2023,10,Export,2209.625522473881,6837.89292780636,MT
2508,Graphite ores,Sri Lanka,2023,10,Export,2610.7248215873224,18092.763465472875,MT
2508,Graphite ores,Canada,2023,10,Export,1936.6421293149888,31445.200583629656,MT
2603,Copper ores,Chile,2023,11,Import,3621.7187549847918,6419.576344784881,MT
2603,Copper ores,Australia,2023,11,Import,274.3921309517343,49722.18483160003,MT
2603,Copper ores,Indonesia,2023,11,Import,1240.368909686204,3637.695720514495,MT
2603,Copper ores,Peru,2023,11,Import,1030.389112570008,2908.934471074747,MT
2603,Copper ores,USA,2023,11,Import,2019.873383624141,40317.68743811489,MT
2603,Copper ores,Chile,2023,11,Export,1772.097803812831,22764.98693703996,MT
2603,Copper ores,Australia,2023,11,Export,3410.37519048045,25935.80943342413,MT
2603,Copper ores,Indonesia,2023,11,Export,4321.083861504489,43435.74807724207,MT
2603,Copper ores,Peru,2023,11,Export,148.56240790665285,39124.26901767676,MT
2603,Copper ores,USA,2023,11,Export,2357.594641184202,49453.18652387949,MT
2530,Lithium ores,Australia,2023,11,Import,2467.837171789632,49357.90132402658,MT
2530,Lithium ores,Chile,2023,11,Import,3797.389869908109,13181.63934605201,MT
2530,Lithium ores,China,2023,11,Import,2738.1353985060928,49614.646334450554,MT
2530,Lithium ores,Argentina,2023,11,Import,4301.899977984426,5770.977795769833,MT
2530,Lithium ores,Zimbabwe,2023,11,Import,3561.2227843689807,17933.39970766984,MT
2530,Lithium ores,Australia,2023,11,Export,134.21308321370577,20770.56748232298,MT
2530,Lithium ores,Chile,2023,11,Export,1250.2966664523594,41124.59425550311,MT
2530,Lithium ores,China,2023,11,Export,1752.9199833442508,41548.661003737034,MT
2530,Lithium ores,Argentina,2023,11,Export,102.92990029049702,16083.138351279838,MT
2530,Lithium ores,Zimbabwe,2023,11,Export,1281.7095501080335,12444.800692361938,MT
2508,Graphite ores,China,2023,11,Import,434.1144368507672,10169.089250114585,MT
2508,Graphite ores,Madagascar,2023,11,Import,2822.1928924395374,15276.692569049479,MT
2508,Graphite ores,Mozambique,2023,11,Import,2145.2344334128247,19466.477137012236,MT
2508,Graphite ores,Sri Lanka,2023,11,Import,4391.934132499484,45359.65095151526,MT
2508,Graphite ores,Canada,2023,11,Import,2515.489161113714,17177.641565464615,MT
2508,Graphite ores,China,2023,11,Export,623.3234496115819,47716.74108972266,MT
2508,Graphite ores,Madagascar,2023,11,Export,395.11203001145753,15584.863600845742,MT
2508,Graphite ores,Mozambique,2023,11,Export,1560.5243857330204,16699.663020870532,MT
2508,Graphite ores,Sri Lanka,2023,11,Export,905.0055320348055,39374.91011526116,MT
2508,Graphite ores,Canada,2023,11,Export,700.2395236333472,32110.426298504975,MT
2603,Copper ores,Chile,2023,12,Import,706.8455308585055,4456.246242054871,MT
2603,Copper ores,Australia,2023,12,Import,4556.204568060794,10316.309549616579,MT
2603,Copper ores,Indonesia,2023,12,Import,4124.125757342551,27686.912684249655,MT
2603,Copper ores,Peru,2023,12,Import,481.4969460829711,47816.961380465305,MT
2603,Copper ores,USA,2023,12,Import,1310.1097182602734,43122.62192227772,MT
2603,Copper ores,Chile,2023,12,Export,927.1690283443645,42843.20122495079,MT
2603,Copper ores,Australia,2023,12,Export,164.8211832359405,26077.242371904555,MT
2603,Copper ores,Indonesia,2023,12,Export,3870.2686391656284,46804.980357146385,MT
2603,Copper ores,Peru,2023,12,Export,4555.090467411786,41161.6186078346,MT
2603,Copper ores,USA,2023,12,Export,4452.13761334039,10761.764606016748,MT
2530,Lithium ores,Australia,2023,12,Import,1492.503048987471,15159.457721131866,MT
2530,Lithium ores,Chile,2023,12,Import,1947.5642619083242,20272.712848874246,MT
2530,Lithium ores,China,2023,12,Import,2768.32109080791,8834.108404955627,MT
2530,Lithium ores,Argentina,2023,12,Import,3487.1086525513474,9210.760425920818,MT
2530,Lithium ores,Zimbabwe,2023,12,Import,1620.5115623122829,25663.91139970155,MT
2530,Lithium ores,Australia,2023,12,Export,4002.5587514650388,37233.99242869764,MT
2530,Lithium ores,Chile,2023,12,Export,3263.1183464115593,8632.889768428337,MT
2530,Lithium ores,China,2023,12,Export,2780.522193516331,5284.878588194387,MT
2530,Lithium ores,Argentina,2023,12,Export,1949.0795663035888,21262.309984207997,MT
2530,Lithium ores,Zimbabwe,2023,12,Export,295.0760532841938,14425.416874028619,MT
2508,Graphite ores,China,2023,12,Import,4782.682389605798,47727.997783654784,MT
2508,Graphite ores,Madagascar,2023,12,Import,1826.4025658374426,3111.9053384678787,MT
2508,Graphite ores,Mozambique,2023,12,Import,977.5652027080896,20218.671878243465,MT
2508,Graphite ores,Sri Lanka,2023,12,Import,4744.120520049226,7918.754113322061,MT
2508,Graphite ores,Canada,2023,12,Import,3841.22763397424,6325.444429359912,MT
2508,Graphite ores,China,2023,12,Export,4908.162129217257,19699.208456347613,MT
2508,Graphite ores,Madagascar,2023,12,Export,3898.6492406053744,17786.96305774546,MT
2508,Graphite ores,Mozambique,2023,12,Export,3175.5774980781625,10408.788152261799,MT
2508,Graphite ores,Sri Lanka,2023,12,Export,815.5029945551164,46965.14283883843,MT
2508,Graphite ores,Canada,2023,12,Export,4596.4716617317235,44485.978070431236,MT
2603,Copper ores,Chile,2024,1,Import,3164.623905816308,40605.142349597634,MT
2603,Copper ores,Australia,2024,1,Import,438.28099086573707,17404.66305264328,MT
2603,Copper ores,Indonesia,2024,1,Import,1637.1453113100656,32146.62077567805,MT
2603,Copper ores,Peru,2024,1,Import,1844.1930900061384,8276.83230054036,MT
2603,Copper ores,USA,2024,1,Import,3022.6886695263643,40904.812112784995,MT
2603,Copper ores,Chile,2024,1,Export,1972.4051228538685,7481.167039825604,MT
2603,Copper ores,Australia,2024,1,Export,1063.7721668328331,12636.681953299816,MT
2603,Copper ores,Indonesia,2024,1,Export,1569.4982056732274,32496.958454809148,MT
2603,Copper ores,Peru,2024,1,Export,3044.6328742348232,35107.91321678492,MT
2603,Copper ores,USA,2024,1,Export,1876.2597242044146,41375.88494211894,MT
2530,Lithium ores,Australia,2024,1,Import,1100.0295396632255,23982.996628389545,MT
2530,Lithium ores,Chile,2024,1,Import,4024.5997355530085,9827.773738898342,MT
2530,Lithium ores,China,2024,1,Import,638.3292573298364,44300.5144167115,MT
2530,Lithium ores,Argentina,2024,1,Import,1780.35534752006,34509.636120542564,MT
2530,Lithium ores,Zimbabwe,2024,1,Import,224.20816089329855,34812.29753206303,MT
2530,Lithium ores,Australia,2024,1,Export,1648.8964265801555,3731.301825784645,MT
2530,Lithium ores,Chile,2024,1,Export,3088.0825315857733,12799.386987585489,MT
2530,Lithium ores,China,2024,1,Export,1995.355486054212,4948.459802039166,MT
2530,Lithium ores,Argentina,2024,1,Export,821.0999303652321,15600.884539296345,MT
2530,Lithium ores,Zimbabwe,2024,1,Export,539.82155274477,45630.48696962945,MT
2508,Graphite ores,China,2024,1,Import,129.63051160149425,24709.15072435126,MT
2508,Graphite ores,Madagascar,2024,1,Import,703.9125448495021,16076.275384419478,MT
2508,Graphite ores,Mozambique,2024,1,Import,4637.691843109501,8923.033110425356,MT
2508,Graphite ores,Sri Lanka,2024,1,Import,4832.5783666198295,11083.924472481664,MT
2508,Graphite ores,Canada,2024,1,Import,3733.673931487465,27787.185979968275,MT
2508,Graphite ores,China,2024,1,Export,4433.94576522412,28145.669519653417,MT
2508,Graphite ores,Madagascar,2024,1,Export,2719.340173865912,10577.442018051594,MT
2508,Graphite ores,Mozambique,2024,1,Export,914.5238740531278,45907.9684046602,MT
2508,Graphite ores,Sri Lanka,2024,1,Export,1706.4071743651668,19232.0304931819,MT
2508,Graphite ores,Canada,2024,1,Export,3823.135926299103,17602.350638717562,MT
2603,Copper ores,Chile,2024,2,Import,4765.105988531113,37158.460680941214,MT
2603,Copper ores,Australia,2024,2,Import,3027.403288609758,44163.86286669287,MT
2603,Copper ores,Indonesia,2024,2,Import,343.0689509124655,13596.071917271229,MT
2603,Copper ores,Peru,2024,2,Import,2378.6780376824586,12121.94843410453,MT
2603,Copper ores,USA,2024,2,Import,3745.1354177805447,46041.19352163254,MT
2603,Copper ores,Chile,2024,2,Export,2176.4735876615246,17764.497405482853,MT
2603,Copper ores,Australia,2024,2,Export,4811.5985874740745,22797.7692085495,MT
2603,Copper ores,Indonesia,2024,2,Export,2496.337162201488,18230.84374475336,MT
2603,Copper ores,Peru,2024,2,Export,4556.787517759478,28878.818680810688,MT
2603,Copper ores,USA,2024,2,Export,3834.6554771900587,40778.52919919343,MT
2530,Lithium ores,Australia,2024,2,Import,1775.0603053945651,22251.022234698623,MT
2530,Lithium ores,Chile,2024,2,Import,4257.511694590697,18799.512232114703,MT
2530,Lithium ores,China,2024,2,Import,3990.2821539140714,47108.62380614742,MT
2530,Lithium ores,Argentina,2024,2,Import,3153.730828033234,37339.73708514256,MT
2530,Lithium ores,Zimbabwe,2024,2,Import,4044.976829001561,42406.94279593548,MT
2530,Lithium ores,Australia,2024,2,Export,2035.7613554983002,3511.9094996239105,MT
2530,Lithium ores,Chile,2024,2,Export,2069.1937290600235,34014.0552594204,MT
2530,Lithium ores,China,2024,2,Export,2306.716890325885,37699.19439215953,MT
2530,Lithium ores,Argentina,2024,2,Export,1849.213904396453,32102.462914097447,MT
2530,Lithium ores,Zimbabwe,2024,2,Export,1013.4570437844754,37719.10239560289,MT
2508,Graphite ores,China,2024,2,Import,2773.9102471838264,10999.155038783429,MT
2508,Graphite ores,Madagascar,2024,2,Import,1530.3647501392556,37681.82672050979,MT
2508,Graphite ores,Mozambique,2024,2,Import,2464.746054741451,11585.540579260538,MT
2508,Graphite ores,Sri Lanka,2024,2,Import,4839.628832814458,36041.125971027504,MT
2508,Graphite ores,Canada,2024,2,Import,4789.960679445001,21928.14722265682,MT
2508,Graphite ores,China,2024,2,Export,2427.99166938943,44999.80559306594,MT
2508,Graphite ores,Madagascar,2024,2,Export,2672.741767202385,35656.66668337769,MT
2508,Graphite ores,Mozambique,2024,2,Export,1335.647099728097,22889.596966429388,MT
2508,Graphite ores,Sri Lanka,2024,2,Export,704.9043424707401,11093.021757971122,MT
2508,Graphite ores,Canada,2024,2,Export,104.62273481139232,2923.9875307843513,MT
