Year,Mineral,HS_Code,Flow,Country,Value_USD,Volume,Market_Share_Pct
2018-2019,Cobalt-MattesIntermediates,75011000,Import,U ARAB EMTS,0.0,100.0,
2018-2019,Cobalt-MattesIntermediates,75011000,Import,U S A,0.0,23.0,
2019-2020,Cobalt-MattesIntermediates,75011000,Import,U ARAB EMTS,,,
2019-2020,Cobalt-MattesIntermediates,75011000,Import,U S A,0.0,3.0,
2020-2021,Cobalt-MattesIntermediates,75011000,Import,U K,0.01,100.0,100.0
2020-2021,Cobalt-MattesIntermediates,75011000,Import,U S A,0.0,,0.0
2021-2022,Cobalt-MattesIntermediates,75011000,Import,U K,0.0,50.0,
2021-2022,Cobalt-MattesIntermediates,75011000,Import,U S A,0.0,3.0,
2022-2023,Cobalt-MattesIntermediates,75011000,Import,CHINA P RP,0.0,75.0,
2022-2023,Cobalt-MattesIntermediates,75011000,Import,U K,0.0,25.0,
2022-2023,Cobalt-MattesIntermediates,75011000,Import,U S A,,,
2023-2024,Cobalt-MattesIntermediates,75011000,Import,CHINA P RP,,,
2023-2024,Cobalt-MattesIntermediates,75011000,Import,SINGAPORE,0.0,1.0,
2023-2024,Cobalt-MattesIntermediates,75011000,Import,U K,,,
2024-2025,Cobalt-MattesIntermediates,75011000,Import,SINGAPORE,,,
2018-2019,Copper,26030000,Import,AUSTRALIA,294.09,123723980.0,16.77083452137912
2018-2019,Copper,26030000,Import,BRAZIL,33.85,16569000.0,1.9303367967244152
2018-2019,Copper,26030000,Import,CANADA,,,
2018-2019,Copper,26030000,Import,CHILE,775.19,428117500.0,44.20613829993499
2018-2019,Copper,26030000,Import,CHINA P RP,,,
2018-2019,Copper,26030000,Import,CONGO D. REP.,,,
2018-2019,Copper,26030000,Import,CONGO P REP,,,
2018-2019,Copper,26030000,Import,GEORGIA,,,
2018-2019,Copper,26030000,Import,GERMANY,,,
2018-2019,Copper,26030000,Import,INDONESIA,393.82,125780000.0,22.458057231492145
2018-2019,Copper,26030000,Import,LAO PD RP,,,
2018-2019,Copper,26030000,Import,MADAGASCAR,0.03,27000.0,0.0017107859350585656
2018-2019,Copper,26030000,Import,MEXICO,,,
2018-2019,Copper,26030000,Import,PAPUA N GNA,,,
2018-2019,Copper,26030000,Import,PERU,154.4,68374192.0,8.804844945768085
2018-2019,Copper,26030000,Import,PHILIPPINES,27.61,10731050.0,1.5744933222322333
2018-2019,Copper,26030000,Import,SAUDI ARAB,60.49,41280000.0,3.4495147070564216
2018-2019,Copper,26030000,Import,THAILAND,14.1,9335000.0,0.8040693894775259
2018-2019,Copper,26030000,Import,TURKEY,,,
2018-2019,Copper,26030000,Import,U S A,0.0,45.0,0.0
2019-2020,Copper,26030000,Import,AUSTRALIA,87.16,71973000.0,7.113069735177705
2019-2020,Copper,26030000,Import,BRAZIL,,,
2019-2020,Copper,26030000,Import,CANADA,37.12,20398000.0,3.0293385563308446
2019-2020,Copper,26030000,Import,CHILE,794.02,520728000.0,64.79944505651447
2019-2020,Copper,26030000,Import,ETHIOPIA,0.01,25000.0,0.0008160933610805078
2019-2020,Copper,26030000,Import,INDONESIA,69.85,30150000.0,5.700412127147345
2019-2020,Copper,26030000,Import,MADAGASCAR,,,
2019-2020,Copper,26030000,Import,NIGERIA,0.01,10000.0,0.0008160933610805078
2019-2020,Copper,26030000,Import,PANAMA REPUBLIC,32.87,29119000.0,2.6824988778716286
2019-2020,Copper,26030000,Import,PERU,122.96,97175000.0,10.034683967845922
2019-2020,Copper,26030000,Import,PHILIPPINES,21.87,10659250.0,1.78479618068307
2019-2020,Copper,26030000,Import,SAUDI ARAB,43.94,31389000.0,3.5859142285877508
2019-2020,Copper,26030000,Import,TANZANIA REP,0.0,26.0,0.0
2019-2020,Copper,26030000,Import,THAILAND,15.54,9929000.0,1.2682090831191088
2019-2020,Copper,26030000,Import,U S A,0.0,,0.0
2020-2021,Copper,26030000,Import,AUSTRALIA,,,
2020-2021,Copper,26030000,Import,BOSNIA-HRZGOVIN,0.01,2000.0,0.0012552879002799293
2020-2021,Copper,26030000,Import,CANADA,39.25,20386000.0,4.927005008598722
2020-2021,Copper,26030000,Import,CHILE,391.62,245238000.0,49.15958475076258
2020-2021,Copper,26030000,Import,ETHIOPIA,,,
2020-2021,Copper,26030000,Import,INDONESIA,289.29,119609000.0,36.31422366719808
2020-2021,Copper,26030000,Import,MALAYSIA,53.52,19821000.0,6.718300842298182
2020-2021,Copper,26030000,Import,NIGERIA,,,
2020-2021,Copper,26030000,Import,PANAMA REPUBLIC,,,
2020-2021,Copper,26030000,Import,PERU,,,
2020-2021,Copper,26030000,Import,PHILIPPINES,,,
2020-2021,Copper,26030000,Import,SAUDI ARAB,22.9,10046000.0,2.8746092916410375
2020-2021,Copper,26030000,Import,TANZANIA REP,,,
2020-2021,Copper,26030000,Import,THAILAND,,,
2020-2021,Copper,26030000,Import,U K,0.03,23790.0,0.0037658637008397876
2020-2021,Copper,26030000,Import,U S A,0.01,10295.0,0.0012552879002799293
2021-2022,Copper,26030000,Import,AUSTRALIA,563.97,111473890.0,18.744827448673334
2021-2022,Copper,26030000,Import,BOSNIA-HRZGOVIN,,,
2021-2022,Copper,26030000,Import,BRAZIL,89.55,30532208.0,2.976398209175483
2021-2022,Copper,26030000,Import,CANADA,120.43,30902340.0,4.002765341496409
2021-2022,Copper,26030000,Import,CHILE,912.81,375188510.0,30.339319367029283
2021-2022,Copper,26030000,Import,CHINA P RP,0.01,60.0,0.0003323727760106625
2021-2022,Copper,26030000,Import,CONGO P REP,0.04,25000.0,0.00132949110404265
2021-2022,Copper,26030000,Import,INDONESIA,615.58,205139870.0,20.46020334566436
2021-2022,Copper,26030000,Import,IRAN,0.0,250.0,0.0
2021-2022,Copper,26030000,Import,MALAYSIA,,,
2021-2022,Copper,26030000,Import,PANAMA REPUBLIC,239.59,91635952.0,7.9633193404394635
2021-2022,Copper,26030000,Import,PERU,346.15,120062090.0,11.505083641609081
2021-2022,Copper,26030000,Import,SAUDI ARAB,99.44,44550792.0,3.305114884650028
2021-2022,Copper,26030000,Import,THAILAND,21.08,9424080.0,0.7006418118304765
2021-2022,Copper,26030000,Import,U K,0.0,,0.0
2021-2022,Copper,26030000,Import,U S A,0.02,3.0,0.000664745552021325
2022-2023,Copper,26030000,Import,AUSTRALIA,449.76,102379340.0,13.187895847994369
2022-2023,Copper,26030000,Import,BRAZIL,46.62,20417844.0,1.3669950738916254
2022-2023,Copper,26030000,Import,CANADA,99.35,29877710.0,2.9131480178278206
2022-2023,Copper,26030000,Import,CHILE,904.91,400155550.0,26.53383767300023
2022-2023,Copper,26030000,Import,CHINA P RP,,,
2022-2023,Copper,26030000,Import,COLOMBIA,9.79,511528.0,0.28706310110250993
2022-2023,Copper,26030000,Import,CONGO P REP,,,
2022-2023,Copper,26030000,Import,INDONESIA,909.69,262834780.0,26.67399718508093
2022-2023,Copper,26030000,Import,IRAN,,,
2022-2023,Copper,26030000,Import,MALAYSIA,142.5,31439672.0,4.178395496129486
2022-2023,Copper,26030000,Import,MEXICO,0.0,10.0,0.0
2022-2023,Copper,26030000,Import,PANAMA REPUBLIC,203.73,90886792.0,5.9737860661505975
2022-2023,Copper,26030000,Import,PAPUA N GNA,167.42,49105440.0,4.909101571663148
2022-2023,Copper,26030000,Import,PERU,390.56,162446130.0,11.452029087497067
2022-2023,Copper,26030000,Import,SAUDI ARAB,,,
2022-2023,Copper,26030000,Import,TAIWAN,65.56,19374000.0,1.9223551489561341
2022-2023,Copper,26030000,Import,THAILAND,,,
2022-2023,Copper,26030000,Import,TURKEY,0.0,1780.0,0.0
2022-2023,Copper,26030000,Import,U K,,,
2022-2023,Copper,26030000,Import,U S A,,,
2022-2023,Copper,26030000,Import,VIETNAM SOC REP,20.51,9489320.0,0.6013957307060755
2023-2024,Copper,26030000,Import,AUSTRALIA,302.04,74457216.0,9.639953913079557
2023-2024,Copper,26030000,Import,BRAZIL,52.26,18672976.0,1.6679379933039917
2023-2024,Copper,26030000,Import,CANADA,135.68,38513580.0,4.330383217211741
2023-2024,Copper,26030000,Import,CHILE,673.47,281283940.0,21.494569467096046
2023-2024,Copper,26030000,Import,COLOMBIA,20.09,968824.0,0.6411954513103175
2023-2024,Copper,26030000,Import,INDONESIA,1109.42,324177250.0,35.40841501208026
2023-2024,Copper,26030000,Import,MALAYSIA,51.69,10228560.0,1.6497457878661181
2023-2024,Copper,26030000,Import,MEXICO,,,
2023-2024,Copper,26030000,Import,MOROCCO,0.04,229180.0,0.001276645995640254
2023-2024,Copper,26030000,Import,NAMIBIA,24.44,9460876.0,0.7800307033361952
2023-2024,Copper,26030000,Import,PANAMA REPUBLIC,134.6,60459772.0,4.295913775329454
2023-2024,Copper,26030000,Import,PAPUA N GNA,203.49,58935600.0,6.4946173413208825
2023-2024,Copper,26030000,Import,PERU,211.73,99396672.0,6.757606416422774
2023-2024,Copper,26030000,Import,PHILIPPINES,140.41,30590856.0,4.481346606196201
2023-2024,Copper,26030000,Import,SOUTH AFRICA,0.86,225000.0,0.02744788890626546
2023-2024,Copper,26030000,Import,TAIWAN,,,
2023-2024,Copper,26030000,Import,TANZANIA REP,72.99,8700619.0,2.329559780544553
2023-2024,Copper,26030000,Import,TURKEY,,,
2023-2024,Copper,26030000,Import,VIETNAM SOC REP,,,
2023-2024,Copper,26030000,Import,ZAMBIA,0.0,37.0,0.0
2024-2025,Copper,26030000,Import,AUSTRALIA,669.63,156092506.0,17.400218272528843
2024-2025,Copper,26030000,Import,BRAZIL,22.16,9132930.0,0.5758237189481343
2024-2025,Copper,26030000,Import,CANADA,207.8,59128494.0,5.399646606381873
2024-2025,Copper,26030000,Import,CHILE,1366.14,554056770.0,35.49890863735578
2024-2025,Copper,26030000,Import,COLOMBIA,,,
2024-2025,Copper,26030000,Import,FRANCE,0.0,43.0,0.0
2024-2025,Copper,26030000,Import,INDONESIA,727.89,166114598.0,18.9140941690053
2024-2025,Copper,26030000,Import,MALAYSIA,,,
2024-2025,Copper,26030000,Import,MOROCCO,,,
2024-2025,Copper,26030000,Import,MOZAMBIQUE,0.07,26400.0,0.00181893774035963
2024-2025,Copper,26030000,Import,NAMIBIA,37.79,13719650.0,0.9819665315455772
2024-2025,Copper,26030000,Import,PANAMA REPUBLIC,,,
2024-2025,Copper,26030000,Import,PAPUA N GNA,74.94,19740240.0,1.947302775179295
2024-2025,Copper,26030000,Import,PERU,424.2,159608912.0,11.022762706579357
2024-2025,Copper,26030000,Import,PHILIPPINES,0.03,59370.0,0.0007795447458684128
2024-2025,Copper,26030000,Import,SOUTH AFRICA,,,
2024-2025,Copper,26030000,Import,TANZANIA REP,274.5,32818151.0,7.132834424695977
2024-2025,Copper,26030000,Import,U S A,43.25,5093651.0,1.1238436752936285
2024-2025,Copper,26030000,Import,ZAMBIA,0.0,90.0,0.0
2018-2019,Graphite-ArtificialGraphite,38011000,Import,AUSTRALIA,0.01,13407.0,0.03289473684210527
2018-2019,Graphite-ArtificialGraphite,38011000,Import,AUSTRIA,0.02,16000.0,0.06578947368421054
2018-2019,Graphite-ArtificialGraphite,38011000,Import,BAHARAIN IS,0.0,18000.0,0.0
2018-2019,Graphite-ArtificialGraphite,38011000,Import,BELGIUM,0.03,2340.0,0.09868421052631579
2018-2019,Graphite-ArtificialGraphite,38011000,Import,BHUTAN,0.0,20000.0,0.0
2018-2019,Graphite-ArtificialGraphite,38011000,Import,BRAZIL,,,
2018-2019,Graphite-ArtificialGraphite,38011000,Import,CANADA,0.0,10.0,0.0
2018-2019,Graphite-ArtificialGraphite,38011000,Import,CHINA P RP,18.83,13389116.0,61.94078947368421
2018-2019,Graphite-ArtificialGraphite,38011000,Import,DENMARK,,,
2018-2019,Graphite-ArtificialGraphite,38011000,Import,EGYPT A RP,0.0,15.0,0.0
2018-2019,Graphite-ArtificialGraphite,38011000,Import,FRANCE,0.56,70604.0,1.842105263157895
2018-2019,Graphite-ArtificialGraphite,38011000,Import,GERMANY,1.35,365881.0,4.4407894736842115
2018-2019,Graphite-ArtificialGraphite,38011000,Import,HONG KONG,0.1,142023.0,0.32894736842105265
2018-2019,Graphite-ArtificialGraphite,38011000,Import,INDONESIA,0.01,25000.0,0.03289473684210527
2018-2019,Graphite-ArtificialGraphite,38011000,Import,ITALY,0.09,20346.0,0.2960526315789474
2018-2019,Graphite-ArtificialGraphite,38011000,Import,JAPAN,2.91,406795.0,9.572368421052632
2018-2019,Graphite-ArtificialGraphite,38011000,Import,KOREA RP,0.08,6997.0,0.26315789473684215
2018-2019,Graphite-ArtificialGraphite,38011000,Import,MALAYSIA,0.94,1634022.0,3.0921052631578947
2018-2019,Graphite-ArtificialGraphite,38011000,Import,MEXICO,0.0,249.0,0.0
2018-2019,Graphite-ArtificialGraphite,38011000,Import,NETHERLAND,0.07,12930.0,0.23026315789473686
2018-2019,Graphite-ArtificialGraphite,38011000,Import,NORWAY,2.39,2846000.0,7.861842105263158
2018-2019,Graphite-ArtificialGraphite,38011000,Import,OMAN,0.07,251966.0,0.23026315789473686
2018-2019,Graphite-ArtificialGraphite,38011000,Import,POLAND,0.42,571000.0,1.381578947368421
2018-2019,Graphite-ArtificialGraphite,38011000,Import,SINGAPORE,0.08,140000.0,0.26315789473684215
2018-2019,Graphite-ArtificialGraphite,38011000,Import,SPAIN,,,
2018-2019,Graphite-ArtificialGraphite,38011000,Import,SWEDEN,0.05,16001.0,0.16447368421052633
2018-2019,Graphite-ArtificialGraphite,38011000,Import,SWITZERLAND,0.46,82985.0,1.5131578947368423
2018-2019,Graphite-ArtificialGraphite,38011000,Import,THAILAND,0.03,22900.0,0.09868421052631579
2018-2019,Graphite-ArtificialGraphite,38011000,Import,U ARAB EMTS,0.02,7250.0,0.06578947368421054
2018-2019,Graphite-ArtificialGraphite,38011000,Import,U K,0.03,18410.0,0.09868421052631579
2018-2019,Graphite-ArtificialGraphite,38011000,Import,U S A,1.85,833639.0,6.085526315789474
2019-2020,Graphite-ArtificialGraphite,38011000,Import,AUSTRALIA,0.02,31213.0,0.07852375343541422
2019-2020,Graphite-ArtificialGraphite,38011000,Import,AUSTRIA,0.0,2000.0,0.0
2019-2020,Graphite-ArtificialGraphite,38011000,Import,BAHARAIN IS,0.0,15000.0,0.0
2019-2020,Graphite-ArtificialGraphite,38011000,Import,BELGIUM,0.02,5457.0,0.07852375343541422
2019-2020,Graphite-ArtificialGraphite,38011000,Import,BHUTAN,0.01,25000.0,0.03926187671770711
2019-2020,Graphite-ArtificialGraphite,38011000,Import,BRAZIL,0.0,1.0,0.0
2019-2020,Graphite-ArtificialGraphite,38011000,Import,CANADA,0.01,36.0,0.03926187671770711
2019-2020,Graphite-ArtificialGraphite,38011000,Import,CHINA P RP,14.68,18414804.0,57.63643502159403
2019-2020,Graphite-ArtificialGraphite,38011000,Import,DENMARK,0.0,3000.0,0.0
2019-2020,Graphite-ArtificialGraphite,38011000,Import,EGYPT A RP,,,
2019-2020,Graphite-ArtificialGraphite,38011000,Import,FRANCE,2.28,373328.0,8.95170789163722
2019-2020,Graphite-ArtificialGraphite,38011000,Import,GERMANY,0.52,183976.0,2.0416175893207695
2019-2020,Graphite-ArtificialGraphite,38011000,Import,HONG KONG,0.17,201405.0,0.6674519042010209
2019-2020,Graphite-ArtificialGraphite,38011000,Import,INDONESIA,0.01,20000.0,0.03926187671770711
2019-2020,Graphite-ArtificialGraphite,38011000,Import,ITALY,0.12,37800.0,0.47114252061248524
2019-2020,Graphite-ArtificialGraphite,38011000,Import,JAPAN,2.67,340644.0,10.482921083627797
2019-2020,Graphite-ArtificialGraphite,38011000,Import,KOREA RP,0.31,27995.0,1.2171181782489204
2019-2020,Graphite-ArtificialGraphite,38011000,Import,MALAYSIA,0.27,868040.0,1.0600706713780919
2019-2020,Graphite-ArtificialGraphite,38011000,Import,MEXICO,0.0,227.0,0.0
2019-2020,Graphite-ArtificialGraphite,38011000,Import,NETHERLAND,0.1,27027.0,0.3926187671770711
2019-2020,Graphite-ArtificialGraphite,38011000,Import,NORWAY,2.52,3090500.0,9.893992932862192
2019-2020,Graphite-ArtificialGraphite,38011000,Import,OMAN,,,
2019-2020,Graphite-ArtificialGraphite,38011000,Import,POLAND,0.07,13107.0,0.2748331370239498
2019-2020,Graphite-ArtificialGraphite,38011000,Import,SINGAPORE,,,
2019-2020,Graphite-ArtificialGraphite,38011000,Import,SPAIN,0.01,248.0,0.03926187671770711
2019-2020,Graphite-ArtificialGraphite,38011000,Import,SWEDEN,0.1,35000.0,0.3926187671770711
2019-2020,Graphite-ArtificialGraphite,38011000,Import,SWITZERLAND,0.15,27745.0,0.5889281507656066
2019-2020,Graphite-ArtificialGraphite,38011000,Import,TAIWAN,0.0,200.0,0.0
2019-2020,Graphite-ArtificialGraphite,38011000,Import,THAILAND,,,
2019-2020,Graphite-ArtificialGraphite,38011000,Import,U ARAB EMTS,,,
2019-2020,Graphite-ArtificialGraphite,38011000,Import,U K,0.04,10857.0,0.15704750687082844
2019-2020,Graphite-ArtificialGraphite,38011000,Import,U S A,1.39,514171.0,5.457400863761288
2020-2021,Graphite-ArtificialGraphite,38011000,Import,AUSTRALIA,0.01,14000.0,0.04022526146419952
2020-2021,Graphite-ArtificialGraphite,38011000,Import,AUSTRIA,,,
2020-2021,Graphite-ArtificialGraphite,38011000,Import,BAHARAIN IS,0.0,13000.0,0.0
2020-2021,Graphite-ArtificialGraphite,38011000,Import,BELGIUM,0.28,53478.0,1.1263073209975867
2020-2021,Graphite-ArtificialGraphite,38011000,Import,BHUTAN,,,
2020-2021,Graphite-ArtificialGraphite,38011000,Import,BRAZIL,,,
2020-2021,Graphite-ArtificialGraphite,38011000,Import,CANADA,,,
2020-2021,Graphite-ArtificialGraphite,38011000,Import,CHINA P RP,15.36,20891592.0,61.786001609010455
2020-2021,Graphite-ArtificialGraphite,38011000,Import,DENMARK,0.02,10300.0,0.08045052292839903
2020-2021,Graphite-ArtificialGraphite,38011000,Import,FRANCE,0.63,100029.0,2.5341914722445695
2020-2021,Graphite-ArtificialGraphite,38011000,Import,GERMANY,0.82,287979.0,3.29847144006436
2020-2021,Graphite-ArtificialGraphite,38011000,Import,HONG KONG,0.23,310080.0,0.925181013676589
2020-2021,Graphite-ArtificialGraphite,38011000,Import,INDONESIA,,,
2020-2021,Graphite-ArtificialGraphite,38011000,Import,ITALY,0.18,54015.0,0.7240547063555913
2020-2021,Graphite-ArtificialGraphite,38011000,Import,JAPAN,1.81,249451.0,7.280772325020113
2020-2021,Graphite-ArtificialGraphite,38011000,Import,KOREA RP,0.22,18246.0,0.8849557522123894
2020-2021,Graphite-ArtificialGraphite,38011000,Import,MALAYSIA,0.25,696000.0,1.005631536604988
2020-2021,Graphite-ArtificialGraphite,38011000,Import,MEXICO,0.0,227.0,0.0
2020-2021,Graphite-ArtificialGraphite,38011000,Import,NETHERLAND,0.01,602.0,0.04022526146419952
2020-2021,Graphite-ArtificialGraphite,38011000,Import,NORWAY,2.51,3368000.0,10.096540627514077
2020-2021,Graphite-ArtificialGraphite,38011000,Import,POLAND,0.0,5.0,0.0
2020-2021,Graphite-ArtificialGraphite,38011000,Import,SINGAPORE,0.0,2.0,0.0
2020-2021,Graphite-ArtificialGraphite,38011000,Import,SPAIN,0.0,120.0,0.0
2020-2021,Graphite-ArtificialGraphite,38011000,Import,SWEDEN,0.26,77522.0,1.0458567980691875
2020-2021,Graphite-ArtificialGraphite,38011000,Import,SWITZERLAND,0.46,78923.0,1.850362027353178
2020-2021,Graphite-ArtificialGraphite,38011000,Import,TAIWAN,0.03,5130.0,0.12067578439259855
2020-2021,Graphite-ArtificialGraphite,38011000,Import,THAILAND,0.0,1.0,0.0
2020-2021,Graphite-ArtificialGraphite,38011000,Import,U ARAB EMTS,0.0,145.0,0.0
2020-2021,Graphite-ArtificialGraphite,38011000,Import,U K,0.12,115379.0,0.4827031375703942
2020-2021,Graphite-ArtificialGraphite,38011000,Import,U S A,1.66,497985.0,6.677393403057119
2021-2022,Graphite-ArtificialGraphite,38011000,Import,AUSTRALIA,0.01,13905.0,0.02304147465437788
2021-2022,Graphite-ArtificialGraphite,38011000,Import,AUSTRIA,0.0,68.0,0.0
2021-2022,Graphite-ArtificialGraphite,38011000,Import,BAHARAIN IS,0.0,12000.0,0.0
2021-2022,Graphite-ArtificialGraphite,38011000,Import,BELGIUM,1.03,799341.0,2.3732718894009217
2021-2022,Graphite-ArtificialGraphite,38011000,Import,BRAZIL,0.08,78720.0,0.18433179723502305
2021-2022,Graphite-ArtificialGraphite,38011000,Import,CANADA,0.03,1546.0,0.06912442396313365
2021-2022,Graphite-ArtificialGraphite,38011000,Import,CHINA P RP,29.58,24648478.0,68.15668202764978
2021-2022,Graphite-ArtificialGraphite,38011000,Import,DENMARK,0.05,28000.0,0.1152073732718894
2021-2022,Graphite-ArtificialGraphite,38011000,Import,FRANCE,1.27,261399.0,2.926267281105991
2021-2022,Graphite-ArtificialGraphite,38011000,Import,GERMANY,1.72,730335.0,3.963133640552995
2021-2022,Graphite-ArtificialGraphite,38011000,Import,HONG KONG,0.19,190996.0,0.4377880184331797
2021-2022,Graphite-ArtificialGraphite,38011000,Import,ITALY,0.33,82185.0,0.7603686635944701
2021-2022,Graphite-ArtificialGraphite,38011000,Import,JAPAN,2.22,531919.0,5.11520737327189
2021-2022,Graphite-ArtificialGraphite,38011000,Import,KOREA RP,0.46,37810.0,1.0599078341013826
2021-2022,Graphite-ArtificialGraphite,38011000,Import,MALAYSIA,0.75,1596839.0,1.7281105990783412
2021-2022,Graphite-ArtificialGraphite,38011000,Import,MEXICO,,,
2021-2022,Graphite-ArtificialGraphite,38011000,Import,NETHERLAND,0.1,14724.0,0.2304147465437788
2021-2022,Graphite-ArtificialGraphite,38011000,Import,NORWAY,0.82,1479742.0,1.889400921658986
2021-2022,Graphite-ArtificialGraphite,38011000,Import,OMAN,0.02,97890.0,0.04608294930875576
2021-2022,Graphite-ArtificialGraphite,38011000,Import,POLAND,0.2,96992.0,0.4608294930875576
2021-2022,Graphite-ArtificialGraphite,38011000,Import,RUSSIA,0.03,24250.0,0.06912442396313365
2021-2022,Graphite-ArtificialGraphite,38011000,Import,SAUDI ARAB,0.01,19330.0,0.02304147465437788
2021-2022,Graphite-ArtificialGraphite,38011000,Import,SINGAPORE,0.05,40265.0,0.1152073732718894
2021-2022,Graphite-ArtificialGraphite,38011000,Import,SOUTH AFRICA,0.54,638800.0,1.2442396313364057
2021-2022,Graphite-ArtificialGraphite,38011000,Import,SPAIN,0.0,15.0,0.0
2021-2022,Graphite-ArtificialGraphite,38011000,Import,SWEDEN,0.58,164019.0,1.3364055299539168
2021-2022,Graphite-ArtificialGraphite,38011000,Import,SWITZERLAND,0.48,85691.0,1.1059907834101383
2021-2022,Graphite-ArtificialGraphite,38011000,Import,TAIWAN,,,
2021-2022,Graphite-ArtificialGraphite,38011000,Import,THAILAND,,,
2021-2022,Graphite-ArtificialGraphite,38011000,Import,U ARAB EMTS,0.0,,0.0
2021-2022,Graphite-ArtificialGraphite,38011000,Import,U K,0.13,75627.0,0.2995391705069125
2021-2022,Graphite-ArtificialGraphite,38011000,Import,U S A,2.72,503075.0,6.267281105990784
2022-2023,Graphite-ArtificialGraphite,38011000,Import,AUSTRALIA,0.02,13649.0,0.029489826010026535
2022-2023,Graphite-ArtificialGraphite,38011000,Import,AUSTRIA,0.08,58400.0,0.11795930404010614
2022-2023,Graphite-ArtificialGraphite,38011000,Import,BAHARAIN IS,0.0,13000.0,0.0
2022-2023,Graphite-ArtificialGraphite,38011000,Import,BELGIUM,0.71,414816.0,1.0468888233559421
2022-2023,Graphite-ArtificialGraphite,38011000,Import,BRAZIL,0.02,14027.0,0.029489826010026535
2022-2023,Graphite-ArtificialGraphite,38011000,Import,CANADA,0.0,68.0,0.0
2022-2023,Graphite-ArtificialGraphite,38011000,Import,CHINA P RP,53.7,41661268.0,79.18018283692125
2022-2023,Graphite-ArtificialGraphite,38011000,Import,DENMARK,0.09,68065.0,0.13270421704511942
2022-2023,Graphite-ArtificialGraphite,38011000,Import,FRANCE,1.7,359833.0,2.5066352108522554
2022-2023,Graphite-ArtificialGraphite,38011000,Import,GERMANY,2.71,1225919.0,3.9958714243585955
2022-2023,Graphite-ArtificialGraphite,38011000,Import,HONG KONG,0.04,11817.0,0.05897965202005307
2022-2023,Graphite-ArtificialGraphite,38011000,Import,ITALY,0.22,43432.0,0.3243880861102919
2022-2023,Graphite-ArtificialGraphite,38011000,Import,JAPAN,2.82,451165.0,4.158065467413741
2022-2023,Graphite-ArtificialGraphite,38011000,Import,KOREA RP,0.34,30581.0,0.5013270421704512
2022-2023,Graphite-ArtificialGraphite,38011000,Import,MALAYSIA,0.4,812183.0,0.5897965202005309
2022-2023,Graphite-ArtificialGraphite,38011000,Import,NETHERLAND,0.28,171696.0,0.41285756414037156
2022-2023,Graphite-ArtificialGraphite,38011000,Import,NORWAY,,,
2022-2023,Graphite-ArtificialGraphite,38011000,Import,OMAN,0.0,14790.0,0.0
2022-2023,Graphite-ArtificialGraphite,38011000,Import,POLAND,0.02,4560.0,0.029489826010026535
2022-2023,Graphite-ArtificialGraphite,38011000,Import,RUSSIA,,,
2022-2023,Graphite-ArtificialGraphite,38011000,Import,SAUDI ARAB,,,
2022-2023,Graphite-ArtificialGraphite,38011000,Import,SINGAPORE,0.0,,0.0
2022-2023,Graphite-ArtificialGraphite,38011000,Import,SLOVENIA,0.06,21200.0,0.08846947803007961
2022-2023,Graphite-ArtificialGraphite,38011000,Import,SOUTH AFRICA,0.84,660001.0,1.2385726924211145
2022-2023,Graphite-ArtificialGraphite,38011000,Import,SPAIN,0.0,66.0,0.0
2022-2023,Graphite-ArtificialGraphite,38011000,Import,SRI LANKA DSR,0.0,500.0,0.0
2022-2023,Graphite-ArtificialGraphite,38011000,Import,SWEDEN,0.3,84134.0,0.4423473901503981
2022-2023,Graphite-ArtificialGraphite,38011000,Import,SWITZERLAND,0.36,57015.0,0.5308168681804777
2022-2023,Graphite-ArtificialGraphite,38011000,Import,TAIWAN,0.0,4.0,0.0
2022-2023,Graphite-ArtificialGraphite,38011000,Import,U ARAB EMTS,0.11,277340.0,0.16219404305514595
2022-2023,Graphite-ArtificialGraphite,38011000,Import,U K,0.42,235862.0,0.6192863462105572
2022-2023,Graphite-ArtificialGraphite,38011000,Import,U S A,2.58,255881.0,3.8041875552934235
2023-2024,Graphite-ArtificialGraphite,38011000,Import,AUSTRALIA,0.01,14015.0,0.01494544911074578
2023-2024,Graphite-ArtificialGraphite,38011000,Import,AUSTRIA,0.19,109000.0,0.28396353310416983
2023-2024,Graphite-ArtificialGraphite,38011000,Import,BAHARAIN IS,,,
2023-2024,Graphite-ArtificialGraphite,38011000,Import,BELGIUM,0.14,43527.0,0.20923628755044094
2023-2024,Graphite-ArtificialGraphite,38011000,Import,BHUTAN,0.0,17700.0,0.0
2023-2024,Graphite-ArtificialGraphite,38011000,Import,BRAZIL,0.02,26000.0,0.02989089822149156
2023-2024,Graphite-ArtificialGraphite,38011000,Import,CANADA,0.03,1512.0,0.044836347332237333
2023-2024,Graphite-ArtificialGraphite,38011000,Import,CHINA P RP,53.69,58407512.0,80.24211627559407
2023-2024,Graphite-ArtificialGraphite,38011000,Import,DENMARK,0.03,14000.0,0.044836347332237333
2023-2024,Graphite-ArtificialGraphite,38011000,Import,FRANCE,1.27,252825.0,1.8980720370647137
2023-2024,Graphite-ArtificialGraphite,38011000,Import,GERMANY,1.27,669557.0,1.8980720370647137
2023-2024,Graphite-ArtificialGraphite,38011000,Import,HONG KONG,0.51,737547.0,0.7622179046480347
2023-2024,Graphite-ArtificialGraphite,38011000,Import,ITALY,0.06,8550.0,0.08967269466447467
2023-2024,Graphite-ArtificialGraphite,38011000,Import,JAPAN,2.59,391955.0,3.8708713196831566
2023-2024,Graphite-ArtificialGraphite,38011000,Import,KOREA RP,0.41,39518.0,0.6127634135405768
2023-2024,Graphite-ArtificialGraphite,38011000,Import,MALAYSIA,0.38,807735.0,0.5679270662083397
2023-2024,Graphite-ArtificialGraphite,38011000,Import,NETHERLAND,0.4,360776.0,0.5978179644298312
2023-2024,Graphite-ArtificialGraphite,38011000,Import,NORWAY,0.15,144000.0,0.22418173666118668
2023-2024,Graphite-ArtificialGraphite,38011000,Import,OMAN,,,
2023-2024,Graphite-ArtificialGraphite,38011000,Import,POLAND,,,
2023-2024,Graphite-ArtificialGraphite,38011000,Import,SINGAPORE,0.01,102462.0,0.01494544911074578
2023-2024,Graphite-ArtificialGraphite,38011000,Import,SLOVENIA,,,
2023-2024,Graphite-ArtificialGraphite,38011000,Import,SOUTH AFRICA,1.22,1180000.0,1.8233447915109848
2023-2024,Graphite-ArtificialGraphite,38011000,Import,SPAIN,0.07,440.0,0.10461814377522047
2023-2024,Graphite-ArtificialGraphite,38011000,Import,SRI LANKA DSR,,,
2023-2024,Graphite-ArtificialGraphite,38011000,Import,SWEDEN,0.24,56864.0,0.35869077865789867
2023-2024,Graphite-ArtificialGraphite,38011000,Import,SWITZERLAND,0.56,77332.0,0.8369451502017637
2023-2024,Graphite-ArtificialGraphite,38011000,Import,TAIWAN,0.11,124408.0,0.16439994021820356
2023-2024,Graphite-ArtificialGraphite,38011000,Import,U ARAB EMTS,0.29,797020.0,0.43341802421162756
2023-2024,Graphite-ArtificialGraphite,38011000,Import,U K,0.31,359936.0,0.46330892243311916
2023-2024,Graphite-ArtificialGraphite,38011000,Import,U S A,2.95,142601.0,4.408907487670005
2024-2025,Graphite-ArtificialGraphite,38011000,Import,AUSTRALIA,0.01,27991.0,0.017105713308244952
2024-2025,Graphite-ArtificialGraphite,38011000,Import,AUSTRIA,0.26,155700.0,0.4447485460143688
2024-2025,Graphite-ArtificialGraphite,38011000,Import,BAHARAIN IS,0.03,53000.0,0.05131713992473486
2024-2025,Graphite-ArtificialGraphite,38011000,Import,BELGIUM,0.09,15381.0,0.15395141977420457
2024-2025,Graphite-ArtificialGraphite,38011000,Import,BHUTAN,0.05,250720.0,0.08552856654122477
2024-2025,Graphite-ArtificialGraphite,38011000,Import,BRAZIL,,,
2024-2025,Graphite-ArtificialGraphite,38011000,Import,CANADA,0.01,1802.0,0.017105713308244952
2024-2025,Graphite-ArtificialGraphite,38011000,Import,CHINA P RP,43.82,61004759.0,74.95723571672939
2024-2025,Graphite-ArtificialGraphite,38011000,Import,DENMARK,,,
2024-2025,Graphite-ArtificialGraphite,38011000,Import,FRANCE,1.01,197962.0,1.7276770441327403
2024-2025,Graphite-ArtificialGraphite,38011000,Import,GERMANY,2.48,862276.0,4.242216900444749
2024-2025,Graphite-ArtificialGraphite,38011000,Import,HONG KONG,0.22,304346.0,0.376325692781389
2024-2025,Graphite-ArtificialGraphite,38011000,Import,ITALY,0.5,118432.0,0.8552856654122476
2024-2025,Graphite-ArtificialGraphite,38011000,Import,JAPAN,4.18,563916.0,7.15018816284639
2024-2025,Graphite-ArtificialGraphite,38011000,Import,KOREA RP,0.49,52839.0,0.8381799521040028
2024-2025,Graphite-ArtificialGraphite,38011000,Import,MALAYSIA,0.56,1195917.0,0.9579199452617174
2024-2025,Graphite-ArtificialGraphite,38011000,Import,NETHERLAND,0.5,139228.0,0.8552856654122476
2024-2025,Graphite-ArtificialGraphite,38011000,Import,NORWAY,0.16,143809.0,0.27369141293191923
2024-2025,Graphite-ArtificialGraphite,38011000,Import,OMAN,0.04,81920.0,0.06842285323297981
2024-2025,Graphite-ArtificialGraphite,38011000,Import,SINGAPORE,0.59,184588.0,1.009237085186452
2024-2025,Graphite-ArtificialGraphite,38011000,Import,SOUTH AFRICA,0.91,1200000.0,1.5566199110502907
2024-2025,Graphite-ArtificialGraphite,38011000,Import,SPAIN,0.0,63.0,0.0
2024-2025,Graphite-ArtificialGraphite,38011000,Import,SWEDEN,0.43,107163.0,0.7355456722545329
2024-2025,Graphite-ArtificialGraphite,38011000,Import,SWITZERLAND,0.01,3218.0,0.017105713308244952
2024-2025,Graphite-ArtificialGraphite,38011000,Import,TAIWAN,0.12,20140061.0,0.20526855969893945
2024-2025,Graphite-ArtificialGraphite,38011000,Import,THAILAND,0.23,32105.0,0.39343140608963395
2024-2025,Graphite-ArtificialGraphite,38011000,Import,TURKEY,0.02,3154.0,0.034211426616489904
2024-2025,Graphite-ArtificialGraphite,38011000,Import,U ARAB EMTS,0.05,217200.0,0.08552856654122477
2024-2025,Graphite-ArtificialGraphite,38011000,Import,U K,0.14,159043.0,0.23947998631542936
2024-2025,Graphite-ArtificialGraphite,38011000,Import,U S A,1.23,92767.0,2.104002736914129
2024-2025,Graphite-ArtificialGraphite,38011000,Import,VIETNAM SOC REP,0.32,44521.0,0.5473828258638385
2018-2019,Graphite-NaturalGraphite,25041010,Import,AUSTRIA,,,
2018-2019,Graphite-NaturalGraphite,25041010,Import,BELGIUM,0.03,39701.0,0.4120879120879121
2018-2019,Graphite-NaturalGraphite,25041010,Import,BRAZIL,0.8,775000.0,10.98901098901099
2018-2019,Graphite-NaturalGraphite,25041010,Import,CANADA,0.02,5850.0,0.27472527472527475
2018-2019,Graphite-NaturalGraphite,25041010,Import,CHINA P RP,4.54,5736310.0,62.362637362637365
2018-2019,Graphite-NaturalGraphite,25041010,Import,CZECH REPUBLIC,,,
2018-2019,Graphite-NaturalGraphite,25041010,Import,DENMARK,,,
2018-2019,Graphite-NaturalGraphite,25041010,Import,FRANCE,0.02,2287.0,0.27472527472527475
2018-2019,Graphite-NaturalGraphite,25041010,Import,GERMANY,0.4,53580.0,5.494505494505495
2018-2019,Graphite-NaturalGraphite,25041010,Import,JAPAN,0.05,9310.0,0.6868131868131869
2018-2019,Graphite-NaturalGraphite,25041010,Import,MADAGASCAR,1.28,1316000.0,17.582417582417584
2018-2019,Graphite-NaturalGraphite,25041010,Import,MOZAMBIQUE,0.02,20000.0,0.27472527472527475
2018-2019,Graphite-NaturalGraphite,25041010,Import,NETHERLAND,,,
2018-2019,Graphite-NaturalGraphite,25041010,Import,SRI LANKA DSR,,,
2018-2019,Graphite-NaturalGraphite,25041010,Import,U K,0.09,91600.0,1.2362637362637363
2018-2019,Graphite-NaturalGraphite,25041010,Import,U S A,0.03,9156.0,0.4120879120879121
2019-2020,Graphite-NaturalGraphite,25041010,Import,AUSTRALIA,0.05,112000.0,0.8305647840531563
2019-2020,Graphite-NaturalGraphite,25041010,Import,BELGIUM,0.01,1250.0,0.1661129568106312
2019-2020,Graphite-NaturalGraphite,25041010,Import,BRAZIL,0.67,640000.0,11.129568106312291
2019-2020,Graphite-NaturalGraphite,25041010,Import,CANADA,0.06,17550.0,0.9966777408637874
2019-2020,Graphite-NaturalGraphite,25041010,Import,CHINA P RP,2.55,3849950.0,42.35880398671096
2019-2020,Graphite-NaturalGraphite,25041010,Import,FRANCE,0.03,2472.0,0.4983388704318937
2019-2020,Graphite-NaturalGraphite,25041010,Import,GERMANY,0.37,71047.0,6.146179401993355
2019-2020,Graphite-NaturalGraphite,25041010,Import,ITALY,0.0,1814.0,0.0
2019-2020,Graphite-NaturalGraphite,25041010,Import,JAPAN,0.03,5910.0,0.4983388704318937
2019-2020,Graphite-NaturalGraphite,25041010,Import,MADAGASCAR,2.1,2812130.0,34.883720930232556
2019-2020,Graphite-NaturalGraphite,25041010,Import,MOZAMBIQUE,0.04,60000.0,0.6644518272425248
2019-2020,Graphite-NaturalGraphite,25041010,Import,U K,0.02,12000.0,0.3322259136212624
2019-2020,Graphite-NaturalGraphite,25041010,Import,U S A,0.09,37263.0,1.4950166112956809
2020-2021,Graphite-NaturalGraphite,25041010,Import,AUSTRALIA,,,
2020-2021,Graphite-NaturalGraphite,25041010,Import,AUSTRIA,0.02,12820.0,0.25220680958385877
2020-2021,Graphite-NaturalGraphite,25041010,Import,BELGIUM,0.01,1260.0,0.12610340479192939
2020-2021,Graphite-NaturalGraphite,25041010,Import,BRAZIL,0.08,80000.0,1.008827238335435
2020-2021,Graphite-NaturalGraphite,25041010,Import,CANADA,0.07,17550.0,0.8827238335435058
2020-2021,Graphite-NaturalGraphite,25041010,Import,CHINA P RP,2.4,3592110.0,30.26481715006305
2020-2021,Graphite-NaturalGraphite,25041010,Import,FRANCE,,,
2020-2021,Graphite-NaturalGraphite,25041010,Import,GERMANY,0.42,84879.0,5.296343001261034
2020-2021,Graphite-NaturalGraphite,25041010,Import,ITALY,0.01,4536.0,0.12610340479192939
2020-2021,Graphite-NaturalGraphite,25041010,Import,JAPAN,0.04,12000.0,0.5044136191677175
2020-2021,Graphite-NaturalGraphite,25041010,Import,MADAGASCAR,3.44,4555750.0,43.37957124842371
2020-2021,Graphite-NaturalGraphite,25041010,Import,MOZAMBIQUE,0.15,254397.0,1.8915510718789406
2020-2021,Graphite-NaturalGraphite,25041010,Import,SWITZERLAND,0.0,,0.0
2020-2021,Graphite-NaturalGraphite,25041010,Import,U K,0.04,32000.0,0.5044136191677175
2020-2021,Graphite-NaturalGraphite,25041010,Import,U S A,0.05,17668.0,0.630517023959647
2020-2021,Graphite-NaturalGraphite,25041010,Import,UKRAINE,0.01,7000.0,0.12610340479192939
2020-2021,Graphite-NaturalGraphite,25041010,Import,VIETNAM SOC REP,1.19,2838000.0,15.006305170239594
2021-2022,Graphite-NaturalGraphite,25041010,Import,AUSTRIA,0.06,59200.0,0.7168458781362007
2021-2022,Graphite-NaturalGraphite,25041010,Import,BELGIUM,0.03,9800.0,0.35842293906810035
2021-2022,Graphite-NaturalGraphite,25041010,Import,BRAZIL,0.23,252000.0,2.747909199522103
2021-2022,Graphite-NaturalGraphite,25041010,Import,CANADA,0.08,21060.0,0.9557945041816011
2021-2022,Graphite-NaturalGraphite,25041010,Import,CHINA P RP,2.83,2532105.0,33.81123058542414
2021-2022,Graphite-NaturalGraphite,25041010,Import,GERMANY,0.47,113755.0,5.615292712066906
2021-2022,Graphite-NaturalGraphite,25041010,Import,ITALY,0.04,16329.0,0.47789725209080053
2021-2022,Graphite-NaturalGraphite,25041010,Import,JAPAN,0.19,36940.0,2.2700119474313025
2021-2022,Graphite-NaturalGraphite,25041010,Import,KOREA RP,0.0,50.0,0.0
2021-2022,Graphite-NaturalGraphite,25041010,Import,MADAGASCAR,4.31,6011000.0,51.493428912783756
2021-2022,Graphite-NaturalGraphite,25041010,Import,MOZAMBIQUE,,,
2021-2022,Graphite-NaturalGraphite,25041010,Import,NETHERLAND,0.03,8400.0,0.35842293906810035
2021-2022,Graphite-NaturalGraphite,25041010,Import,NORWAY,0.0,200.0,0.0
2021-2022,Graphite-NaturalGraphite,25041010,Import,SWEDEN,0.01,2160.0,0.11947431302270013
2021-2022,Graphite-NaturalGraphite,25041010,Import,SWITZERLAND,,,
2021-2022,Graphite-NaturalGraphite,25041010,Import,U K,0.01,4576.0,0.11947431302270013
2021-2022,Graphite-NaturalGraphite,25041010,Import,U S A,0.08,25919.0,0.9557945041816011
2021-2022,Graphite-NaturalGraphite,25041010,Import,UKRAINE,,,
2021-2022,Graphite-NaturalGraphite,25041010,Import,VIETNAM SOC REP,,,
2022-2023,Graphite-NaturalGraphite,25041010,Import,AUSTRIA,0.03,20000.0,0.4048582995951417
2022-2023,Graphite-NaturalGraphite,25041010,Import,BELGIUM,,,
2022-2023,Graphite-NaturalGraphite,25041010,Import,BRAZIL,,,
2022-2023,Graphite-NaturalGraphite,25041010,Import,CANADA,0.05,11940.0,0.6747638326585697
2022-2023,Graphite-NaturalGraphite,25041010,Import,CHINA P RP,3.4,3672740.0,45.88394062078273
2022-2023,Graphite-NaturalGraphite,25041010,Import,GERMANY,0.57,122740.0,7.6923076923076925
2022-2023,Graphite-NaturalGraphite,25041010,Import,HONG KONG,0.0,25.0,0.0
2022-2023,Graphite-NaturalGraphite,25041010,Import,ITALY,,,
2022-2023,Graphite-NaturalGraphite,25041010,Import,JAPAN,0.15,39565.0,2.0242914979757085
2022-2023,Graphite-NaturalGraphite,25041010,Import,KOREA RP,0.0,540.0,0.0
2022-2023,Graphite-NaturalGraphite,25041010,Import,MADAGASCAR,2.61,3477000.0,35.22267206477733
2022-2023,Graphite-NaturalGraphite,25041010,Import,MEXICO,0.02,9072.0,0.26990553306342785
2022-2023,Graphite-NaturalGraphite,25041010,Import,MOZAMBIQUE,0.24,203056.0,3.2388663967611335
2022-2023,Graphite-NaturalGraphite,25041010,Import,NETHERLAND,,,
2022-2023,Graphite-NaturalGraphite,25041010,Import,NORWAY,,,
2022-2023,Graphite-NaturalGraphite,25041010,Import,SOUTH AFRICA,0.0,6.0,0.0
2022-2023,Graphite-NaturalGraphite,25041010,Import,SWEDEN,0.01,2700.0,0.13495276653171392
2022-2023,Graphite-NaturalGraphite,25041010,Import,TANZANIA REP,0.2,250000.0,2.6990553306342786
2022-2023,Graphite-NaturalGraphite,25041010,Import,U K,0.03,16500.0,0.4048582995951417
2022-2023,Graphite-NaturalGraphite,25041010,Import,U S A,0.1,33118.0,1.3495276653171393
2023-2024,Graphite-NaturalGraphite,25041010,Import,AUSTRIA,0.01,7000.0,0.136986301369863
2023-2024,Graphite-NaturalGraphite,25041010,Import,CANADA,0.04,9945.0,0.547945205479452
2023-2024,Graphite-NaturalGraphite,25041010,Import,CHINA P RP,3.71,4133300.0,50.821917808219176
2023-2024,Graphite-NaturalGraphite,25041010,Import,GERMANY,0.11,17595.0,1.5068493150684932
2023-2024,Graphite-NaturalGraphite,25041010,Import,HONG KONG,,,
2023-2024,Graphite-NaturalGraphite,25041010,Import,ITALY,0.0,495.0,0.0
2023-2024,Graphite-NaturalGraphite,25041010,Import,JAPAN,0.39,24140.0,5.342465753424658
2023-2024,Graphite-NaturalGraphite,25041010,Import,KOREA RP,,,
2023-2024,Graphite-NaturalGraphite,25041010,Import,MADAGASCAR,2.3,2948650.0,31.506849315068493
2023-2024,Graphite-NaturalGraphite,25041010,Import,MEXICO,,,
2023-2024,Graphite-NaturalGraphite,25041010,Import,MOZAMBIQUE,0.08,120544.0,1.095890410958904
2023-2024,Graphite-NaturalGraphite,25041010,Import,SINGAPORE,0.04,80000.0,0.547945205479452
2023-2024,Graphite-NaturalGraphite,25041010,Import,SOUTH AFRICA,,,
2023-2024,Graphite-NaturalGraphite,25041010,Import,SWEDEN,0.01,1080.0,0.136986301369863
2023-2024,Graphite-NaturalGraphite,25041010,Import,TANZANIA REP,0.02,48000.0,0.273972602739726
2023-2024,Graphite-NaturalGraphite,25041010,Import,U ARAB EMTS,0.07,75500.0,0.9589041095890412
2023-2024,Graphite-NaturalGraphite,25041010,Import,U K,0.03,16000.0,0.410958904109589
2023-2024,Graphite-NaturalGraphite,25041010,Import,U S A,0.15,42535.0,2.054794520547945
2023-2024,Graphite-NaturalGraphite,25041010,Import,UKRAINE,0.0,150.0,0.0
2023-2024,Graphite-NaturalGraphite,25041010,Import,VIETNAM SOC REP,0.34,674000.0,4.657534246575342
2024-2025,Graphite-NaturalGraphite,25041010,Import,AUSTRIA,0.07,37000.0,0.6357856494096277
2024-2025,Graphite-NaturalGraphite,25041010,Import,CANADA,0.86,623475.0,7.811080835603996
2024-2025,Graphite-NaturalGraphite,25041010,Import,CHINA P RP,0.03,22207.0,0.2724795640326975
2024-2025,Graphite-NaturalGraphite,25041010,Import,GERMANY,1.46,456183.0,13.260672116257947
2024-2025,Graphite-NaturalGraphite,25041010,Import,ITALY,0.0,907.0,0.0
2024-2025,Graphite-NaturalGraphite,25041010,Import,JAPAN,0.38,25340.0,3.451407811080836
2024-2025,Graphite-NaturalGraphite,25041010,Import,KOREA RP,0.05,56500.0,0.4541326067211626
2024-2025,Graphite-NaturalGraphite,25041010,Import,MADAGASCAR,2.54,3275000.0,23.06993642143506
2024-2025,Graphite-NaturalGraphite,25041010,Import,MALAYSIA,0.7,888000.0,6.357856494096276
2024-2025,Graphite-NaturalGraphite,25041010,Import,MOZAMBIQUE,2.82,10170945.0,25.61307901907357
2024-2025,Graphite-NaturalGraphite,25041010,Import,SINGAPORE,,,
2024-2025,Graphite-NaturalGraphite,25041010,Import,SRI LANKA DSR,0.02,6000.0,0.18165304268846505
2024-2025,Graphite-NaturalGraphite,25041010,Import,SWEDEN,,,
2024-2025,Graphite-NaturalGraphite,25041010,Import,SWITZERLAND,0.0,51.0,0.0
2024-2025,Graphite-NaturalGraphite,25041010,Import,TANZANIA REP,1.75,3422456.0,15.894641235240691
2024-2025,Graphite-NaturalGraphite,25041010,Import,U ARAB EMTS,0.03,264520.0,0.2724795640326975
2024-2025,Graphite-NaturalGraphite,25041010,Import,U K,0.06,39000.0,0.544959128065395
2024-2025,Graphite-NaturalGraphite,25041010,Import,U S A,0.15,48000.0,1.3623978201634876
2024-2025,Graphite-NaturalGraphite,25041010,Import,UKRAINE,,,
2024-2025,Graphite-NaturalGraphite,25041010,Import,VIETNAM SOC REP,0.09,168000.0,0.8174386920980926
2018-2019,Graphite,25041010,Import,AUSTRIA,,,
2018-2019,Graphite,25041010,Import,BELGIUM,0.03,39701.0,0.4120879120879121
2018-2019,Graphite,25041010,Import,BRAZIL,0.8,775000.0,10.98901098901099
2018-2019,Graphite,25041010,Import,CANADA,0.02,5850.0,0.27472527472527475
2018-2019,Graphite,25041010,Import,CHINA P RP,4.54,5736310.0,62.362637362637365
2018-2019,Graphite,25041010,Import,CZECH REPUBLIC,,,
2018-2019,Graphite,25041010,Import,DENMARK,,,
2018-2019,Graphite,25041010,Import,FRANCE,0.02,2287.0,0.27472527472527475
2018-2019,Graphite,25041010,Import,GERMANY,0.4,53580.0,5.494505494505495
2018-2019,Graphite,25041010,Import,JAPAN,0.05,9310.0,0.6868131868131869
2018-2019,Graphite,25041010,Import,MADAGASCAR,1.28,1316000.0,17.582417582417584
2018-2019,Graphite,25041010,Import,MOZAMBIQUE,0.02,20000.0,0.27472527472527475
2018-2019,Graphite,25041010,Import,NETHERLAND,,,
2018-2019,Graphite,25041010,Import,SRI LANKA DSR,,,
2018-2019,Graphite,25041010,Import,U K,0.09,91600.0,1.2362637362637363
2018-2019,Graphite,25041010,Import,U S A,0.03,9156.0,0.4120879120879121
2019-2020,Graphite,25041010,Import,AUSTRALIA,0.05,112000.0,0.8305647840531563
2019-2020,Graphite,25041010,Import,BELGIUM,0.01,1250.0,0.1661129568106312
2019-2020,Graphite,25041010,Import,BRAZIL,0.67,640000.0,11.129568106312291
2019-2020,Graphite,25041010,Import,CANADA,0.06,17550.0,0.9966777408637874
2019-2020,Graphite,25041010,Import,CHINA P RP,2.55,3849950.0,42.35880398671096
2019-2020,Graphite,25041010,Import,FRANCE,0.03,2472.0,0.4983388704318937
2019-2020,Graphite,25041010,Import,GERMANY,0.37,71047.0,6.146179401993355
2019-2020,Graphite,25041010,Import,ITALY,0.0,1814.0,0.0
2019-2020,Graphite,25041010,Import,JAPAN,0.03,5910.0,0.4983388704318937
2019-2020,Graphite,25041010,Import,MADAGASCAR,2.1,2812130.0,34.883720930232556
2019-2020,Graphite,25041010,Import,MOZAMBIQUE,0.04,60000.0,0.6644518272425248
2019-2020,Graphite,25041010,Import,U K,0.02,12000.0,0.3322259136212624
2019-2020,Graphite,25041010,Import,U S A,0.09,37263.0,1.4950166112956809
2020-2021,Graphite,25041010,Import,AUSTRALIA,,,
2020-2021,Graphite,25041010,Import,AUSTRIA,0.02,12820.0,0.25220680958385877
2020-2021,Graphite,25041010,Import,BELGIUM,0.01,1260.0,0.12610340479192939
2020-2021,Graphite,25041010,Import,BRAZIL,0.08,80000.0,1.008827238335435
2020-2021,Graphite,25041010,Import,CANADA,0.07,17550.0,0.8827238335435058
2020-2021,Graphite,25041010,Import,CHINA P RP,2.4,3592110.0,30.26481715006305
2020-2021,Graphite,25041010,Import,FRANCE,,,
2020-2021,Graphite,25041010,Import,GERMANY,0.42,84879.0,5.296343001261034
2020-2021,Graphite,25041010,Import,ITALY,0.01,4536.0,0.12610340479192939
2020-2021,Graphite,25041010,Import,JAPAN,0.04,12000.0,0.5044136191677175
2020-2021,Graphite,25041010,Import,MADAGASCAR,3.44,4555750.0,43.37957124842371
2020-2021,Graphite,25041010,Import,MOZAMBIQUE,0.15,254397.0,1.8915510718789406
2020-2021,Graphite,25041010,Import,SWITZERLAND,0.0,,0.0
2020-2021,Graphite,25041010,Import,U K,0.04,32000.0,0.5044136191677175
2020-2021,Graphite,25041010,Import,U S A,0.05,17668.0,0.630517023959647
2020-2021,Graphite,25041010,Import,UKRAINE,0.01,7000.0,0.12610340479192939
2020-2021,Graphite,25041010,Import,VIETNAM SOC REP,1.19,2838000.0,15.006305170239594
2021-2022,Graphite,25041010,Import,AUSTRIA,0.06,59200.0,0.7168458781362007
2021-2022,Graphite,25041010,Import,BELGIUM,0.03,9800.0,0.35842293906810035
2021-2022,Graphite,25041010,Import,BRAZIL,0.23,252000.0,2.747909199522103
2021-2022,Graphite,25041010,Import,CANADA,0.08,21060.0,0.9557945041816011
2021-2022,Graphite,25041010,Import,CHINA P RP,2.83,2532105.0,33.81123058542414
2021-2022,Graphite,25041010,Import,GERMANY,0.47,113755.0,5.615292712066906
2021-2022,Graphite,25041010,Import,ITALY,0.04,16329.0,0.47789725209080053
2021-2022,Graphite,25041010,Import,JAPAN,0.19,36940.0,2.2700119474313025
2021-2022,Graphite,25041010,Import,KOREA RP,0.0,50.0,0.0
2021-2022,Graphite,25041010,Import,MADAGASCAR,4.31,6011000.0,51.493428912783756
2021-2022,Graphite,25041010,Import,MOZAMBIQUE,,,
2021-2022,Graphite,25041010,Import,NETHERLAND,0.03,8400.0,0.35842293906810035
2021-2022,Graphite,25041010,Import,NORWAY,0.0,200.0,0.0
2021-2022,Graphite,25041010,Import,SWEDEN,0.01,2160.0,0.11947431302270013
2021-2022,Graphite,25041010,Import,SWITZERLAND,,,
2021-2022,Graphite,25041010,Import,U K,0.01,4576.0,0.11947431302270013
2021-2022,Graphite,25041010,Import,U S A,0.08,25919.0,0.9557945041816011
2021-2022,Graphite,25041010,Import,UKRAINE,,,
2021-2022,Graphite,25041010,Import,VIETNAM SOC REP,,,
2022-2023,Graphite,25041010,Import,AUSTRIA,0.03,20000.0,0.4048582995951417
2022-2023,Graphite,25041010,Import,BELGIUM,,,
2022-2023,Graphite,25041010,Import,BRAZIL,,,
2022-2023,Graphite,25041010,Import,CANADA,0.05,11940.0,0.6747638326585697
2022-2023,Graphite,25041010,Import,CHINA P RP,3.4,3672740.0,45.88394062078273
2022-2023,Graphite,25041010,Import,GERMANY,0.57,122740.0,7.6923076923076925
2022-2023,Graphite,25041010,Import,HONG KONG,0.0,25.0,0.0
2022-2023,Graphite,25041010,Import,ITALY,,,
2022-2023,Graphite,25041010,Import,JAPAN,0.15,39565.0,2.0242914979757085
2022-2023,Graphite,25041010,Import,KOREA RP,0.0,540.0,0.0
2022-2023,Graphite,25041010,Import,MADAGASCAR,2.61,3477000.0,35.22267206477733
2022-2023,Graphite,25041010,Import,MEXICO,0.02,9072.0,0.26990553306342785
2022-2023,Graphite,25041010,Import,MOZAMBIQUE,0.24,203056.0,3.2388663967611335
2022-2023,Graphite,25041010,Import,NETHERLAND,,,
2022-2023,Graphite,25041010,Import,NORWAY,,,
2022-2023,Graphite,25041010,Import,SOUTH AFRICA,0.0,6.0,0.0
2022-2023,Graphite,25041010,Import,SWEDEN,0.01,2700.0,0.13495276653171392
2022-2023,Graphite,25041010,Import,TANZANIA REP,0.2,250000.0,2.6990553306342786
2022-2023,Graphite,25041010,Import,U K,0.03,16500.0,0.4048582995951417
2022-2023,Graphite,25041010,Import,U S A,0.1,33118.0,1.3495276653171393
2023-2024,Graphite,25041010,Import,AUSTRIA,0.01,7000.0,0.136986301369863
2023-2024,Graphite,25041010,Import,CANADA,0.04,9945.0,0.547945205479452
2023-2024,Graphite,25041010,Import,CHINA P RP,3.71,4133300.0,50.821917808219176
2023-2024,Graphite,25041010,Import,GERMANY,0.11,17595.0,1.5068493150684932
2023-2024,Graphite,25041010,Import,HONG KONG,,,
2023-2024,Graphite,25041010,Import,ITALY,0.0,495.0,0.0
2023-2024,Graphite,25041010,Import,JAPAN,0.39,24140.0,5.342465753424658
2023-2024,Graphite,25041010,Import,KOREA RP,,,
2023-2024,Graphite,25041010,Import,MADAGASCAR,2.3,2948650.0,31.506849315068493
2023-2024,Graphite,25041010,Import,MEXICO,,,
2023-2024,Graphite,25041010,Import,MOZAMBIQUE,0.08,120544.0,1.095890410958904
2023-2024,Graphite,25041010,Import,SINGAPORE,0.04,80000.0,0.547945205479452
2023-2024,Graphite,25041010,Import,SOUTH AFRICA,,,
2023-2024,Graphite,25041010,Import,SWEDEN,0.01,1080.0,0.136986301369863
2023-2024,Graphite,25041010,Import,TANZANIA REP,0.02,48000.0,0.273972602739726
2023-2024,Graphite,25041010,Import,U ARAB EMTS,0.07,75500.0,0.9589041095890412
2023-2024,Graphite,25041010,Import,U K,0.03,16000.0,0.410958904109589
2023-2024,Graphite,25041010,Import,U S A,0.15,42535.0,2.054794520547945
2023-2024,Graphite,25041010,Import,UKRAINE,0.0,150.0,0.0
2023-2024,Graphite,25041010,Import,VIETNAM SOC REP,0.34,674000.0,4.657534246575342
2024-2025,Graphite,25041010,Import,AUSTRIA,0.01,7000.0,0.136986301369863
2024-2025,Graphite,25041010,Import,CANADA,0.04,9945.0,0.547945205479452
2024-2025,Graphite,25041010,Import,CHINA P RP,3.71,4133300.0,50.821917808219176
2024-2025,Graphite,25041010,Import,GERMANY,0.11,17595.0,1.5068493150684932
2024-2025,Graphite,25041010,Import,HONG KONG,,,
2024-2025,Graphite,25041010,Import,ITALY,0.0,495.0,0.0
2024-2025,Graphite,25041010,Import,JAPAN,0.39,24140.0,5.342465753424658
2024-2025,Graphite,25041010,Import,KOREA RP,,,
2024-2025,Graphite,25041010,Import,MADAGASCAR,2.3,2948650.0,31.506849315068493
2024-2025,Graphite,25041010,Import,MEXICO,,,
2024-2025,Graphite,25041010,Import,MOZAMBIQUE,0.08,120544.0,1.095890410958904
2024-2025,Graphite,25041010,Import,SINGAPORE,0.04,80000.0,0.547945205479452
2024-2025,Graphite,25041010,Import,SOUTH AFRICA,,,
2024-2025,Graphite,25041010,Import,SWEDEN,0.01,1080.0,0.136986301369863
2024-2025,Graphite,25041010,Import,TANZANIA REP,0.02,48000.0,0.273972602739726
2024-2025,Graphite,25041010,Import,U ARAB EMTS,0.07,75500.0,0.9589041095890412
2024-2025,Graphite,25041010,Import,U K,0.03,16000.0,0.410958904109589
2024-2025,Graphite,25041010,Import,U S A,0.15,42535.0,2.054794520547945
2024-2025,Graphite,25041010,Import,UKRAINE,0.0,150.0,0.0
2024-2025,Graphite,25041010,Import,VIETNAM SOC REP,0.34,674000.0,4.657534246575342
2018-2019,LithiumCarbonate,28369100,Import,AUSTRIA,,,
2018-2019,LithiumCarbonate,28369100,Import,BELGIUM,0.01,520.0,2.1739130434782608
2018-2019,LithiumCarbonate,28369100,Import,CHINA P RP,0.33,98701.0,71.73913043478261
2018-2019,LithiumCarbonate,28369100,Import,FRANCE,0.01,400.0,2.1739130434782608
2018-2019,LithiumCarbonate,28369100,Import,GERMANY,0.0,250.0,0.0
2018-2019,LithiumCarbonate,28369100,Import,JAPAN,0.02,670.0,4.3478260869565215
2018-2019,LithiumCarbonate,28369100,Import,KOREA RP,0.04,1400.0,8.695652173913043
2018-2019,LithiumCarbonate,28369100,Import,MALAYSIA,,,
2018-2019,LithiumCarbonate,28369100,Import,NORWAY,0.0,250.0,0.0
2018-2019,LithiumCarbonate,28369100,Import,POLAND,,,
2018-2019,LithiumCarbonate,28369100,Import,SPAIN,,,
2018-2019,LithiumCarbonate,28369100,Import,U K,0.02,752.0,4.3478260869565215
2018-2019,LithiumCarbonate,28369100,Import,U S A,0.03,1012.0,6.521739130434782
2019-2020,LithiumCarbonate,28369100,Import,ARGENTINA,0.65,56000.0,5.798394290811775
2019-2020,LithiumCarbonate,28369100,Import,AUSTRIA,,,
2019-2020,LithiumCarbonate,28369100,Import,BELGIUM,2.46,206150.0,21.944692239072257
2019-2020,LithiumCarbonate,28369100,Import,CHILE,1.32,95000.0,11.775200713648527
2019-2020,LithiumCarbonate,28369100,Import,CHINA P RP,0.64,57000.0,5.709188224799286
2019-2020,LithiumCarbonate,28369100,Import,FRANCE,,,
2019-2020,LithiumCarbonate,28369100,Import,GERMANY,0.01,262.0,0.08920606601248884
2019-2020,LithiumCarbonate,28369100,Import,IRELAND,0.05,100000.0,0.44603033006244425
2019-2020,LithiumCarbonate,28369100,Import,ITALY,0.02,1400.0,0.1784121320249777
2019-2020,LithiumCarbonate,28369100,Import,JAPAN,0.18,12020.0,1.6057091882247994
2019-2020,LithiumCarbonate,28369100,Import,MALAYSIA,0.02,200.0,0.1784121320249777
2019-2020,LithiumCarbonate,28369100,Import,NETHERLAND,0.2,400000.0,1.784121320249777
2019-2020,LithiumCarbonate,28369100,Import,RUSSIA,0.0,2.0,0.0
2019-2020,LithiumCarbonate,28369100,Import,SINGAPORE,0.84,22803.0,7.493309545049062
2019-2020,LithiumCarbonate,28369100,Import,SLOVENIA,0.63,15000.0,5.619982158786797
2019-2020,LithiumCarbonate,28369100,Import,U K,0.21,20008.0,1.8733273862622655
2019-2020,LithiumCarbonate,28369100,Import,U S A,3.98,133268.0,35.50401427297056
2020-2021,LithiumCarbonate,28369100,Import,ARGENTINA,0.34,60000.0,3.9719626168224296
2020-2021,LithiumCarbonate,28369100,Import,AUSTRIA,0.12,2950.0,1.4018691588785044
2020-2021,LithiumCarbonate,28369100,Import,BELGIUM,1.74,266401.0,20.327102803738317
2020-2021,LithiumCarbonate,28369100,Import,CANADA,0.05,9000.0,0.5841121495327103
2020-2021,LithiumCarbonate,28369100,Import,CHILE,0.63,71200.0,7.359813084112149
2020-2021,LithiumCarbonate,28369100,Import,CHINA P RP,0.37,56805.0,4.322429906542056
2020-2021,LithiumCarbonate,28369100,Import,GERMANY,0.65,120002.0,7.593457943925233
2020-2021,LithiumCarbonate,28369100,Import,IRELAND,0.22,400000.0,2.570093457943925
2020-2021,LithiumCarbonate,28369100,Import,ITALY,0.01,600.0,0.11682242990654204
2020-2021,LithiumCarbonate,28369100,Import,JAPAN,0.0,40.0,0.0
2020-2021,LithiumCarbonate,28369100,Import,MALAYSIA,,,
2020-2021,LithiumCarbonate,28369100,Import,NETHERLAND,0.06,100200.0,0.7009345794392522
2020-2021,LithiumCarbonate,28369100,Import,RUSSIA,,,
2020-2021,LithiumCarbonate,28369100,Import,SINGAPORE,0.77,21000.0,8.995327102803738
2020-2021,LithiumCarbonate,28369100,Import,SLOVENIA,,,
2020-2021,LithiumCarbonate,28369100,Import,U K,0.08,13086.0,0.9345794392523363
2020-2021,LithiumCarbonate,28369100,Import,U S A,3.52,121805.0,41.1214953271028
2021-2022,LithiumCarbonate,28369100,Import,ARGENTINA,0.41,40000.0,4.7180667433832
2021-2022,LithiumCarbonate,28369100,Import,AUSTRIA,0.46,10000.0,5.293440736478712
2021-2022,LithiumCarbonate,28369100,Import,BELGIUM,3.45,510000.0,39.70080552359034
2021-2022,LithiumCarbonate,28369100,Import,CANADA,0.19,4000.0,2.186421173762946
2021-2022,LithiumCarbonate,28369100,Import,CHILE,0.28,38300.0,3.222094361334868
2021-2022,LithiumCarbonate,28369100,Import,CHINA P RP,0.35,23800.0,4.027617951668584
2021-2022,LithiumCarbonate,28369100,Import,GERMANY,0.37,46205.0,4.25776754890679
2021-2022,LithiumCarbonate,28369100,Import,IRELAND,0.17,300000.0,1.9562715765247412
2021-2022,LithiumCarbonate,28369100,Import,ITALY,0.02,800.0,0.23014959723820483
2021-2022,LithiumCarbonate,28369100,Import,JAPAN,,,
2021-2022,LithiumCarbonate,28369100,Import,NETHERLAND,0.11,200000.0,1.2658227848101267
2021-2022,LithiumCarbonate,28369100,Import,SINGAPORE,0.18,5000.0,2.0713463751438432
2021-2022,LithiumCarbonate,28369100,Import,SLOVENIA,0.46,10000.0,5.293440736478712
2021-2022,LithiumCarbonate,28369100,Import,U K,0.17,20000.0,1.9562715765247412
2021-2022,LithiumCarbonate,28369100,Import,U S A,2.07,33902.0,23.8204833141542
2022-2023,LithiumCarbonate,28369100,Import,ARGENTINA,1.48,43000.0,6.654676258992804
2022-2023,LithiumCarbonate,28369100,Import,AUSTRIA,,,
2022-2023,LithiumCarbonate,28369100,Import,BELGIUM,11.89,227000.0,53.46223021582733
2022-2023,LithiumCarbonate,28369100,Import,BRAZIL,0.0,50.0,0.0
2022-2023,LithiumCarbonate,28369100,Import,CANADA,,,
2022-2023,LithiumCarbonate,28369100,Import,CHILE,0.28,3600.0,1.2589928057553956
2022-2023,LithiumCarbonate,28369100,Import,CHINA P RP,0.0,14.0,0.0
2022-2023,LithiumCarbonate,28369100,Import,GERMANY,0.74,23080.0,3.327338129496402
2022-2023,LithiumCarbonate,28369100,Import,IRELAND,0.12,200000.0,0.539568345323741
2022-2023,LithiumCarbonate,28369100,Import,ITALY,,,
2022-2023,LithiumCarbonate,28369100,Import,NETHERLAND,0.22,400000.0,0.9892086330935251
2022-2023,LithiumCarbonate,28369100,Import,SINGAPORE,0.0,1.0,0.0
2022-2023,LithiumCarbonate,28369100,Import,SLOVENIA,0.6,13000.0,2.6978417266187047
2022-2023,LithiumCarbonate,28369100,Import,U K,2.81,40200.0,12.634892086330934
2022-2023,LithiumCarbonate,28369100,Import,U S A,4.1,75081.0,18.435251798561147
2023-2024,LithiumCarbonate,28369100,Import,BELGIUM,0.0,2.0,0.0
2023-2024,LithiumCarbonate,28369100,Import,CHINA P RP,2.23,231250.0,96.53679653679653
2023-2024,LithiumCarbonate,28369100,Import,ESTONIA,0.01,200.0,0.4329004329004329
2023-2024,LithiumCarbonate,28369100,Import,FRANCE,0.01,800.0,0.4329004329004329
2023-2024,LithiumCarbonate,28369100,Import,GERMANY,0.04,1830.0,1.7316017316017316
2023-2024,LithiumCarbonate,28369100,Import,JAPAN,0.0,17.0,0.0
2023-2024,LithiumCarbonate,28369100,Import,KOREA RP,0.0,1.0,0.0
2023-2024,LithiumCarbonate,28369100,Import,NETHERLAND,0.0,60.0,0.0
2023-2024,LithiumCarbonate,28369100,Import,POLAND,,,
2023-2024,LithiumCarbonate,28369100,Import,SPAIN,0.0,,0.0
2023-2024,LithiumCarbonate,28369100,Import,U K,0.01,4.0,0.4329004329004329
2023-2024,LithiumCarbonate,28369100,Import,U S A,0.01,10.0,0.4329004329004329
2024-2025,LithiumCarbonate,28369100,Import,BELGIUM,0.0,,0.0
2024-2025,LithiumCarbonate,28369100,Import,CHINA P RP,1.23,129870.0,96.09375
2024-2025,LithiumCarbonate,28369100,Import,ESTONIA,0.01,500.0,0.78125
2024-2025,LithiumCarbonate,28369100,Import,FRANCE,,,
2024-2025,LithiumCarbonate,28369100,Import,GERMANY,0.03,1070.0,2.34375
2024-2025,LithiumCarbonate,28369100,Import,JAPAN,0.0,32.0,0.0
2024-2025,LithiumCarbonate,28369100,Import,KOREA RP,0.0,,0.0
2024-2025,LithiumCarbonate,28369100,Import,NETHERLAND,,,
2024-2025,LithiumCarbonate,28369100,Import,SPAIN,,,
2024-2025,LithiumCarbonate,28369100,Import,U K,0.01,17.0,0.78125
2024-2025,LithiumCarbonate,28369100,Import,U S A,0.0,7.0,0.0
2018-2019,LithiumHydroxide,28252000,Import,BELGIUM,8.88,510002.0,28.092375830433408
2018-2019,LithiumHydroxide,28252000,Import,CANADA,0.0,,0.0
2018-2019,LithiumHydroxide,28252000,Import,CHILE,,,
2018-2019,LithiumHydroxide,28252000,Import,CHINA P RP,15.85,936907.0,50.14236001265422
2018-2019,LithiumHydroxide,28252000,Import,GERMANY,0.68,23269.0,2.151217968997153
2018-2019,LithiumHydroxide,28252000,Import,HONG KONG,0.0,35.0,0.0
2018-2019,LithiumHydroxide,28252000,Import,IRELAND,0.0,20.0,0.0
2018-2019,LithiumHydroxide,28252000,Import,JAPAN,0.37,20000.0,1.170515659601392
2018-2019,LithiumHydroxide,28252000,Import,JORDAN,,,
2018-2019,LithiumHydroxide,28252000,Import,NETHERLAND,0.41,25100.0,1.2970578930718126
2018-2019,LithiumHydroxide,28252000,Import,RUSSIA,4.07,209000.0,12.875672255615312
2018-2019,LithiumHydroxide,28252000,Import,SINGAPORE,0.77,50014.0,2.4359379943055997
2018-2019,LithiumHydroxide,28252000,Import,SWITZERLAND,0.32,20000.0,1.012337867763366
2018-2019,LithiumHydroxide,28252000,Import,TAIWAN,0.0,425.0,0.0
2018-2019,LithiumHydroxide,28252000,Import,U K,0.01,736.0,0.03163555836760519
2018-2019,LithiumHydroxide,28252000,Import,U S A,0.25,20009.0,0.7908889591901298
2019-2020,LithiumHydroxide,28252000,Import,BELGIUM,7.42,,39.87103707684041
2019-2020,LithiumHydroxide,28252000,Import,CANADA,0.0,,0.0
2019-2020,LithiumHydroxide,28252000,Import,CHILE,0.37,,1.9881783987103707
2019-2020,LithiumHydroxide,28252000,Import,CHINA P RP,3.01,,16.174099946265446
2019-2020,LithiumHydroxide,28252000,Import,GERMANY,0.5,,2.6867275658248255
2019-2020,LithiumHydroxide,28252000,Import,HONG KONG,0.21,,1.1284255776464267
2019-2020,LithiumHydroxide,28252000,Import,IRELAND,,,
2019-2020,LithiumHydroxide,28252000,Import,JAPAN,0.52,,2.7941966684578183
2019-2020,LithiumHydroxide,28252000,Import,LATVIA,1.18,,6.340677055346587
2019-2020,LithiumHydroxide,28252000,Import,NETHERLAND,0.06,,0.32240730789897903
2019-2020,LithiumHydroxide,28252000,Import,RUSSIA,5.27,,28.318108543793656
2019-2020,LithiumHydroxide,28252000,Import,SINGAPORE,,,
2019-2020,LithiumHydroxide,28252000,Import,SWITZERLAND,0.0,,0.0
2019-2020,LithiumHydroxide,28252000,Import,TAIWAN,,,
2019-2020,LithiumHydroxide,28252000,Import,U ARAB EMTS,0.0,,0.0
2019-2020,LithiumHydroxide,28252000,Import,U K,0.0,,0.0
2019-2020,LithiumHydroxide,28252000,Import,U S A,0.07,,0.3761418592154756
2020-2021,LithiumHydroxide,28252000,Import,BELGIUM,1.88,,11.311672683513837
2020-2021,LithiumHydroxide,28252000,Import,CANADA,,,
2020-2021,LithiumHydroxide,28252000,Import,CHILE,3.33,,20.03610108303249
2020-2021,LithiumHydroxide,28252000,Import,CHINA P RP,3.01,,18.110709987966302
2020-2021,LithiumHydroxide,28252000,Import,CZECH REPUBLIC,0.04,,0.24067388688327318
2020-2021,LithiumHydroxide,28252000,Import,GERMANY,0.32,,1.9253910950661854
2020-2021,LithiumHydroxide,28252000,Import,HONG KONG,,,
2020-2021,LithiumHydroxide,28252000,Import,JAPAN,0.0,,0.0
2020-2021,LithiumHydroxide,28252000,Import,LATVIA,2.41,,14.500601684717207
2020-2021,LithiumHydroxide,28252000,Import,NETHERLAND,0.0,,0.0
2020-2021,LithiumHydroxide,28252000,Import,RUSSIA,5.36,,32.250300842358605
2020-2021,LithiumHydroxide,28252000,Import,SWITZERLAND,0.0,,0.0
2020-2021,LithiumHydroxide,28252000,Import,U ARAB EMTS,0.13,,0.7821901323706377
2020-2021,LithiumHydroxide,28252000,Import,U K,0.14,,0.842358604091456
2020-2021,LithiumHydroxide,28252000,Import,U S A,0.0,,0.0
2021-2022,LithiumHydroxide,28252000,Import,BELGIUM,5.75,,19.834425664022078
2021-2022,LithiumHydroxide,28252000,Import,CHILE,,,
2021-2022,LithiumHydroxide,28252000,Import,CHINA P RP,2.06,,7.1058985857192125
2021-2022,LithiumHydroxide,28252000,Import,CZECH REPUBLIC,,,
2021-2022,LithiumHydroxide,28252000,Import,FRANCE,0.0,,0.0
2021-2022,LithiumHydroxide,28252000,Import,GERMANY,0.27,,0.9313556398758192
2021-2022,LithiumHydroxide,28252000,Import,JAPAN,,,
2021-2022,LithiumHydroxide,28252000,Import,LATVIA,1.62,,5.588133839254915
2021-2022,LithiumHydroxide,28252000,Import,NETHERLAND,,,
2021-2022,LithiumHydroxide,28252000,Import,RUSSIA,11.35,,39.15143152811314
2021-2022,LithiumHydroxide,28252000,Import,SINGAPORE,2.71,,9.348051052086925
2021-2022,LithiumHydroxide,28252000,Import,SWITZERLAND,,,
2021-2022,LithiumHydroxide,28252000,Import,U ARAB EMTS,4.29,,14.798206278026903
2021-2022,LithiumHydroxide,28252000,Import,U K,0.93,,3.2080027595722664
2021-2022,LithiumHydroxide,28252000,Import,U S A,0.01,,0.03449465332873405
2022-2023,LithiumHydroxide,28252000,Import,BELGIUM,34.45,,50.19670697945505
2022-2023,LithiumHydroxide,28252000,Import,CHINA P RP,4.05,,5.901209383651464
2022-2023,LithiumHydroxide,28252000,Import,FRANCE,,,
2022-2023,LithiumHydroxide,28252000,Import,GERMANY,1.24,,1.8067900335130411
2022-2023,LithiumHydroxide,28252000,Import,KENYA,0.06,,0.08742532420224391
2022-2023,LithiumHydroxide,28252000,Import,KOREA RP,0.86,,1.2530963135654962
2022-2023,LithiumHydroxide,28252000,Import,LATVIA,1.14,,1.6610811598426343
2022-2023,LithiumHydroxide,28252000,Import,NETHERLAND,1.17,,1.7047938219437564
2022-2023,LithiumHydroxide,28252000,Import,RUSSIA,10.91,,15.896838117441353
2022-2023,LithiumHydroxide,28252000,Import,SINGAPORE,2.73,,3.9778522512020986
2022-2023,LithiumHydroxide,28252000,Import,U ARAB EMTS,11.19,,16.30482296371849
2022-2023,LithiumHydroxide,28252000,Import,U K,0.19,,0.27684685997377245
2022-2023,LithiumHydroxide,28252000,Import,U S A,0.64,,0.9325367914906019
2023-2024,LithiumHydroxide,28252000,Import,BELGIUM,9.03,383925.0,30.15025041736227
2023-2024,LithiumHydroxide,28252000,Import,CHINA P RP,5.21,228290.0,17.395659432387312
2023-2024,LithiumHydroxide,28252000,Import,GERMANY,1.43,32149.0,4.774624373956595
2023-2024,LithiumHydroxide,28252000,Import,HONG KONG,0.61,20001.0,2.036727879799666
2023-2024,LithiumHydroxide,28252000,Import,JAPAN,0.66,36009.0,2.2036727879799667
2023-2024,LithiumHydroxide,28252000,Import,KENYA,,,
2023-2024,LithiumHydroxide,28252000,Import,KOREA RP,,,
2023-2024,LithiumHydroxide,28252000,Import,LATVIA,0.39,20000.0,1.302170283806344
2023-2024,LithiumHydroxide,28252000,Import,NETHERLAND,,,
2023-2024,LithiumHydroxide,28252000,Import,RUSSIA,9.27,304002.0,30.95158597662771
2023-2024,LithiumHydroxide,28252000,Import,SINGAPORE,,,
2023-2024,LithiumHydroxide,28252000,Import,TANZANIA REP,0.01,24000.0,0.0333889816360601
2023-2024,LithiumHydroxide,28252000,Import,U ARAB EMTS,3.01,85065.0,10.050083472454089
2023-2024,LithiumHydroxide,28252000,Import,U K,0.0,127.0,0.0
2023-2024,LithiumHydroxide,28252000,Import,U S A,0.33,13938.0,1.1018363939899833
2024-2025,LithiumHydroxide,28252000,Import,ARGENTINA,1.1,139212.0,4.7230571060541005
2024-2025,LithiumHydroxide,28252000,Import,AUSTRALIA,0.0,3.0,0.0
2024-2025,LithiumHydroxide,28252000,Import,BELGIUM,8.08,769000.0,34.69300128810649
2024-2025,LithiumHydroxide,28252000,Import,CHILE,0.87,80000.0,3.7355088020609704
2024-2025,LithiumHydroxide,28252000,Import,CHINA P RP,9.16,720066.0,39.330184628595966
2024-2025,LithiumHydroxide,28252000,Import,GERMANY,0.85,30328.0,3.64963503649635
2024-2025,LithiumHydroxide,28252000,Import,HONG KONG,,,
2024-2025,LithiumHydroxide,28252000,Import,JAPAN,0.4,37901.0,1.7174753112924004
2024-2025,LithiumHydroxide,28252000,Import,KOREA RP,0.0,20.0,0.0
2024-2025,LithiumHydroxide,28252000,Import,LATVIA,,,
2024-2025,LithiumHydroxide,28252000,Import,RUSSIA,1.69,120000.0,7.256333190210391
2024-2025,LithiumHydroxide,28252000,Import,TANZANIA REP,,,
2024-2025,LithiumHydroxide,28252000,Import,U ARAB EMTS,0.07,6000.0,0.3005581794761701
2024-2025,LithiumHydroxide,28252000,Import,U K,0.57,50000.0,2.44740231859167
2024-2025,LithiumHydroxide,28252000,Import,U S A,0.5,37779.0,2.1468441391155
2018-2019,Lithium (Carbonate),28369100,Import,ARGENTINA,0.42,26000.0,2.7149321266968323
2018-2019,Lithium (Carbonate),28369100,Import,AUSTRIA,0.32,8500.0,2.068519715578539
2018-2019,Lithium (Carbonate),28369100,Import,BELGIUM,2.42,229200.0,15.643180349062701
2018-2019,Lithium (Carbonate),28369100,Import,CHILE,3.99,238000.0,25.791855203619914
2018-2019,Lithium (Carbonate),28369100,Import,CHINA P RP,2.02,172033.0,13.05753070458953
2018-2019,Lithium (Carbonate),28369100,Import,FRANCE,0.06,110000.0,0.38784744667097604
2018-2019,Lithium (Carbonate),28369100,Import,GERMANY,0.0,147.0,0.0
2018-2019,Lithium (Carbonate),28369100,Import,IRELAND,0.24,440000.0,1.5513897866839041
2018-2019,Lithium (Carbonate),28369100,Import,ITALY,0.03,1400.0,0.19392372333548802
2018-2019,Lithium (Carbonate),28369100,Import,JAPAN,,,
2018-2019,Lithium (Carbonate),28369100,Import,SINGAPORE,0.13,3531.0,0.8403361344537815
2018-2019,Lithium (Carbonate),28369100,Import,SLOVENIA,0.6,14500.0,3.8784744667097604
2018-2019,Lithium (Carbonate),28369100,Import,U K,0.38,160002.0,2.4563671622495153
2018-2019,Lithium (Carbonate),28369100,Import,U S A,4.86,130411.0,31.41564318034906
2019-2020,Lithium (Carbonate),28369100,Import,ARGENTINA,0.65,56000.0,5.798394290811775
2019-2020,Lithium (Carbonate),28369100,Import,AUSTRIA,,,
2019-2020,Lithium (Carbonate),28369100,Import,BELGIUM,2.46,206150.0,21.944692239072257
2019-2020,Lithium (Carbonate),28369100,Import,CHILE,1.32,95000.0,11.775200713648527
2019-2020,Lithium (Carbonate),28369100,Import,CHINA P RP,0.64,57000.0,5.709188224799286
2019-2020,Lithium (Carbonate),28369100,Import,FRANCE,,,
2019-2020,Lithium (Carbonate),28369100,Import,GERMANY,0.01,262.0,0.08920606601248884
2019-2020,Lithium (Carbonate),28369100,Import,IRELAND,0.05,100000.0,0.44603033006244425
2019-2020,Lithium (Carbonate),28369100,Import,ITALY,0.02,1400.0,0.1784121320249777
2019-2020,Lithium (Carbonate),28369100,Import,JAPAN,0.18,12020.0,1.6057091882247994
2019-2020,Lithium (Carbonate),28369100,Import,MALAYSIA,0.02,200.0,0.1784121320249777
2019-2020,Lithium (Carbonate),28369100,Import,NETHERLAND,0.2,400000.0,1.784121320249777
2019-2020,Lithium (Carbonate),28369100,Import,RUSSIA,0.0,2.0,0.0
2019-2020,Lithium (Carbonate),28369100,Import,SINGAPORE,0.84,22803.0,7.493309545049062
2019-2020,Lithium (Carbonate),28369100,Import,SLOVENIA,0.63,15000.0,5.619982158786797
2019-2020,Lithium (Carbonate),28369100,Import,U K,0.21,20008.0,1.8733273862622655
2019-2020,Lithium (Carbonate),28369100,Import,U S A,3.98,133268.0,35.50401427297056
2020-2021,Lithium (Carbonate),28369100,Import,ARGENTINA,0.34,60000.0,3.9719626168224296
2020-2021,Lithium (Carbonate),28369100,Import,AUSTRIA,0.12,2950.0,1.4018691588785044
2020-2021,Lithium (Carbonate),28369100,Import,BELGIUM,1.74,266401.0,20.327102803738317
2020-2021,Lithium (Carbonate),28369100,Import,CANADA,0.05,9000.0,0.5841121495327103
2020-2021,Lithium (Carbonate),28369100,Import,CHILE,0.63,71200.0,7.359813084112149
2020-2021,Lithium (Carbonate),28369100,Import,CHINA P RP,0.37,56805.0,4.322429906542056
2020-2021,Lithium (Carbonate),28369100,Import,GERMANY,0.65,120002.0,7.593457943925233
2020-2021,Lithium (Carbonate),28369100,Import,IRELAND,0.22,400000.0,2.570093457943925
2020-2021,Lithium (Carbonate),28369100,Import,ITALY,0.01,600.0,0.11682242990654204
2020-2021,Lithium (Carbonate),28369100,Import,JAPAN,0.0,40.0,0.0
2020-2021,Lithium (Carbonate),28369100,Import,MALAYSIA,,,
2020-2021,Lithium (Carbonate),28369100,Import,NETHERLAND,0.06,100200.0,0.7009345794392522
2020-2021,Lithium (Carbonate),28369100,Import,RUSSIA,,,
2020-2021,Lithium (Carbonate),28369100,Import,SINGAPORE,0.77,21000.0,8.995327102803738
2020-2021,Lithium (Carbonate),28369100,Import,SLOVENIA,,,
2020-2021,Lithium (Carbonate),28369100,Import,U K,0.08,13086.0,0.9345794392523363
2020-2021,Lithium (Carbonate),28369100,Import,U S A,3.52,121805.0,41.1214953271028
2021-2022,Lithium (Carbonate),28369100,Import,ARGENTINA,0.41,40000.0,4.7180667433832
2021-2022,Lithium (Carbonate),28369100,Import,AUSTRIA,0.46,10000.0,5.293440736478712
2021-2022,Lithium (Carbonate),28369100,Import,BELGIUM,3.45,510000.0,39.70080552359034
2021-2022,Lithium (Carbonate),28369100,Import,CANADA,0.19,4000.0,2.186421173762946
2021-2022,Lithium (Carbonate),28369100,Import,CHILE,0.28,38300.0,3.222094361334868
2021-2022,Lithium (Carbonate),28369100,Import,CHINA P RP,0.35,23800.0,4.027617951668584
2021-2022,Lithium (Carbonate),28369100,Import,GERMANY,0.37,46205.0,4.25776754890679
2021-2022,Lithium (Carbonate),28369100,Import,IRELAND,0.17,300000.0,1.9562715765247412
2021-2022,Lithium (Carbonate),28369100,Import,ITALY,0.02,800.0,0.23014959723820483
2021-2022,Lithium (Carbonate),28369100,Import,JAPAN,,,
2021-2022,Lithium (Carbonate),28369100,Import,NETHERLAND,0.11,200000.0,1.2658227848101267
2021-2022,Lithium (Carbonate),28369100,Import,SINGAPORE,0.18,5000.0,2.0713463751438432
2021-2022,Lithium (Carbonate),28369100,Import,SLOVENIA,0.46,10000.0,5.293440736478712
2021-2022,Lithium (Carbonate),28369100,Import,U K,0.17,20000.0,1.9562715765247412
2021-2022,Lithium (Carbonate),28369100,Import,U S A,2.07,33902.0,23.8204833141542
2022-2023,Lithium (Carbonate),28369100,Import,ARGENTINA,1.48,43000.0,6.654676258992804
2022-2023,Lithium (Carbonate),28369100,Import,AUSTRIA,,,
2022-2023,Lithium (Carbonate),28369100,Import,BELGIUM,11.89,227000.0,53.46223021582733
2022-2023,Lithium (Carbonate),28369100,Import,BRAZIL,0.0,50.0,0.0
2022-2023,Lithium (Carbonate),28369100,Import,CANADA,,,
2022-2023,Lithium (Carbonate),28369100,Import,CHILE,0.28,3600.0,1.2589928057553956
2022-2023,Lithium (Carbonate),28369100,Import,CHINA P RP,0.0,14.0,0.0
2022-2023,Lithium (Carbonate),28369100,Import,GERMANY,0.74,23080.0,3.327338129496402
2022-2023,Lithium (Carbonate),28369100,Import,IRELAND,0.12,200000.0,0.539568345323741
2022-2023,Lithium (Carbonate),28369100,Import,ITALY,,,
2022-2023,Lithium (Carbonate),28369100,Import,NETHERLAND,0.22,400000.0,0.9892086330935251
2022-2023,Lithium (Carbonate),28369100,Import,SINGAPORE,0.0,1.0,0.0
2022-2023,Lithium (Carbonate),28369100,Import,SLOVENIA,0.6,13000.0,2.6978417266187047
2022-2023,Lithium (Carbonate),28369100,Import,U K,2.81,40200.0,12.634892086330934
2022-2023,Lithium (Carbonate),28369100,Import,U S A,4.1,75081.0,18.435251798561147
2023-2024,Lithium (Carbonate),28369100,Import,ARGENTINA,3.78,95000.0,15.353371242891958
2023-2024,Lithium (Carbonate),28369100,Import,BELGIUM,4.66,166860.0,18.927701056051994
2023-2024,Lithium (Carbonate),28369100,Import,BRAZIL,1.73,28600.0,7.0268074735987005
2023-2024,Lithium (Carbonate),28369100,Import,CHILE,0.37,13600.0,1.502843216896832
2023-2024,Lithium (Carbonate),28369100,Import,CHINA P RP,3.96,126032.0,16.084484159220146
2023-2024,Lithium (Carbonate),28369100,Import,GERMANY,1.62,38010.0,6.580016246953697
2023-2024,Lithium (Carbonate),28369100,Import,HONG KONG,0.0,1.0,0.0
2023-2024,Lithium (Carbonate),28369100,Import,IRELAND,0.23,400000.0,0.9341998375304632
2023-2024,Lithium (Carbonate),28369100,Import,JAPAN,0.04,380.0,0.16246953696181968
2023-2024,Lithium (Carbonate),28369100,Import,NETHERLAND,0.12,200000.0,0.487408610885459
2023-2024,Lithium (Carbonate),28369100,Import,SINGAPORE,0.02,300.0,0.08123476848090984
2023-2024,Lithium (Carbonate),28369100,Import,SLOVENIA,1.1,5000.0,4.467912266450042
2023-2024,Lithium (Carbonate),28369100,Import,U K,0.73,20000.0,2.9650690495532093
2023-2024,Lithium (Carbonate),28369100,Import,U S A,6.26,52300.0,25.42648253452478
2024-2025,Lithium (Carbonate),28369100,Import,ARGENTINA,,,
2024-2025,Lithium (Carbonate),28369100,Import,BELGIUM,0.98,75600.0,7.980456026058631
2024-2025,Lithium (Carbonate),28369100,Import,BRAZIL,0.02,300.0,0.16286644951140064
2024-2025,Lithium (Carbonate),28369100,Import,CANADA,0.72,8000.0,5.8631921824104225
2024-2025,Lithium (Carbonate),28369100,Import,CHILE,1.61,147000.0,13.110749185667753
2024-2025,Lithium (Carbonate),28369100,Import,CHINA P RP,3.26,222552.0,26.547231270358303
2024-2025,Lithium (Carbonate),28369100,Import,GERMANY,1.11,88665.0,9.039087947882736
2024-2025,Lithium (Carbonate),28369100,Import,HONG KONG,0.0,1.0,0.0
2024-2025,Lithium (Carbonate),28369100,Import,IRELAND,0.22,400000.0,1.7915309446254069
2024-2025,Lithium (Carbonate),28369100,Import,ITALY,0.01,500.0,0.08143322475570032
2024-2025,Lithium (Carbonate),28369100,Import,JAPAN,0.07,1379.0,0.5700325732899023
2024-2025,Lithium (Carbonate),28369100,Import,NETHERLAND,,,
2024-2025,Lithium (Carbonate),28369100,Import,SINGAPORE,,,
2024-2025,Lithium (Carbonate),28369100,Import,SLOVENIA,,,
2024-2025,Lithium (Carbonate),28369100,Import,THAILAND,0.02,200.0,0.16286644951140064
2024-2025,Lithium (Carbonate),28369100,Import,U ARAB EMTS,0.0,41.0,0.0
2024-2025,Lithium (Carbonate),28369100,Import,U K,0.29,20000.0,2.361563517915309
2024-2025,Lithium (Carbonate),28369100,Import,U S A,3.97,42456.0,32.328990228013026
2024-2025,Lithium (Carbonate),28369100,Import,ZIMBABWE,0.0,145.0,0.0
2018-2019,RareEarthMetal-Compounds,28461010,Import,AUSTRIA,,,
2018-2019,RareEarthMetal-Compounds,28461010,Import,BELGIUM,0.01,520.0,2.1739130434782608
2018-2019,RareEarthMetal-Compounds,28461010,Import,CHINA P RP,0.33,98701.0,71.73913043478261
2018-2019,RareEarthMetal-Compounds,28461010,Import,FRANCE,0.01,400.0,2.1739130434782608
2018-2019,RareEarthMetal-Compounds,28461010,Import,GERMANY,0.0,250.0,0.0
2018-2019,RareEarthMetal-Compounds,28461010,Import,JAPAN,0.02,670.0,4.3478260869565215
2018-2019,RareEarthMetal-Compounds,28461010,Import,KOREA RP,0.04,1400.0,8.695652173913043
2018-2019,RareEarthMetal-Compounds,28461010,Import,MALAYSIA,,,
2018-2019,RareEarthMetal-Compounds,28461010,Import,NORWAY,0.0,250.0,0.0
2018-2019,RareEarthMetal-Compounds,28461010,Import,POLAND,,,
2018-2019,RareEarthMetal-Compounds,28461010,Import,SPAIN,,,
2018-2019,RareEarthMetal-Compounds,28461010,Import,U K,0.02,752.0,4.3478260869565215
2018-2019,RareEarthMetal-Compounds,28461010,Import,U S A,0.03,1012.0,6.521739130434782
2019-2020,RareEarthMetal-Compounds,28461010,Import,BELGIUM,0.0,1.0,0.0
2019-2020,RareEarthMetal-Compounds,28461010,Import,CHINA P RP,0.31,91000.0,59.61538461538461
2019-2020,RareEarthMetal-Compounds,28461010,Import,CZECH REPUBLIC,0.0,25.0,0.0
2019-2020,RareEarthMetal-Compounds,28461010,Import,FRANCE,0.0,,0.0
2019-2020,RareEarthMetal-Compounds,28461010,Import,GERMANY,0.0,251.0,0.0
2019-2020,RareEarthMetal-Compounds,28461010,Import,JAPAN,0.0,1.0,0.0
2019-2020,RareEarthMetal-Compounds,28461010,Import,KOREA RP,,,
2019-2020,RareEarthMetal-Compounds,28461010,Import,NORWAY,,,
2019-2020,RareEarthMetal-Compounds,28461010,Import,U K,0.19,10505.0,36.53846153846153
2019-2020,RareEarthMetal-Compounds,28461010,Import,U S A,0.02,712.0,3.8461538461538463
2020-2021,RareEarthMetal-Compounds,28461010,Import,BELGIUM,0.0,3.0,0.0
2020-2021,RareEarthMetal-Compounds,28461010,Import,CHINA P RP,1.12,134000.0,55.172413793103445
2020-2021,RareEarthMetal-Compounds,28461010,Import,CZECH REPUBLIC,,,
2020-2021,RareEarthMetal-Compounds,28461010,Import,ESTONIA,0.0,100.0,0.0
2020-2021,RareEarthMetal-Compounds,28461010,Import,FRANCE,,,
2020-2021,RareEarthMetal-Compounds,28461010,Import,GERMANY,0.2,10400.0,9.852216748768472
2020-2021,RareEarthMetal-Compounds,28461010,Import,HONG KONG,0.02,3720.0,0.9852216748768471
2020-2021,RareEarthMetal-Compounds,28461010,Import,JAPAN,0.0,,0.0
2020-2021,RareEarthMetal-Compounds,28461010,Import,NORWAY,0.29,15500.0,14.285714285714283
2020-2021,RareEarthMetal-Compounds,28461010,Import,SOUTH AFRICA,0.07,3000.0,3.4482758620689653
2020-2021,RareEarthMetal-Compounds,28461010,Import,SWITZERLAND,0.0,10.0,0.0
2020-2021,RareEarthMetal-Compounds,28461010,Import,TAIWAN,0.01,500.0,0.49261083743842354
2020-2021,RareEarthMetal-Compounds,28461010,Import,U ARAB EMTS,0.0,2.0,0.0
2020-2021,RareEarthMetal-Compounds,28461010,Import,U K,0.32,17013.0,15.763546798029553
2020-2021,RareEarthMetal-Compounds,28461010,Import,U S A,0.0,2.0,0.0
2021-2022,RareEarthMetal-Compounds,28461010,Import,AUSTRIA,0.02,200.0,1.7241379310344827
2021-2022,RareEarthMetal-Compounds,28461010,Import,BELGIUM,0.0,2.0,0.0
2021-2022,RareEarthMetal-Compounds,28461010,Import,CHINA P RP,1.05,109775.0,90.51724137931035
2021-2022,RareEarthMetal-Compounds,28461010,Import,ESTONIA,,,
2021-2022,RareEarthMetal-Compounds,28461010,Import,GERMANY,0.01,110.0,0.8620689655172413
2021-2022,RareEarthMetal-Compounds,28461010,Import,HONG KONG,0.0,2.0,0.0
2021-2022,RareEarthMetal-Compounds,28461010,Import,ITALY,0.0,3.0,0.0
2021-2022,RareEarthMetal-Compounds,28461010,Import,JAPAN,,,
2021-2022,RareEarthMetal-Compounds,28461010,Import,NORWAY,,,
2021-2022,RareEarthMetal-Compounds,28461010,Import,SOUTH AFRICA,0.05,2500.0,4.310344827586206
2021-2022,RareEarthMetal-Compounds,28461010,Import,SWITZERLAND,,,
2021-2022,RareEarthMetal-Compounds,28461010,Import,TAIWAN,,,
2021-2022,RareEarthMetal-Compounds,28461010,Import,U ARAB EMTS,,,
2021-2022,RareEarthMetal-Compounds,28461010,Import,U K,0.03,17.0,2.5862068965517238
2021-2022,RareEarthMetal-Compounds,28461010,Import,U S A,0.0,30.0,0.0
2022-2023,RareEarthMetal-Compounds,28461010,Import,AUSTRIA,,,
2022-2023,RareEarthMetal-Compounds,28461010,Import,BELGIUM,,,
2022-2023,RareEarthMetal-Compounds,28461010,Import,CHINA P RP,1.9,178650.0,96.44670050761421
2022-2023,RareEarthMetal-Compounds,28461010,Import,ESTONIA,0.02,1000.0,1.0152284263959392
2022-2023,RareEarthMetal-Compounds,28461010,Import,FRANCE,0.0,,0.0
2022-2023,RareEarthMetal-Compounds,28461010,Import,GERMANY,0.01,151.0,0.5076142131979696
2022-2023,RareEarthMetal-Compounds,28461010,Import,HONG KONG,,,
2022-2023,RareEarthMetal-Compounds,28461010,Import,ITALY,,,
2022-2023,RareEarthMetal-Compounds,28461010,Import,KOREA RP,0.02,22000.0,1.0152284263959392
2022-2023,RareEarthMetal-Compounds,28461010,Import,POLAND,0.0,50.0,0.0
2022-2023,RareEarthMetal-Compounds,28461010,Import,SOUTH AFRICA,,,
2022-2023,RareEarthMetal-Compounds,28461010,Import,U K,0.0,,0.0
2022-2023,RareEarthMetal-Compounds,28461010,Import,U S A,0.02,1201.0,1.0152284263959392
2023-2024,RareEarthMetal-Compounds,28461010,Import,BELGIUM,0.0,2.0,0.0
2023-2024,RareEarthMetal-Compounds,28461010,Import,CHINA P RP,2.23,231250.0,96.53679653679653
2023-2024,RareEarthMetal-Compounds,28461010,Import,ESTONIA,0.01,200.0,0.4329004329004329
2023-2024,RareEarthMetal-Compounds,28461010,Import,FRANCE,0.01,800.0,0.4329004329004329
2023-2024,RareEarthMetal-Compounds,28461010,Import,GERMANY,0.04,1830.0,1.7316017316017316
2023-2024,RareEarthMetal-Compounds,28461010,Import,JAPAN,0.0,17.0,0.0
2023-2024,RareEarthMetal-Compounds,28461010,Import,KOREA RP,0.0,1.0,0.0
2023-2024,RareEarthMetal-Compounds,28461010,Import,NETHERLAND,0.0,60.0,0.0
2023-2024,RareEarthMetal-Compounds,28461010,Import,POLAND,,,
2023-2024,RareEarthMetal-Compounds,28461010,Import,SPAIN,0.0,,0.0
2023-2024,RareEarthMetal-Compounds,28461010,Import,U K,0.01,4.0,0.4329004329004329
2023-2024,RareEarthMetal-Compounds,28461010,Import,U S A,0.01,10.0,0.4329004329004329
2024-2025,RareEarthMetal-Compounds,28461010,Import,BELGIUM,0.0,,0.0
2024-2025,RareEarthMetal-Compounds,28461010,Import,CHINA P RP,1.23,129870.0,96.09375
2024-2025,RareEarthMetal-Compounds,28461010,Import,ESTONIA,0.01,500.0,0.78125
2024-2025,RareEarthMetal-Compounds,28461010,Import,FRANCE,,,
2024-2025,RareEarthMetal-Compounds,28461010,Import,GERMANY,0.03,1070.0,2.34375
2024-2025,RareEarthMetal-Compounds,28461010,Import,JAPAN,0.0,32.0,0.0
2024-2025,RareEarthMetal-Compounds,28461010,Import,KOREA RP,0.0,,0.0
2024-2025,RareEarthMetal-Compounds,28461010,Import,NETHERLAND,,,
2024-2025,RareEarthMetal-Compounds,28461010,Import,SPAIN,,,
2024-2025,RareEarthMetal-Compounds,28461010,Import,U K,0.01,17.0,0.78125
2024-2025,RareEarthMetal-Compounds,28461010,Import,U S A,0.0,7.0,0.0
2018-2019,RareEarthMetal-FerroAlloys,72029921,Import,CHINA P RP,0.57,295000.0,100.0
2018-2019,RareEarthMetal-FerroAlloys,72029921,Import,U ARAB EMTS,0.0,2000.0,0.0
2019-2020,RareEarthMetal-FerroAlloys,72029921,Import,CHINA P RP,0.58,342000.0,100.0
2019-2020,RareEarthMetal-FerroAlloys,72029921,Import,U ARAB EMTS,,,
2020-2021,RareEarthMetal-FerroAlloys,72029921,Import,CHINA P RP,0.62,346000.0,89.85507246376812
2020-2021,RareEarthMetal-FerroAlloys,72029921,Import,HONG KONG,0.05,15000.0,7.246376811594205
2020-2021,RareEarthMetal-FerroAlloys,72029921,Import,U ARAB EMTS,0.02,8000.0,2.8985507246376816
2020-2021,RareEarthMetal-FerroAlloys,72029921,Import,U K,0.0,5000.0,0.0
2021-2022,RareEarthMetal-FerroAlloys,72029921,Import,CHINA P RP,1.24,512000.0,96.875
2021-2022,RareEarthMetal-FerroAlloys,72029921,Import,HONG KONG,,,
2021-2022,RareEarthMetal-FerroAlloys,72029921,Import,NETHERLAND,0.04,8000.0,3.125
2021-2022,RareEarthMetal-FerroAlloys,72029921,Import,U ARAB EMTS,0.0,2000.0,0.0
2021-2022,RareEarthMetal-FerroAlloys,72029921,Import,U K,,,
2022-2023,RareEarthMetal-FerroAlloys,72029921,Import,CHINA P RP,1.96,636530.0,97.02970297029702
2022-2023,RareEarthMetal-FerroAlloys,72029921,Import,HONG KONG,0.05,10000.0,2.4752475247524752
2022-2023,RareEarthMetal-FerroAlloys,72029921,Import,NETHERLAND,,,
2022-2023,RareEarthMetal-FerroAlloys,72029921,Import,U ARAB EMTS,,,
2022-2023,RareEarthMetal-FerroAlloys,72029921,Import,U K,0.01,11334.0,0.49504950495049505
2024-2025,RareEarthMetal-FerroAlloys,72029921,Import,CHINA P RP,2.24,790060.0,96.96969696969697
2024-2025,RareEarthMetal-FerroAlloys,72029921,Import,CZECH REPUBLIC,0.0,1000.0,0.0
2024-2025,RareEarthMetal-FerroAlloys,72029921,Import,GERMANY,0.0,427.0,0.0
2024-2025,RareEarthMetal-FerroAlloys,72029921,Import,HONG KONG,0.05,25000.0,2.1645021645021645
2024-2025,RareEarthMetal-FerroAlloys,72029921,Import,MALAYSIA,0.02,3000.0,0.8658008658008658
2024-2025,RareEarthMetal-FerroAlloys,72029921,Import,POLAND,,,
2018-2019,Titanium-Ores,26140010,Import,AUSTRALIA,2.08,9338030.0,11.751412429378531
2018-2019,Titanium-Ores,26140010,Import,MALAYSIA,0.03,169000.0,0.1694915254237288
2018-2019,Titanium-Ores,26140010,Import,MOZAMBIQUE,15.48,60084000.0,87.45762711864408
2018-2019,Titanium-Ores,26140010,Import,SOUTH AFRICA,,,
2018-2019,Titanium-Ores,26140010,Import,SRI LANKA DSR,0.09,500000.0,0.5084745762711864
2018-2019,Titanium-Ores,26140010,Import,U S A,0.0,,0.0
2018-2019,Titanium-Ores,26140010,Import,UKRAINE,0.02,54000.0,0.11299435028248588
2019-2020,Titanium-Ores,26140010,Import,AUSTRALIA,,,
2019-2020,Titanium-Ores,26140010,Import,MALAYSIA,0.21,1335000.0,0.7945516458569807
2019-2020,Titanium-Ores,26140010,Import,MOZAMBIQUE,22.88,91132000.0,86.56829360575104
2019-2020,Titanium-Ores,26140010,Import,NETHERLAND,0.01,26000.0,0.037835792659856225
2019-2020,Titanium-Ores,26140010,Import,NORWAY,3.26,15538000.0,12.334468407113128
2019-2020,Titanium-Ores,26140010,Import,SIERRA LEONE,0.01,26000.0,0.037835792659856225
2019-2020,Titanium-Ores,26140010,Import,SRI LANKA DSR,0.06,309000.0,0.22701475595913734
2019-2020,Titanium-Ores,26140010,Import,U S A,,,
2019-2020,Titanium-Ores,26140010,Import,UKRAINE,,,
2020-2021,Titanium-Ores,26140010,Import,CHINA P RP,0.09,120000.0,0.8333333333333334
2020-2021,Titanium-Ores,26140010,Import,MALAYSIA,0.05,292000.0,0.4629629629629629
2020-2021,Titanium-Ores,26140010,Import,MOZAMBIQUE,10.58,41623740.0,97.96296296296295
2020-2021,Titanium-Ores,26140010,Import,NETHERLAND,,,
2020-2021,Titanium-Ores,26140010,Import,NORWAY,,,
2020-2021,Titanium-Ores,26140010,Import,SIERRA LEONE,,,
2020-2021,Titanium-Ores,26140010,Import,SRI LANKA DSR,0.06,266000.0,0.5555555555555555
2020-2021,Titanium-Ores,26140010,Import,UKRAINE,0.02,56000.0,0.18518518518518517
2021-2022,Titanium-Ores,26140010,Import,CHINA P RP,0.28,244406.0,1.2259194395796849
2021-2022,Titanium-Ores,26140010,Import,MALAYSIA,0.14,452000.0,0.6129597197898424
2021-2022,Titanium-Ores,26140010,Import,MOZAMBIQUE,21.68,56955000.0,94.92119089316988
2021-2022,Titanium-Ores,26140010,Import,SRI LANKA DSR,0.19,354093.0,0.8318739054290718
2021-2022,Titanium-Ores,26140010,Import,UKRAINE,0.55,1369113.0,2.408056042031524
2022-2023,Titanium-Ores,26140010,Import,CHINA P RP,0.1,100800.0,0.6493506493506495
2022-2023,Titanium-Ores,26140010,Import,MALAYSIA,1.25,3158636.0,8.116883116883118
2022-2023,Titanium-Ores,26140010,Import,MOZAMBIQUE,10.94,20002700.0,71.03896103896105
2022-2023,Titanium-Ores,26140010,Import,SOMALIA,0.01,92000.0,0.06493506493506494
2022-2023,Titanium-Ores,26140010,Import,SRI LANKA DSR,0.97,1827000.0,6.2987012987013
2022-2023,Titanium-Ores,26140010,Import,THAILAND,1.34,2496000.0,8.701298701298702
2022-2023,Titanium-Ores,26140010,Import,U ARAB EMTS,0.52,1000000.0,3.376623376623377
2022-2023,Titanium-Ores,26140010,Import,UKRAINE,,,
2022-2023,Titanium-Ores,26140010,Import,VIETNAM SOC REP,0.27,594000.0,1.7532467532467535
2023-2024,Titanium-Ores,26140010,Import,CHINA P RP,0.01,26000.0,0.058105752469494475
2023-2024,Titanium-Ores,26140010,Import,EGYPT A RP,0.16,459000.0,0.9296920395119116
2023-2024,Titanium-Ores,26140010,Import,MALAYSIA,0.67,1836000.0,3.89308541545613
2023-2024,Titanium-Ores,26140010,Import,MOZAMBIQUE,16.18,39920200.0,94.01510749564206
2023-2024,Titanium-Ores,26140010,Import,NEW ZEALAND,0.03,257000.0,0.17431725740848342
2023-2024,Titanium-Ores,26140010,Import,SOMALIA,,,
2023-2024,Titanium-Ores,26140010,Import,SRI LANKA DSR,,,
2023-2024,Titanium-Ores,26140010,Import,THAILAND,0.14,364000.0,0.8134805345729228
2023-2024,Titanium-Ores,26140010,Import,U ARAB EMTS,0.02,61000.0,0.11621150493898895
2023-2024,Titanium-Ores,26140010,Import,VIETNAM SOC REP,,,
2024-2025,Titanium-Ores,26140010,Import,CHINA P RP,0.08,56000.0,0.467562828755114
2024-2025,Titanium-Ores,26140010,Import,EGYPT A RP,,,
2024-2025,Titanium-Ores,26140010,Import,INDONESIA,0.03,78000.0,0.17533606078316774
2024-2025,Titanium-Ores,26140010,Import,KOREA RP,0.09,360000.0,0.5260081823495032
2024-2025,Titanium-Ores,26140010,Import,MALAYSIA,0.38,1009000.0,2.2209234365867916
2024-2025,Titanium-Ores,26140010,Import,MOZAMBIQUE,15.28,42214000.0,89.30450029222676
2024-2025,Titanium-Ores,26140010,Import,NEW ZEALAND,,,
2024-2025,Titanium-Ores,26140010,Import,NORWAY,0.02,79000.0,0.1168907071887785
2024-2025,Titanium-Ores,26140010,Import,SINGAPORE,0.02,52000.0,0.1168907071887785
2024-2025,Titanium-Ores,26140010,Import,SOUTH AFRICA,0.06,280000.0,0.3506721215663355
2024-2025,Titanium-Ores,26140010,Import,SRI LANKA DSR,0.17,468000.0,0.9935710111046172
2024-2025,Titanium-Ores,26140010,Import,THAILAND,0.9,2262000.0,5.260081823495033
2024-2025,Titanium-Ores,26140010,Import,U ARAB EMTS,0.08,252000.0,0.467562828755114
2018-2019,Titanium-TitaniumDioxide,28230010,Import,AUSTRALIA,0.12,40000.0,0.2926115581565472
2018-2019,Titanium-TitaniumDioxide,28230010,Import,BELGIUM,4.08,1108050.0,9.948792977322606
2018-2019,Titanium-TitaniumDioxide,28230010,Import,BRAZIL,0.0,,0.0
2018-2019,Titanium-TitaniumDioxide,28230010,Import,CANADA,0.75,160035.0,1.82882223847842
2018-2019,Titanium-TitaniumDioxide,28230010,Import,CHINA P RP,14.31,5886817.0,34.893928310168256
2018-2019,Titanium-TitaniumDioxide,28230010,Import,COLOMBIA,,,
2018-2019,Titanium-TitaniumDioxide,28230010,Import,CZECH REPUBLIC,0.03,10000.0,0.0731528895391368
2018-2019,Titanium-TitaniumDioxide,28230010,Import,EGYPT A RP,,,
2018-2019,Titanium-TitaniumDioxide,28230010,Import,FINLAND,0.19,41400.0,0.4633016337478664
2018-2019,Titanium-TitaniumDioxide,28230010,Import,FRANCE,0.62,78006.0,1.5118263838088273
2018-2019,Titanium-TitaniumDioxide,28230010,Import,GERMANY,1.75,474154.0,4.2672518897829805
2018-2019,Titanium-TitaniumDioxide,28230010,Import,HONG KONG,0.12,42025.0,0.2926115581565472
2018-2019,Titanium-TitaniumDioxide,28230010,Import,IRAN,,,
2018-2019,Titanium-TitaniumDioxide,28230010,Import,JAPAN,2.96,660768.0,7.217751767861498
2018-2019,Titanium-TitaniumDioxide,28230010,Import,KOREA RP,11.64,4820000.0,28.383321141185082
2018-2019,Titanium-TitaniumDioxide,28230010,Import,MALAYSIA,0.28,90000.0,0.6827603023652768
2018-2019,Titanium-TitaniumDioxide,28230010,Import,MEXICO,0.07,20000.0,0.1706900755913192
2018-2019,Titanium-TitaniumDioxide,28230010,Import,NETHERLAND,2.6,694275.0,6.339917093391856
2018-2019,Titanium-TitaniumDioxide,28230010,Import,PHILIPPINES,0.0,25.0,0.0
2018-2019,Titanium-TitaniumDioxide,28230010,Import,POLAND,0.01,2250.0,0.0243842965130456
2018-2019,Titanium-TitaniumDioxide,28230010,Import,RUSSIA,0.3,120000.0,0.7315288953913679
2018-2019,Titanium-TitaniumDioxide,28230010,Import,SINGAPORE,0.27,80330.0,0.6583760058522312
2018-2019,Titanium-TitaniumDioxide,28230010,Import,SPAIN,0.07,20250.0,0.1706900755913192
2018-2019,Titanium-TitaniumDioxide,28230010,Import,SRI LANKA DSR,0.0,2.0,0.0
2018-2019,Titanium-TitaniumDioxide,28230010,Import,SWITZERLAND,0.01,220.0,0.0243842965130456
2018-2019,Titanium-TitaniumDioxide,28230010,Import,TAIWAN,0.14,40000.0,0.3413801511826384
2018-2019,Titanium-TitaniumDioxide,28230010,Import,TURKEY,0.11,40000.0,0.26822726164350164
2018-2019,Titanium-TitaniumDioxide,28230010,Import,U ARAB EMTS,0.04,20000.0,0.0975371860521824
2018-2019,Titanium-TitaniumDioxide,28230010,Import,U K,,,
2018-2019,Titanium-TitaniumDioxide,28230010,Import,U S A,0.54,96930.0,1.3167520117044624
2019-2020,Titanium-TitaniumDioxide,28230010,Import,AUSTRALIA,0.06,20000.0,0.1377726750861079
2019-2020,Titanium-TitaniumDioxide,28230010,Import,BELGIUM,1.84,525925.0,4.2250287026406435
2019-2020,Titanium-TitaniumDioxide,28230010,Import,BRAZIL,,,
2019-2020,Titanium-TitaniumDioxide,28230010,Import,CANADA,0.6,129034.0,1.3777267508610793
2019-2020,Titanium-TitaniumDioxide,28230010,Import,CHINA P RP,12.97,5464410.0,29.781859931113665
2019-2020,Titanium-TitaniumDioxide,28230010,Import,CZECH REPUBLIC,0.0,1.0,0.0
2019-2020,Titanium-TitaniumDioxide,28230010,Import,FINLAND,,,
2019-2020,Titanium-TitaniumDioxide,28230010,Import,FRANCE,0.24,33555.0,0.5510907003444316
2019-2020,Titanium-TitaniumDioxide,28230010,Import,GERMANY,2.1,569981.0,4.822043628013778
2019-2020,Titanium-TitaniumDioxide,28230010,Import,HONG KONG,0.12,65913.0,0.2755453501722158
2019-2020,Titanium-TitaniumDioxide,28230010,Import,ITALY,0.0,755.0,0.0
2019-2020,Titanium-TitaniumDioxide,28230010,Import,JAPAN,3.07,773364.0,7.049368541905856
2019-2020,Titanium-TitaniumDioxide,28230010,Import,KOREA RP,13.99,6350000.0,32.123995407577496
2019-2020,Titanium-TitaniumDioxide,28230010,Import,MALAYSIA,0.18,57500.0,0.41331802525832373
2019-2020,Titanium-TitaniumDioxide,28230010,Import,MEXICO,0.5,140000.0,1.1481056257175661
2019-2020,Titanium-TitaniumDioxide,28230010,Import,NETHERLAND,6.26,1780425.0,14.374282433983925
2019-2020,Titanium-TitaniumDioxide,28230010,Import,PHILIPPINES,,,
2019-2020,Titanium-TitaniumDioxide,28230010,Import,POLAND,0.03,3195.0,0.06888633754305395
2019-2020,Titanium-TitaniumDioxide,28230010,Import,RUSSIA,0.26,120000.0,0.5970149253731344
2019-2020,Titanium-TitaniumDioxide,28230010,Import,SAUDI ARAB,0.0,,0.0
2019-2020,Titanium-TitaniumDioxide,28230010,Import,SINGAPORE,0.14,40000.0,0.32146957520091857
2019-2020,Titanium-TitaniumDioxide,28230010,Import,SLOVENIA,0.0,3.0,0.0
2019-2020,Titanium-TitaniumDioxide,28230010,Import,SPAIN,,,
2019-2020,Titanium-TitaniumDioxide,28230010,Import,SRI LANKA DSR,,,
2019-2020,Titanium-TitaniumDioxide,28230010,Import,SWITZERLAND,,,
2019-2020,Titanium-TitaniumDioxide,28230010,Import,TAIWAN,0.71,200000.0,1.6303099885189436
2019-2020,Titanium-TitaniumDioxide,28230010,Import,TURKEY,,,
2019-2020,Titanium-TitaniumDioxide,28230010,Import,U ARAB EMTS,0.0,1250.0,0.0
2019-2020,Titanium-TitaniumDioxide,28230010,Import,U K,0.0,9.0,0.0
2019-2020,Titanium-TitaniumDioxide,28230010,Import,U S A,0.48,140886.0,1.1021814006888633
2019-2020,Titanium-TitaniumDioxide,28230010,Import,UGANDA,0.0,,0.0
2020-2021,Titanium-TitaniumDioxide,28230010,Import,AUSTRALIA,,,
2020-2021,Titanium-TitaniumDioxide,28230010,Import,BELGIUM,1.66,463960.0,4.888103651354534
2020-2021,Titanium-TitaniumDioxide,28230010,Import,CANADA,0.85,176351.0,2.5029446407538276
2020-2021,Titanium-TitaniumDioxide,28230010,Import,CHINA P RP,9.72,4322401.0,28.621908127208485
2020-2021,Titanium-TitaniumDioxide,28230010,Import,CZECH REPUBLIC,0.01,2000.0,0.029446407538280327
2020-2021,Titanium-TitaniumDioxide,28230010,Import,FRANCE,0.06,6685.0,0.17667844522968199
2020-2021,Titanium-TitaniumDioxide,28230010,Import,GERMANY,2.74,718976.0,8.06831566548881
2020-2021,Titanium-TitaniumDioxide,28230010,Import,HONG KONG,1.1,452001.0,3.239104829210836
2020-2021,Titanium-TitaniumDioxide,28230010,Import,INDONESIA,0.0,2.0,0.0
2020-2021,Titanium-TitaniumDioxide,28230010,Import,ITALY,0.0,9.0,0.0
2020-2021,Titanium-TitaniumDioxide,28230010,Import,JAPAN,2.39,795674.0,7.037691401648999
2020-2021,Titanium-TitaniumDioxide,28230010,Import,KOREA RP,12.7,5678000.0,37.396937573616015
2020-2021,Titanium-TitaniumDioxide,28230010,Import,MALAYSIA,0.04,8750.0,0.11778563015312131
2020-2021,Titanium-TitaniumDioxide,28230010,Import,MEXICO,0.12,40000.0,0.35335689045936397
2020-2021,Titanium-TitaniumDioxide,28230010,Import,NETHERLAND,1.56,392800.0,4.593639575971731
2020-2021,Titanium-TitaniumDioxide,28230010,Import,POLAND,0.03,2410.0,0.08833922261484099
2020-2021,Titanium-TitaniumDioxide,28230010,Import,RUSSIA,0.27,140003.0,0.795053003533569
2020-2021,Titanium-TitaniumDioxide,28230010,Import,SAUDI ARAB,,,
2020-2021,Titanium-TitaniumDioxide,28230010,Import,SINGAPORE,0.26,80000.0,0.7656065959952886
2020-2021,Titanium-TitaniumDioxide,28230010,Import,SLOVENIA,,,
2020-2021,Titanium-TitaniumDioxide,28230010,Import,SPAIN,0.01,1175.0,0.029446407538280327
2020-2021,Titanium-TitaniumDioxide,28230010,Import,SRI LANKA DSR,0.0,,0.0
2020-2021,Titanium-TitaniumDioxide,28230010,Import,SWITZERLAND,0.0,,0.0
2020-2021,Titanium-TitaniumDioxide,28230010,Import,TAIWAN,0.41,106915.0,1.2073027090694934
2020-2021,Titanium-TitaniumDioxide,28230010,Import,THAILAND,0.0,4.0,0.0
2020-2021,Titanium-TitaniumDioxide,28230010,Import,TURKEY,0.0,,0.0
2020-2021,Titanium-TitaniumDioxide,28230010,Import,U ARAB EMTS,,,
2020-2021,Titanium-TitaniumDioxide,28230010,Import,U K,0.01,700.0,0.029446407538280327
2020-2021,Titanium-TitaniumDioxide,28230010,Import,U S A,0.02,490.0,0.058892815076560655
2020-2021,Titanium-TitaniumDioxide,28230010,Import,UGANDA,,,
2021-2022,Titanium-TitaniumDioxide,28230010,Import,BELGIUM,1.82,452505.0,3.747940691927512
2021-2022,Titanium-TitaniumDioxide,28230010,Import,BRAZIL,0.0,1.0,0.0
2021-2022,Titanium-TitaniumDioxide,28230010,Import,CANADA,0.53,115560.0,1.0914332784184515
2021-2022,Titanium-TitaniumDioxide,28230010,Import,CHINA P RP,14.14,4838010.0,29.11861614497529
2021-2022,Titanium-TitaniumDioxide,28230010,Import,CZECH REPUBLIC,,,
2021-2022,Titanium-TitaniumDioxide,28230010,Import,FRANCE,0.04,4990.0,0.08237232289950577
2021-2022,Titanium-TitaniumDioxide,28230010,Import,GERMANY,3.16,762699.0,6.507413509060955
2021-2022,Titanium-TitaniumDioxide,28230010,Import,HONG KONG,1.38,486000.0,2.8418451400329485
2021-2022,Titanium-TitaniumDioxide,28230010,Import,INDONESIA,0.0,55.0,0.0
2021-2022,Titanium-TitaniumDioxide,28230010,Import,ITALY,0.0,1004.0,0.0
2021-2022,Titanium-TitaniumDioxide,28230010,Import,JAPAN,5.42,1773585.0,11.16144975288303
2021-2022,Titanium-TitaniumDioxide,28230010,Import,KOREA RP,13.71,4450300.0,28.233113673805605
2021-2022,Titanium-TitaniumDioxide,28230010,Import,MALAYSIA,0.18,50500.0,0.3706754530477759
2021-2022,Titanium-TitaniumDioxide,28230010,Import,MEXICO,0.37,100000.0,0.7619439868204283
2021-2022,Titanium-TitaniumDioxide,28230010,Import,NETHERLAND,5.86,1476450.0,12.067545304777596
2021-2022,Titanium-TitaniumDioxide,28230010,Import,POLAND,0.02,1650.0,0.04118616144975289
2021-2022,Titanium-TitaniumDioxide,28230010,Import,RUSSIA,0.29,120000.0,0.5971993410214167
2021-2022,Titanium-TitaniumDioxide,28230010,Import,SAUDI ARAB,0.2,60000.0,0.41186161449752884
2021-2022,Titanium-TitaniumDioxide,28230010,Import,SINGAPORE,0.36,85000.0,0.7413509060955518
2021-2022,Titanium-TitaniumDioxide,28230010,Import,SPAIN,0.06,20000.0,0.12355848434925865
2021-2022,Titanium-TitaniumDioxide,28230010,Import,SRI LANKA DSR,,,
2021-2022,Titanium-TitaniumDioxide,28230010,Import,SWITZERLAND,0.0,151.0,0.0
2021-2022,Titanium-TitaniumDioxide,28230010,Import,TAIWAN,0.33,85308.0,0.6795716639209226
2021-2022,Titanium-TitaniumDioxide,28230010,Import,THAILAND,,,
2021-2022,Titanium-TitaniumDioxide,28230010,Import,TURKEY,,,
2021-2022,Titanium-TitaniumDioxide,28230010,Import,U ARAB EMTS,0.28,138000.0,0.5766062602965404
2021-2022,Titanium-TitaniumDioxide,28230010,Import,U K,0.02,3000.0,0.04118616144975289
2021-2022,Titanium-TitaniumDioxide,28230010,Import,U S A,0.39,109668.0,0.8031301482701811
2022-2023,Titanium-TitaniumDioxide,28230010,Import,BELGIUM,3.6,757400.0,5.361930294906166
2022-2023,Titanium-TitaniumDioxide,28230010,Import,BRAZIL,,,
2022-2023,Titanium-TitaniumDioxide,28230010,Import,CANADA,0.1,18100.0,0.14894250819183796
2022-2023,Titanium-TitaniumDioxide,28230010,Import,CHINA P RP,18.0,5770712.0,26.80965147453083
2022-2023,Titanium-TitaniumDioxide,28230010,Import,FRANCE,0.27,24377.0,0.40214477211796246
2022-2023,Titanium-TitaniumDioxide,28230010,Import,GERMANY,9.17,1940487.0,13.658028001191541
2022-2023,Titanium-TitaniumDioxide,28230010,Import,HONG KONG,0.89,257000.0,1.3255883229073577
2022-2023,Titanium-TitaniumDioxide,28230010,Import,INDONESIA,,,
2022-2023,Titanium-TitaniumDioxide,28230010,Import,ITALY,0.0,15.0,0.0
2022-2023,Titanium-TitaniumDioxide,28230010,Import,JAPAN,5.01,1348256.0,7.46201966041108
2022-2023,Titanium-TitaniumDioxide,28230010,Import,KOREA RP,17.57,5540000.0,26.16919868930593
2022-2023,Titanium-TitaniumDioxide,28230010,Import,MALAYSIA,0.0,1000.0,0.0
2022-2023,Titanium-TitaniumDioxide,28230010,Import,MEXICO,0.09,20000.0,0.13404825737265416
2022-2023,Titanium-TitaniumDioxide,28230010,Import,NETHERLAND,9.16,2102335.0,13.643133750372357
2022-2023,Titanium-TitaniumDioxide,28230010,Import,PHILIPPINES,0.0,26.0,0.0
2022-2023,Titanium-TitaniumDioxide,28230010,Import,POLAND,0.03,1815.0,0.044682752457551385
2022-2023,Titanium-TitaniumDioxide,28230010,Import,RUSSIA,,,
2022-2023,Titanium-TitaniumDioxide,28230010,Import,SAUDI ARAB,,,
2022-2023,Titanium-TitaniumDioxide,28230010,Import,SINGAPORE,0.29,66300.0,0.43193327375633
2022-2023,Titanium-TitaniumDioxide,28230010,Import,SPAIN,,,
2022-2023,Titanium-TitaniumDioxide,28230010,Import,SWITZERLAND,0.0,,0.0
2022-2023,Titanium-TitaniumDioxide,28230010,Import,TAIWAN,1.13,248850.0,1.6830503425677688
2022-2023,Titanium-TitaniumDioxide,28230010,Import,U ARAB EMTS,0.08,20060.0,0.11915400655347036
2022-2023,Titanium-TitaniumDioxide,28230010,Import,U K,0.07,49326.0,0.10425975573428659
2022-2023,Titanium-TitaniumDioxide,28230010,Import,U S A,1.55,312298.0,2.308608876973488
2022-2023,Titanium-TitaniumDioxide,28230010,Import,VIETNAM SOC REP,0.13,26625.0,0.19362526064938934
2023-2024,Titanium-TitaniumDioxide,28230010,Import,BELGIUM,9.05,1774590.0,15.866058906030858
2023-2024,Titanium-TitaniumDioxide,28230010,Import,BRAZIL,0.12,6975.0,0.21037868162692847
2023-2024,Titanium-TitaniumDioxide,28230010,Import,CANADA,1.09,198000.0,1.9109396914446006
2023-2024,Titanium-TitaniumDioxide,28230010,Import,CHINA P RP,12.53,4789318.0,21.96704067321178
2023-2024,Titanium-TitaniumDioxide,28230010,Import,CZECH REPUBLIC,0.01,1000.0,0.01753155680224404
2023-2024,Titanium-TitaniumDioxide,28230010,Import,FRANCE,0.4,44120.0,0.7012622720897617
2023-2024,Titanium-TitaniumDioxide,28230010,Import,GERMANY,6.36,1157844.0,11.15007012622721
2023-2024,Titanium-TitaniumDioxide,28230010,Import,HONG KONG,0.09,20000.0,0.15778401122019636
2023-2024,Titanium-TitaniumDioxide,28230010,Import,ITALY,0.04,24102.0,0.07012622720897616
2023-2024,Titanium-TitaniumDioxide,28230010,Import,JAPAN,5.42,1868804.0,9.502103786816269
2023-2024,Titanium-TitaniumDioxide,28230010,Import,KOREA RP,14.86,6150000.0,26.051893408134642
2023-2024,Titanium-TitaniumDioxide,28230010,Import,MALAYSIA,0.04,8750.0,0.07012622720897616
2023-2024,Titanium-TitaniumDioxide,28230010,Import,MEXICO,0.08,23000.0,0.1402524544179523
2023-2024,Titanium-TitaniumDioxide,28230010,Import,NETHERLAND,5.37,1139280.0,9.414446002805049
2023-2024,Titanium-TitaniumDioxide,28230010,Import,PHILIPPINES,,,
2023-2024,Titanium-TitaniumDioxide,28230010,Import,POLAND,0.02,1037.0,0.03506311360448808
2023-2024,Titanium-TitaniumDioxide,28230010,Import,RUSSIA,0.08,40000.0,0.1402524544179523
2023-2024,Titanium-TitaniumDioxide,28230010,Import,SINGAPORE,0.14,40000.0,0.2454417952314166
2023-2024,Titanium-TitaniumDioxide,28230010,Import,SRI LANKA DSR,0.0,47.0,0.0
2023-2024,Titanium-TitaniumDioxide,28230010,Import,SWEDEN,0.0,50.0,0.0
2023-2024,Titanium-TitaniumDioxide,28230010,Import,SWITZERLAND,,,
2023-2024,Titanium-TitaniumDioxide,28230010,Import,TAIWAN,1.25,253180.0,2.191444600280505
2023-2024,Titanium-TitaniumDioxide,28230010,Import,U ARAB EMTS,0.04,20036.0,0.07012622720897616
2023-2024,Titanium-TitaniumDioxide,28230010,Import,U K,0.03,22878.0,0.052594670406732116
2023-2024,Titanium-TitaniumDioxide,28230010,Import,U S A,0.02,858.0,0.03506311360448808
2023-2024,Titanium-TitaniumDioxide,28230010,Import,VIETNAM SOC REP,,,
2024-2025,Titanium-TitaniumDioxide,28230010,Import,BELGIUM,9.61,2143410.0,16.49219152222413
2024-2025,Titanium-TitaniumDioxide,28230010,Import,BRAZIL,,,
2024-2025,Titanium-TitaniumDioxide,28230010,Import,CANADA,0.76,135000.0,1.3042732109147075
2024-2025,Titanium-TitaniumDioxide,28230010,Import,CHINA P RP,17.97,7375674.0,30.839196842285908
2024-2025,Titanium-TitaniumDioxide,28230010,Import,CZECH REPUBLIC,,,
2024-2025,Titanium-TitaniumDioxide,28230010,Import,FRANCE,0.38,37710.0,0.6521366054573537
2024-2025,Titanium-TitaniumDioxide,28230010,Import,GERMANY,6.22,1252110.0,10.674446541959842
2024-2025,Titanium-TitaniumDioxide,28230010,Import,HONG KONG,0.13,45002.0,0.2230993650248842
2024-2025,Titanium-TitaniumDioxide,28230010,Import,ITALY,,,
2024-2025,Titanium-TitaniumDioxide,28230010,Import,JAPAN,5.4,1933030.0,9.267204393341345
2024-2025,Titanium-TitaniumDioxide,28230010,Import,KOREA RP,13.14,4974136.0,22.550197357130603
2024-2025,Titanium-TitaniumDioxide,28230010,Import,MALAYSIA,0.44,91000.0,0.7551055431611464
2024-2025,Titanium-TitaniumDioxide,28230010,Import,MEXICO,,,
2024-2025,Titanium-TitaniumDioxide,28230010,Import,NETHERLAND,2.83,605500.0,4.856701561695555
2024-2025,Titanium-TitaniumDioxide,28230010,Import,POLAND,0.03,1327.0,0.05148446885189635
2024-2025,Titanium-TitaniumDioxide,28230010,Import,RUSSIA,,,
2024-2025,Titanium-TitaniumDioxide,28230010,Import,SINGAPORE,0.13,40480.0,0.2230993650248842
2024-2025,Titanium-TitaniumDioxide,28230010,Import,SRI LANKA DSR,,,
2024-2025,Titanium-TitaniumDioxide,28230010,Import,SWEDEN,,,
2024-2025,Titanium-TitaniumDioxide,28230010,Import,SWITZERLAND,0.0,1.0,0.0
2024-2025,Titanium-TitaniumDioxide,28230010,Import,TAIWAN,1.13,203139.0,1.9392483267547622
2024-2025,Titanium-TitaniumDioxide,28230010,Import,THAILAND,0.01,3000.0,0.017161489617298784
2024-2025,Titanium-TitaniumDioxide,28230010,Import,U ARAB EMTS,0.08,40192.0,0.13729191693839027
2024-2025,Titanium-TitaniumDioxide,28230010,Import,U K,0.0,29.0,0.0
2024-2025,Titanium-TitaniumDioxide,28230010,Import,U S A,0.01,929.0,0.017161489617298784
2018-2019,Titanium-UnwroughtMetalPowders,81082000,Import,CANADA,0.14,700.0,2.845528455284553
2018-2019,Titanium-UnwroughtMetalPowders,81082000,Import,CHINA P RP,1.57,206480.0,31.91056910569106
2018-2019,Titanium-UnwroughtMetalPowders,81082000,Import,GERMANY,0.15,365.0,3.048780487804878
2018-2019,Titanium-UnwroughtMetalPowders,81082000,Import,KAZAKHSTAN,1.19,165000.0,24.186991869918696
2018-2019,Titanium-UnwroughtMetalPowders,81082000,Import,NETHERLAND,0.12,15000.0,2.4390243902439024
2018-2019,Titanium-UnwroughtMetalPowders,81082000,Import,RUSSIA,0.11,18276.0,2.2357723577235773
2018-2019,Titanium-UnwroughtMetalPowders,81082000,Import,U K,0.05,190.0,1.016260162601626
2018-2019,Titanium-UnwroughtMetalPowders,81082000,Import,U S A,0.02,160.0,0.40650406504065045
2018-2019,Titanium-UnwroughtMetalPowders,81082000,Import,UKRAINE,1.57,200250.0,31.91056910569106
2019-2020,Titanium-UnwroughtMetalPowders,81082000,Import,CANADA,0.08,365.0,2.0779220779220777
2019-2020,Titanium-UnwroughtMetalPowders,81082000,Import,CHINA P RP,1.19,152160.0,30.909090909090907
2019-2020,Titanium-UnwroughtMetalPowders,81082000,Import,FRANCE,0.0,10.0,0.0
2019-2020,Titanium-UnwroughtMetalPowders,81082000,Import,GERMANY,0.06,120.0,1.5584415584415583
2019-2020,Titanium-UnwroughtMetalPowders,81082000,Import,JAPAN,0.0,1.0,0.0
2019-2020,Titanium-UnwroughtMetalPowders,81082000,Import,KAZAKHSTAN,0.34,45000.0,8.831168831168831
2019-2020,Titanium-UnwroughtMetalPowders,81082000,Import,NETHERLAND,0.79,91000.0,20.51948051948052
2019-2020,Titanium-UnwroughtMetalPowders,81082000,Import,RUSSIA,,,
2019-2020,Titanium-UnwroughtMetalPowders,81082000,Import,SWEDEN,0.05,300.0,1.2987012987012987
2019-2020,Titanium-UnwroughtMetalPowders,81082000,Import,SWITZERLAND,0.0,4.0,0.0
2019-2020,Titanium-UnwroughtMetalPowders,81082000,Import,U K,0.06,519.0,1.5584415584415583
2019-2020,Titanium-UnwroughtMetalPowders,81082000,Import,U S A,0.1,472.0,2.5974025974025974
2019-2020,Titanium-UnwroughtMetalPowders,81082000,Import,UKRAINE,1.18,140000.0,30.649350649350648
2020-2021,Titanium-UnwroughtMetalPowders,81082000,Import,BELGIUM,0.29,57676.0,5.544933078393881
2020-2021,Titanium-UnwroughtMetalPowders,81082000,Import,CANADA,,,
2020-2021,Titanium-UnwroughtMetalPowders,81082000,Import,CHINA P RP,2.0,240307.0,38.24091778202677
2020-2021,Titanium-UnwroughtMetalPowders,81082000,Import,FRANCE,0.0,2.0,0.0
2020-2021,Titanium-UnwroughtMetalPowders,81082000,Import,GERMANY,0.32,42215.0,6.118546845124283
2020-2021,Titanium-UnwroughtMetalPowders,81082000,Import,JAPAN,,,
2020-2021,Titanium-UnwroughtMetalPowders,81082000,Import,KAZAKHSTAN,0.51,75000.0,9.751434034416825
2020-2021,Titanium-UnwroughtMetalPowders,81082000,Import,NETHERLAND,0.64,75000.0,12.237093690248566
2020-2021,Titanium-UnwroughtMetalPowders,81082000,Import,RUSSIA,0.14,24700.0,2.676864244741874
2020-2021,Titanium-UnwroughtMetalPowders,81082000,Import,SWEDEN,0.05,300.0,0.9560229445506693
2020-2021,Titanium-UnwroughtMetalPowders,81082000,Import,SWITZERLAND,0.03,144.0,0.5736137667304014
2020-2021,Titanium-UnwroughtMetalPowders,81082000,Import,U K,0.0,,0.0
2020-2021,Titanium-UnwroughtMetalPowders,81082000,Import,U S A,0.03,120.0,0.5736137667304014
2020-2021,Titanium-UnwroughtMetalPowders,81082000,Import,UKRAINE,1.22,160000.0,23.326959847036328
2021-2022,Titanium-UnwroughtMetalPowders,81082000,Import,BELGIUM,,,
2021-2022,Titanium-UnwroughtMetalPowders,81082000,Import,CANADA,0.12,1000.0,1.6597510373443984
2021-2022,Titanium-UnwroughtMetalPowders,81082000,Import,CHINA P RP,0.9,154318.0,12.448132780082988
2021-2022,Titanium-UnwroughtMetalPowders,81082000,Import,FRANCE,,,
2021-2022,Titanium-UnwroughtMetalPowders,81082000,Import,GERMANY,0.02,55.0,0.276625172890733
2021-2022,Titanium-UnwroughtMetalPowders,81082000,Import,KAZAKHSTAN,0.57,75000.0,7.883817427385891
2021-2022,Titanium-UnwroughtMetalPowders,81082000,Import,NETHERLAND,0.45,60000.0,6.224066390041494
2021-2022,Titanium-UnwroughtMetalPowders,81082000,Import,RUSSIA,3.99,468560.0,55.18672199170125
2021-2022,Titanium-UnwroughtMetalPowders,81082000,Import,SWEDEN,0.03,178.0,0.4149377593360996
2021-2022,Titanium-UnwroughtMetalPowders,81082000,Import,SWITZERLAND,0.15,696.0,2.0746887966804977
2021-2022,Titanium-UnwroughtMetalPowders,81082000,Import,U K,0.56,60083.0,7.745504840940526
2021-2022,Titanium-UnwroughtMetalPowders,81082000,Import,U S A,0.12,600.0,1.6597510373443984
2021-2022,Titanium-UnwroughtMetalPowders,81082000,Import,UKRAINE,0.32,40000.0,4.426002766251728
2022-2023,Titanium-UnwroughtMetalPowders,81082000,Import,AUSTRIA,0.09,560.0,1.347305389221557
2022-2023,Titanium-UnwroughtMetalPowders,81082000,Import,CANADA,0.27,2260.0,4.041916167664671
2022-2023,Titanium-UnwroughtMetalPowders,81082000,Import,CHINA P RP,1.01,124670.0,15.119760479041917
2022-2023,Titanium-UnwroughtMetalPowders,81082000,Import,GERMANY,0.23,15425.0,3.44311377245509
2022-2023,Titanium-UnwroughtMetalPowders,81082000,Import,KAZAKHSTAN,3.02,290000.0,45.209580838323355
2022-2023,Titanium-UnwroughtMetalPowders,81082000,Import,NETHERLAND,1.06,87370.0,15.868263473053892
2022-2023,Titanium-UnwroughtMetalPowders,81082000,Import,RUSSIA,,,
2022-2023,Titanium-UnwroughtMetalPowders,81082000,Import,SINGAPORE,0.01,40.0,0.14970059880239522
2022-2023,Titanium-UnwroughtMetalPowders,81082000,Import,SWEDEN,0.05,297.0,0.7485029940119762
2022-2023,Titanium-UnwroughtMetalPowders,81082000,Import,SWITZERLAND,0.12,716.0,1.7964071856287425
2022-2023,Titanium-UnwroughtMetalPowders,81082000,Import,U ARAB EMTS,0.0,6.0,0.0
2022-2023,Titanium-UnwroughtMetalPowders,81082000,Import,U K,0.82,90509.0,12.275449101796406
2022-2023,Titanium-UnwroughtMetalPowders,81082000,Import,U S A,0.0,5.0,0.0
2022-2023,Titanium-UnwroughtMetalPowders,81082000,Import,UKRAINE,,,
2023-2024,Titanium-UnwroughtMetalPowders,81082000,Import,AUSTRIA,0.08,340.0,0.8465608465608466
2023-2024,Titanium-UnwroughtMetalPowders,81082000,Import,CANADA,0.43,3560.0,4.550264550264551
2023-2024,Titanium-UnwroughtMetalPowders,81082000,Import,CHINA P RP,6.43,657770.0,68.04232804232805
2023-2024,Titanium-UnwroughtMetalPowders,81082000,Import,GERMANY,0.17,660.0,1.7989417989417993
2023-2024,Titanium-UnwroughtMetalPowders,81082000,Import,ITALY,0.0,80.0,0.0
2023-2024,Titanium-UnwroughtMetalPowders,81082000,Import,KAZAKHSTAN,1.61,180000.0,17.037037037037038
2023-2024,Titanium-UnwroughtMetalPowders,81082000,Import,NETHERLAND,0.1,15000.0,1.0582010582010584
2023-2024,Titanium-UnwroughtMetalPowders,81082000,Import,RUSSIA,0.34,49960.0,3.5978835978835986
2023-2024,Titanium-UnwroughtMetalPowders,81082000,Import,SINGAPORE,,,
2023-2024,Titanium-UnwroughtMetalPowders,81082000,Import,SWEDEN,0.02,100.0,0.21164021164021166
2023-2024,Titanium-UnwroughtMetalPowders,81082000,Import,SWITZERLAND,0.22,1012.0,2.3280423280423284
2023-2024,Titanium-UnwroughtMetalPowders,81082000,Import,U ARAB EMTS,,,
2023-2024,Titanium-UnwroughtMetalPowders,81082000,Import,U K,0.04,1393.0,0.4232804232804233
2023-2024,Titanium-UnwroughtMetalPowders,81082000,Import,U S A,0.01,180.0,0.10582010582010583
2024-2025,Titanium-UnwroughtMetalPowders,81082000,Import,AUSTRIA,0.01,40.0,0.06934812760055478
2024-2025,Titanium-UnwroughtMetalPowders,81082000,Import,CANADA,0.61,4580.0,4.230235783633842
2024-2025,Titanium-UnwroughtMetalPowders,81082000,Import,CHINA P RP,9.48,931347.0,65.74202496532594
2024-2025,Titanium-UnwroughtMetalPowders,81082000,Import,GERMANY,0.01,40.0,0.06934812760055478
2024-2025,Titanium-UnwroughtMetalPowders,81082000,Import,ITALY,,,
2024-2025,Titanium-UnwroughtMetalPowders,81082000,Import,JAPAN,0.4,75000.0,2.7739251040221915
2024-2025,Titanium-UnwroughtMetalPowders,81082000,Import,KAZAKHSTAN,0.76,120000.0,5.270457697642163
2024-2025,Titanium-UnwroughtMetalPowders,81082000,Import,NETHERLAND,0.81,149877.0,5.617198335644938
2024-2025,Titanium-UnwroughtMetalPowders,81082000,Import,RUSSIA,0.67,104952.0,4.64632454923717
2024-2025,Titanium-UnwroughtMetalPowders,81082000,Import,SAUDI ARAB,1.53,108000.0,10.610263522884884
2024-2025,Titanium-UnwroughtMetalPowders,81082000,Import,SWEDEN,,,
2024-2025,Titanium-UnwroughtMetalPowders,81082000,Import,SWITZERLAND,0.13,584.0,0.9015256588072124
2024-2025,Titanium-UnwroughtMetalPowders,81082000,Import,U K,0.0,,0.0
2024-2025,Titanium-UnwroughtMetalPowders,81082000,Import,U S A,0.01,45.0,0.06934812760055478
